replicate,pa_dataset_macro_mean_over_oz,nvp_dataset_macro_mean_over_oz,paired_dataset_macro_delta
0,0.08521496212328789,0.08709050914067872,-0.00187554701739083
1,0.0930006594450686,0.08933052351339411,0.0036701359316744925
2,0.08630186749158462,0.07892666880996875,0.007375198681615874
3,0.08788762649426363,0.08775346401785734,0.00013416247640628265
4,0.09235817211799112,0.08861470367553928,0.003743468442451839
5,0.08492554711848088,0.08221560576166408,0.0027099413568168057
6,0.093438019638804,0.08981198773980739,0.003626031898996615
7,0.08472689404473968,0.08374995281272267,0.0009769412320170118
8,0.0947052654234807,0.09173088575930155,0.0029743796641791553
9,0.100727831940642,0.09736826717505807,0.003359564765583925
10,0.0876758517239711,0.08665044194822692,0.0010254097757441821
11,0.08620925383082578,0.08521458178574216,0.0009946720450836194
12,0.08769682205874531,0.08414430814978442,0.003552513908960886
13,0.09099870198257189,0.08845385421585884,0.002544847766713043
14,0.09343498292393301,0.09032414448773107,0.0031108384362019403
15,0.09955114545594822,0.0952185444221772,0.004332601033771019
16,0.08896985011614124,0.0860491324476981,0.0029207176684431374
17,0.08336430565950513,0.0797028010291622,0.0036615046303429266
18,0.09622715225977986,0.09430948136047611,0.0019176708993037528
19,0.09448920536069506,0.0897685018973388,0.004720703463356263
20,0.08079338504986275,0.07907211910361465,0.0017212659462480934
21,0.09254290305711743,0.0871634781024134,0.005379424954704032
22,0.08296080140419902,0.0835535447737374,-0.0005927433695383788
23,0.0951529098972131,0.0944064533264064,0.0007464565708067
24,0.09512659728453204,0.09075648985763464,0.004370107426897404
25,0.09188033318377048,0.08964866581819032,0.002231667365580156
26,0.07571974642919198,0.07222181111267116,0.003497935316520817
27,0.09998346024190137,0.09541237329596373,0.004571086945937636
28,0.07446739184314277,0.07499824116908445,-0.0005308493259416763
29,0.08510838554431675,0.08143490678844198,0.0036734787558747733
30,0.09217747290065069,0.08732925201381198,0.004848220886838714
31,0.08334815657198062,0.08005413924244925,0.0032940173295313707
32,0.08397118823935623,0.082017760038536,0.0019534282008202286
33,0.08246463519856799,0.07964553431570978,0.002819100882858208
34,0.08678992313845105,0.08608367155969247,0.0007062515787585738
35,0.09180407097664814,0.0893277065535144,0.002476364423133745
36,0.09261914001869742,0.08868289198607293,0.00393624803262449
37,0.09636300374214607,0.0917593168573123,0.004603686884833771
38,0.10559297360002991,0.10058525272638055,0.0050077208736493545
39,0.08777273087809409,0.08637807362209296,0.0013946572560011306
40,0.08736276123492076,0.08556036761918269,0.001802393615738071
41,0.08695532431309537,0.08880807392149206,-0.0018527496083966949
42,0.08093487718166917,0.07662472446712747,0.004310152714541701
43,0.08830911398815827,0.08467736106729729,0.0036317529208609867
44,0.08901721869834897,0.08637266698760156,0.0026445517107474142
45,0.09667960020626289,0.09490854874921636,0.0017710514570465213
46,0.07931084400377597,0.0763087677085351,0.003002076295240866
47,0.09386204973761643,0.08919761191221955,0.004664437825396883
48,0.08985365793060635,0.08796564387879532,0.0018880140518110211
49,0.09246844638928116,0.08970899357743571,0.0027594528118454476
50,0.07674804872654244,0.07311010233051841,0.003637946396024022
51,0.09727836533953493,0.09149721799772233,0.005781147341812606
52,0.09281352325098455,0.09258396662943033,0.00022955662155421663
53,0.09778204895438677,0.09440442474291254,0.0033776242114742366
54,0.09885317232236726,0.09611727498930595,0.0027358973330613157
55,0.0866772362491976,0.08647667069328932,0.00020056555590827752
56,0.08180475452933945,0.07995678748604847,0.0018479670432909878
57,0.09231427249467042,0.09100352452540908,0.0013107479692613389
58,0.08930868012334049,0.08555606283766896,0.003752617285671528
59,0.08155350026548384,0.0851978312132384,-0.0036443309477545566
60,0.10869215413276184,0.10648064926696321,0.0022115048657986303
61,0.09474125694754647,0.09433995376507488,0.00040130318247158514
62,0.09060616216559697,0.08317141384948121,0.0074347483161157635
63,0.10277507107605321,0.1018334753108969,0.0009415957651563167
64,0.08880240185629158,0.08436231036452871,0.004440091491762874
65,0.07496458361384134,0.07639651722171237,-0.0014319336078710276
66,0.08380934229631848,0.08315665220882422,0.0006526900874942593
67,0.08869165270912432,0.0871198420087979,0.0015718107003264287
68,0.08891336544724812,0.0865044292016918,0.0024089362455563257
69,0.0852032535191108,0.08336226726743884,0.0018409862516719638
70,0.08411188965014516,0.08180068658218526,0.0023112030679598994
71,0.10052937390714767,0.09712035706551353,0.003409016841634138
72,0.10113880249329468,0.09656787590831342,0.004570926584981261
73,0.08265893026304146,0.07993362607028615,0.0027253041927553096
74,0.08892069959442626,0.08692194820784403,0.0019987513865822315
75,0.08814180784689103,0.08395606003733126,0.00418574780955977
76,0.08569456635744954,0.08277676649091503,0.0029177998665345095
77,0.08940620893777972,0.08716631006386084,0.002239898873918872
78,0.09157336764893374,0.08823605959498022,0.0033373080539535194
79,0.08486558094052023,0.08565173455666501,-0.0007861536161447857
80,0.0847733445318311,0.08272364314203727,0.002049701389793823
81,0.089980190836044,0.08900967305945803,0.0009705177765859663
82,0.07749841951706538,0.07525706579696105,0.002241353720104325
83,0.091397341316951,0.08753074458019222,0.003866596736758779
84,0.08283897590249932,0.08327943802688775,-0.0004404621243884327
85,0.07253316854040498,0.07680506676419072,-0.004271898223785736
86,0.0905825276980348,0.08873451226432058,0.0018480154337142257
87,0.08577271267690512,0.08565981497956099,0.00011289769734412758
88,0.09489523741459041,0.09260722355662647,0.0022880138579639414
89,0.07820759727270016,0.07689077622060164,0.0013168210520985157
90,0.09314557299616984,0.0903794101672456,0.0027661628289242374
91,0.07580542203260478,0.07593022133191356,-0.00012479929930878098
92,0.09518867592444077,0.09210413340016681,0.003084542524273967
93,0.08608099353859218,0.08494428220737903,0.0011367113312131527
94,0.08657453790099916,0.08645178355091925,0.0001227543500799122
95,0.0882214148168476,0.08820008708027206,2.1327736575538214e-05
96,0.08783489647505811,0.08593303362808372,0.0019018628469743976
97,0.09099628073649697,0.08689208129429057,0.004104199442206399
98,0.08564750032462236,0.08333469459187788,0.0023128057327444773
99,0.09305875936767734,0.09329062569183377,-0.00023186632415643504
100,0.08833828475441863,0.08269667213056371,0.005641612623854916
101,0.09020865402499595,0.08900751651440128,0.0012011375105946687
102,0.09418186453048899,0.0910940236729427,0.0030878408575462923
103,0.08752083178972261,0.0865140769629261,0.0010067548267965187
104,0.09021883962659355,0.08520452480044409,0.00501431482614946
105,0.09802094136097231,0.0973163812653287,0.000704560095643611
106,0.08916216926450024,0.0850244429156563,0.004137726348843934
107,0.09354442553456553,0.09367530403372179,-0.00013087849915625893
108,0.08915236134202431,0.08589358596382331,0.0032587753782010037
109,0.09427834810575178,0.09045638286027194,0.0038219652454798414
110,0.08331629601164085,0.08098931728364268,0.002326978727998169
111,0.07998682005289409,0.07908519347396957,0.000901626578924522
112,0.08619153754402988,0.0838491632487458,0.0023423742952840693
113,0.08972605813776748,0.08761128026882357,0.002114777868943901
114,0.0895530504624553,0.08920935479277461,0.0003436956696806909
115,0.08737645623310028,0.08150890271084107,0.005867553522259206
116,0.08616114347715316,0.0843463822258523,0.0018147612513008532
117,0.09387172600322381,0.09140468836196898,0.0024670376412548323
118,0.08171084396394171,0.07995303465985844,0.0017578093040832715
119,0.08552891915066252,0.08452707821604366,0.0010018409346188584
120,0.09694627538833478,0.09319698606458024,0.00374928932375454
121,0.09196792869143633,0.09127602943325952,0.0006918992581768091
122,0.08992078932986548,0.08330399110000286,0.006616798229862622
123,0.08605964262944331,0.08443204943737187,0.0016275931920714387
124,0.09038238242047934,0.08694935395131734,0.0034330284691620055
125,0.0903469695940618,0.08614308824865394,0.004203881345407862
126,0.09437933181515284,0.08511701003460342,0.00926232178054942
127,0.08215138490244911,0.08279292827187161,-0.0006415433694225009
128,0.10242821013696986,0.10065301861973545,0.0017751915172344035
129,0.07916844810541673,0.07827451549544609,0.0008939326099706435
130,0.0855555596452864,0.08460150274020564,0.0009540569050807551
131,0.0939388650319965,0.09325375227130486,0.0006851127606916363
132,0.08604680825845687,0.08266087839921321,0.003385929859243658
133,0.09924289419706273,0.09751933034491683,0.001723563852145893
134,0.08283297345256464,0.08252932324108456,0.000303650211480086
135,0.08957183869953789,0.08959748971657493,-2.565101703703998e-05
136,0.0928886941264045,0.09057769387697429,0.00231100024943022
137,0.10341395196053162,0.10201130480024793,0.001402647160283682
138,0.08356960203001346,0.08412139351714279,-0.0005517914871293328
139,0.07720582267494894,0.07501153603600072,0.0021942866389482174
140,0.08284040549144785,0.08207751038832731,0.0007628951031205394
141,0.08360226594216284,0.08091444458534183,0.00268782135682101
142,0.09052466562887819,0.087037833235952,0.003486832392926187
143,0.0833008479024498,0.0859926176128208,-0.0026917697103709948
144,0.0977157536222132,0.09793418719158636,-0.00021843356937316372
145,0.08297481104061025,0.08529113011660028,-0.002316319075990031
146,0.09517084261452008,0.0954411764729103,-0.0002703338583902176
147,0.09562048280319962,0.09560328081654337,1.7201986656251167e-05
148,0.08555506567356867,0.08172905820941659,0.003826007464152084
149,0.08783581497999635,0.08537395570567818,0.002461859274318162
150,0.09672164955534406,0.09289869415849654,0.003822955396847516
151,0.08215954204416404,0.08140470419892883,0.0007548378452352095
152,0.09956857139567042,0.09349594666564903,0.006072624730021389
153,0.08558711924868136,0.08661905063024139,-0.0010319313815600334
154,0.08690139070195219,0.08605919197892337,0.0008421987230288197
155,0.08458840004518506,0.0816616928601822,0.002926707185002861
156,0.08952780404473114,0.0873057020765704,0.0022221019681607362
157,0.09732471015569392,0.09416156278804494,0.0031631473676489857
158,0.07969830832567727,0.07958027973638508,0.00011802858929219062
159,0.09132019194228544,0.08688700799197344,0.004433183950312003
160,0.0969277899101453,0.0948830143080882,0.002044775602057111
161,0.09028754560085951,0.08726047719623567,0.003027068404623842
162,0.09632696426909708,0.09117551657579143,0.0051514476933056524
163,0.08743935395742486,0.08594838738123037,0.0014909665761944912
164,0.09067465523576859,0.0908300408138127,-0.00015538557804410658
165,0.09405424327132542,0.09371695993092989,0.000337283340395525
166,0.09155676093032396,0.0873483661569193,0.004208394773404664
167,0.08919588566217883,0.08824576878185147,0.0009501168803273535
168,0.08124384891607309,0.08220851781215932,-0.0009646688960862349
169,0.0805414044964849,0.08027066334700834,0.00027074114947656103
170,0.0907182611777854,0.08693871592598001,0.0037795452518053912
171,0.0870465045785262,0.08475892125085,0.0022875833276762014
172,0.07077944196999761,0.07561596444817167,-0.004836522478174066
173,0.09285036771749733,0.08938724389401662,0.0034631238234807127
174,0.09018804311228724,0.0875776646823752,0.002610378429912047
175,0.09322894110953331,0.09080685079333661,0.0024220903161966956
176,0.08393568825867143,0.08175651676691796,0.002179171491753465
177,0.09028899042030665,0.0874032304612982,0.0028857599590084437
178,0.08646973374192002,0.08458545098040575,0.0018842827615142693
179,0.0889242723312113,0.08618936021884283,0.0027349121123684678
180,0.09046666788601977,0.08655696517557121,0.003909702710448562
181,0.09396182038247294,0.09054825742069914,0.0034135629617738084
182,0.08507586260379005,0.08184888419924112,0.0032269784045489275
183,0.08938309343694642,0.09085178075984705,-0.001468687322900633
184,0.08940057344720305,0.0893315382160759,6.903523112715415e-05
185,0.07577461325557955,0.07540487711837321,0.000369736137206339
186,0.08477531029551391,0.0847869211528,-1.1610857286084575e-05
187,0.08167076322727583,0.08197945787233774,-0.0003086946450619049
188,0.07639548773023178,0.07299484707232867,0.0034006406579031034
189,0.09882151968802383,0.09754458477175458,0.0012769349162692484
190,0.09146140054544773,0.0891634996550196,0.0022979008904281256
191,0.09058874431442543,0.08554399835416952,0.005044745960255906
192,0.086516744166291,0.08402536201131897,0.0024913821549720355
193,0.09323838862072681,0.09150462787294297,0.0017337607477838357
194,0.09174070180081617,0.08997165209113228,0.0017690497096838897
195,0.09295000817356416,0.09000819234293306,0.002941815830631106
196,0.08117215482184068,0.0797527394274871,0.001419415394353571
197,0.09003351377722513,0.08902882758281162,0.0010046861944135038
198,0.08879591809567376,0.08731026308082386,0.0014856550148499015
199,0.08681754303165774,0.08133309342770703,0.005484449603950711
200,0.10934672049257624,0.10629796307933254,0.0030487574132437023
201,0.09870553127820306,0.09321340679953728,0.005492124478665775
202,0.08700872037093228,0.0838687950100953,0.003139925360836987
203,0.09510331810436169,0.09503309574425331,7.022236010838234e-05
204,0.09304838625505804,0.09070364421744952,0.0023447420376085243
205,0.09041248979220536,0.09032229585238942,9.019393981593571e-05
206,0.0956312021291214,0.0953398923295312,0.0002913097995902031
207,0.08571233219702974,0.08719966159911305,-0.0014873294020833067
208,0.07689364020515024,0.07629710328282716,0.0005965369223230876
209,0.08424530975991562,0.08483772638939491,-0.0005924166294792865
210,0.08330394001342098,0.08287218399383992,0.00043175601958106435
211,0.09111488789402224,0.08731125172302791,0.003803636170994329
212,0.08644644962096287,0.08584762932124658,0.0005988202997162934
213,0.08747150009520178,0.08736873687224098,0.00010276322296080831
214,0.08930926056321063,0.08812468746672728,0.0011845730964833573
215,0.08748714172956785,0.08551250445444625,0.0019746372751216074
216,0.07431606411217292,0.07389456519251635,0.0004214989196565794
217,0.07444094686606147,0.07239067556233957,0.002050271303721901
218,0.09314238915145732,0.09191546169686403,0.0012269274545932962
219,0.08364474763675385,0.08311558237470303,0.0005291652620508236
220,0.0875885508389251,0.08459338949395329,0.002995161344971811
221,0.09210452037350812,0.08679541541966108,0.005309104953847038
222,0.08680022554712233,0.08246362121577559,0.004336604331346736
223,0.09304442088647802,0.08873565480702321,0.004308766079454809
224,0.08988971411463437,0.08747839912671555,0.002411314987918814
225,0.094841081199729,0.0910938465065234,0.003747234693205606
226,0.08499117874572322,0.08501159334031952,-2.041459459629913e-05
227,0.0894947452922441,0.08777609159663376,0.0017186536956103476
228,0.08773162395354756,0.08554339424784685,0.002188229705700706
229,0.0888849212972828,0.08816586135101366,0.0007190599462691405
230,0.10155438200952223,0.09675311736998425,0.004801264639537978
231,0.07882686795074885,0.07817843217189552,0.0006484357788533318
232,0.08829652353482474,0.08358164519805061,0.004714878336774128
233,0.09657352142018906,0.09660006222868583,-2.654080849677498e-05
234,0.08991388726242816,0.08927077605126983,0.0006431112111583287
235,0.09226763414475808,0.08964120613975707,0.0026264280050010136
236,0.08444557517938638,0.08468299253787118,-0.00023741735848480106
237,0.09374327535029706,0.09296557477670267,0.0007777005735943865
238,0.0811738326587765,0.08261204277154983,-0.0014382101127733277
239,0.08720256756370183,0.0907295081588522,-0.0035269405951503657
240,0.08481113292085453,0.08206818833257262,0.0027429445882819065
241,0.09464755972766975,0.09142864398173371,0.003218915745936038
242,0.09185042854382128,0.08550546269999458,0.006344965843826697
243,0.11083099696441939,0.107129492393683,0.003701504570736397
244,0.09275350514572972,0.0900210974773146,0.002732407668415121
245,0.09325365089237907,0.09056555869655167,0.002688092195827399
246,0.09548211333034326,0.09228771845281104,0.0031943948775322167
247,0.10237311478956164,0.09850424148419579,0.0038688733053658525
248,0.09355435917825279,0.0916760412204909,0.001878317957761888
249,0.08488440542500686,0.08044176321125085,0.0044426422137560095
250,0.09912219638514333,0.09543557246406906,0.0036866239210742724
251,0.08769740152021123,0.08641168893600223,0.001285712584208995
252,0.07752608773183334,0.07581504739869371,0.001711040333139624
253,0.0814780966446912,0.07928445338453607,0.0021936432601551287
254,0.08957720377412053,0.08738025977716239,0.002196943996958134
255,0.08239455786710018,0.08092434087864636,0.0014702169884538152
256,0.0807877164484931,0.0784829011103989,0.0023048153380941933
257,0.08740816664060531,0.0836608693524922,0.0037472972881131134
258,0.08936019746427859,0.08336138355312962,0.0059988139111489674
259,0.09665437626499866,0.09294263441017177,0.0037117418548268943
260,0.09981515886711778,0.09652462635612964,0.0032905325109881395
261,0.09074678905264312,0.09092743187660453,-0.00018064282396140774
262,0.0907420799692171,0.08916063833214541,0.00158144163707169
263,0.09183716534349456,0.09128265570683146,0.0005545096366631058
264,0.0894105043331782,0.08921472275690025,0.000195781576277948
265,0.08726422814236752,0.08383619001257601,0.0034280381297915052
266,0.09109423575997062,0.09146723003655506,-0.0003729942765844374
267,0.08786524958572893,0.08978389423393571,-0.001918644648206777
268,0.0819502606251327,0.08031452159416823,0.0016357390309644781
269,0.09639480847740947,0.09514997725808313,0.0012448312193263367
270,0.08801111525342684,0.08919660417390035,-0.0011854889204735153
271,0.08574667110986578,0.08469702074193562,0.0010496503679301578
272,0.08845124980433626,0.08556374043781281,0.002887509366523447
273,0.0888463863161749,0.08775325946637262,0.001093126849802284
274,0.08946639308137998,0.08718295552426575,0.002283437557114229
275,0.0900743614291737,0.08538621711305332,0.004688144316120385
276,0.09065576772768241,0.09019335650634472,0.0004624112213376941
277,0.08698695316912967,0.08281409081664139,0.004172862352488288
278,0.08726976211504107,0.08481931905625134,0.0024504430587897336
279,0.08819485548663132,0.0855039136954945,0.002690941791136825
280,0.09460120592996152,0.09286647660917802,0.0017347293207835013
281,0.08803010719270561,0.0853170731707502,0.0027130340219554128
282,0.08746156161503295,0.08857479190070684,-0.001113230285673894
283,0.0890948662441367,0.08705693075255744,0.002037935491579268
284,0.08937230561622696,0.08725103956831809,0.002121266047908868
285,0.08712424715323873,0.082795370960725,0.004328876192513723
286,0.089684505275029,0.08978010574877558,-9.560047374658487e-05
287,0.09110397556445955,0.08678646382229438,0.004317511742165173
288,0.0873939465863224,0.08630106053002577,0.0010928860562966214
289,0.0913829344641154,0.08848594131627899,0.0028969931478364103
290,0.09051853226124644,0.08750504878464388,0.0030134834766025603
291,0.08711257895027022,0.08575721910953649,0.001355359840733733
292,0.08375301741699162,0.08278889830902673,0.0009641191079648864
293,0.08535362954511937,0.08553512196715914,-0.00018149242203976956
294,0.08267699811466424,0.0809382068051839,0.0017387913094803337
295,0.09028551983921186,0.08927057229714411,0.001014947542067754
296,0.09462487466662606,0.09278542755411055,0.0018394471125155049
297,0.10020642452918374,0.09536937695193272,0.004837047577251022
298,0.09546878302266318,0.09371279849229734,0.0017559845303658367
299,0.0889775969308472,0.08862962806379844,0.0003479688670487563
300,0.09510669917854547,0.09226509218127882,0.0028416069972666547
301,0.0868843991605865,0.08743507803076742,-0.0005506788701809123
302,0.08987449820948314,0.08621661589038106,0.0036578823191020793
303,0.08239515298985789,0.0806055141912067,0.001789638798651183
304,0.08161829222985131,0.07997180396174954,0.0016464882681017784
305,0.08930240567783201,0.08492682498499068,0.00437558069284133
306,0.09220157761529797,0.08908629948851819,0.0031152781267797802
307,0.08809264823783904,0.08434782168364194,0.0037448265541970976
308,0.08941826608875195,0.08835162597325241,0.0010666401154995342
309,0.08889774459754012,0.08626581109533903,0.0026319335022010892
310,0.08546712585731908,0.08919960899316097,-0.003732483135841888
311,0.10016150461225751,0.0971833821697378,0.002978122442519701
312,0.09595776404307178,0.09533239290986183,0.0006253711332099565
313,0.0903220760729003,0.08876003289370597,0.0015620431791943251
314,0.08833634844494452,0.08492693338528061,0.0034094150596639117
315,0.09933289979046359,0.09513502461940876,0.004197875171054827
316,0.08861523747420395,0.09031141697204588,-0.0016961794978419265
317,0.0818187027127767,0.08290537619851118,-0.0010866734857344768
318,0.08892661989473237,0.08433626823456457,0.004590351660167802
319,0.08096819406029426,0.0805175921908966,0.0004506018693976599
320,0.08493598299889243,0.07794171795456782,0.006994265044324613
321,0.09000802386346651,0.08665646156291869,0.003351562300547825
322,0.08435635283996211,0.0825021788818726,0.0018541739580895111
323,0.09064778918064886,0.09092794555614114,-0.0002801563754922798
324,0.10356809452062889,0.09893573181194992,0.004632362708678964
325,0.08428275320970842,0.08249925200298919,0.0017835012067192318
326,0.09049045833262513,0.08720749535948336,0.003282962973141776
327,0.07386627574438288,0.07684701961127774,-0.0029807438668948555
328,0.0928037335234214,0.08893812964298797,0.0038656038804334297
329,0.0825179437060734,0.0815679844572731,0.0009499592488003
330,0.09367219535577612,0.0910613301182644,0.0026108652375117225
331,0.09404834565377208,0.08925277536212955,0.004795570291642529
332,0.08544464770447914,0.08183514653866618,0.0036095011658129617
333,0.09658408238297865,0.09331014421854052,0.003273938164438134
334,0.09042247776550968,0.08405096783068312,0.006371509934826561
335,0.09798942969990775,0.09428284523401143,0.0037065844658963204
336,0.08900593934564953,0.08744649998589274,0.0015594393597567896
337,0.08981717320615021,0.08689359009765701,0.002923583108493194
338,0.08093839550091698,0.07901512151949099,0.0019232739814259991
339,0.08780596410757908,0.08767160094022958,0.0001343631673495077
340,0.09310775524818617,0.08867058716046813,0.0044371680877180325
341,0.09026013257676964,0.08523862459367752,0.005021507983092116
342,0.09682890348681768,0.09597831738181156,0.0008505861050061153
343,0.08408914119089092,0.08245456795985635,0.0016345732310345668
344,0.08529517735414602,0.08897557954314503,-0.00368040218899901
345,0.08856418424979375,0.08801989822055642,0.0005442860292373258
346,0.09244795503657949,0.08901914971440923,0.003428805322170256
347,0.09017046054625319,0.08790293500522249,0.002267525541030699
348,0.09308121119395583,0.08887957367792348,0.00420163751603235
349,0.09153383243163062,0.08827744501762308,0.003256387414007536
350,0.08888220095193056,0.08489259693748641,0.003989604014444148
351,0.09237531797070961,0.08891704840864528,0.0034582695620643256
352,0.08537303044116086,0.08679640336580743,-0.0014233729246465737
353,0.08733703858875876,0.08305787110109834,0.0042791674876604124
354,0.09148237376986251,0.08932694741502961,0.002155426354832901
355,0.09114093851827687,0.08642719295665613,0.004713745561620741
356,0.09048914100744965,0.08861362963352006,0.001875511373929592
357,0.0926840840196421,0.08819028675010045,0.004493797269541647
358,0.09613806056617909,0.09460426308277026,0.0015337974834088303
359,0.08600293136096666,0.08489661518831974,0.0011063161726469206
360,0.09549805891766966,0.09217022560774372,0.0033278333099259344
361,0.08596909489500812,0.08434500325673205,0.001624091638276065
362,0.08918610088918684,0.08821507353513763,0.0009710273540492059
363,0.09711322146084334,0.09456174883207429,0.00255147262876905
364,0.09307227783319214,0.09133966320051219,0.0017326146326799435
365,0.09063482534586137,0.08945210203022973,0.0011827233156316425
366,0.08782402530890121,0.08948183687650127,-0.0016578115676000593
367,0.07989957979427482,0.0758261333596697,0.004073446434605124
368,0.08545726496199146,0.08657218972635981,-0.0011149247643683496
369,0.09184202971723908,0.08942367795074754,0.002418351766491536
370,0.09019092528283792,0.08479530368920701,0.0053956215936309115
371,0.08904031544190977,0.08572073395938919,0.003319581482520581
372,0.09553773861727628,0.08953328015011702,0.00600445846715926
373,0.0769423871451821,0.07518877498521935,0.001753612159962753
374,0.08822147238637765,0.08505801605159596,0.0031634563347816835
375,0.07622881440641359,0.07769447358654832,-0.0014656591801347346
376,0.08295429520773061,0.08147319987081277,0.0014810953369178426
377,0.10535106782983772,0.09988520549475897,0.005465862335078744
378,0.10113996217109653,0.09787683114325661,0.0032631310278399134
379,0.0901923500615889,0.08704901132614266,0.003143338735446241
380,0.09016237095967843,0.08478362291881812,0.005378748040860304
381,0.09180328875216541,0.08816419561066184,0.0036390931415035688
382,0.09005684092882332,0.08654294358204372,0.003513897346779607
383,0.09466094028744926,0.09282253982543653,0.0018384004620127237
384,0.09577170769933771,0.09394164140671347,0.0018300662926242356
385,0.0983994617563295,0.09262613332712821,0.005773328429201294
386,0.10409862470691592,0.09668109611954508,0.007417528587370839
387,0.08950212680275899,0.08650957788609269,0.002992548916666296
388,0.08625839752659083,0.08475912019067032,0.001499277335920507
389,0.09388921291474175,0.09203089244705896,0.001858320467682792
390,0.08379798027914415,0.08371601295291346,8.196732623068359e-05
391,0.08983000986449824,0.0882797731707478,0.0015502366937504425
392,0.08439580412722322,0.08396610068002233,0.00042970344720089093
393,0.08305620758528176,0.07853646451399418,0.00451974307128758
394,0.09974609883803712,0.09878118645636173,0.0009649123816753841
395,0.0790093036180443,0.07926373495140615,-0.0002544313333618514
396,0.0845587127705768,0.0804548135042179,0.004103899266358901
397,0.08840700692684866,0.08915593715036653,-0.0007489302235178658
398,0.08664252922900689,0.08541626644743171,0.0012262627815751853
399,0.08640645334483757,0.08197304209839883,0.004433411246438743
400,0.09932446931925226,0.0956136502256982,0.0037108190935540575
401,0.09562833428070686,0.09448021107228656,0.0011481232084202958
402,0.0963760966229323,0.09338670347822133,0.0029893931447109723
403,0.0910870521625765,0.08698375887917209,0.004103293283404405
404,0.08001976916700652,0.07530278695079451,0.004716982216212015
405,0.09114570780454516,0.08503969745647755,0.0061060103480676114
406,0.07471687108664694,0.07401909147956093,0.0006977796070860159
407,0.09143992520439255,0.08561750213147311,0.0058224230729194415
408,0.08415732334858081,0.08179402828450553,0.0023632950640752742
409,0.09609256248876297,0.09897747202037117,-0.002884909531608207
410,0.09728973901037302,0.09341379589187715,0.0038759431184958726
411,0.08852082544046641,0.08589664735109975,0.0026241780893666578
412,0.09297199385759926,0.08841922388332708,0.004552769974272175
413,0.09034730242614464,0.08898465165688683,0.0013626507692578033
414,0.07548086280268596,0.0747261619050048,0.0007547008976811487
415,0.08865900508744168,0.08583786805281865,0.002821137034623028
416,0.08503246158869768,0.08266859842758258,0.002363863161115101
417,0.08960961628199071,0.08892424364993734,0.0006853726320533715
418,0.08672722018828052,0.08658908804980081,0.00013813213847971295
419,0.094592761639645,0.09235418142521654,0.002238580214428465
420,0.08972230782549283,0.0878484821382168,0.0018738256872760234
421,0.08003471167830455,0.07709669455046897,0.0029380171278355766
422,0.10070005716445238,0.09560785741858831,0.0050921997458640705
423,0.09435460220271333,0.08959829502906103,0.004756307173652302
424,0.10888657397215831,0.10571818969988085,0.0031683842722774608
425,0.08399601924062125,0.07852080613527701,0.00547521310534424
426,0.08729339301012305,0.08341391627868174,0.003879476731441317
427,0.09346536700209965,0.09190943863428111,0.0015559283678185376
428,0.08369429119109835,0.08541025584127004,-0.0017159646501716946
429,0.08358664347499643,0.07977247612538894,0.003814167349607489
430,0.07850515222210477,0.07815851250464806,0.00034663971745671485
431,0.09578502208281049,0.09203526896194295,0.0037497531208675466
432,0.08236604285612205,0.07730198725693435,0.005064055599187697
433,0.09227256292857713,0.089604250647032,0.0026683122815451404
434,0.09122262224408727,0.08783252573798014,0.0033900965061071237
435,0.08139095759247832,0.08104359567421598,0.00034736191826233165
436,0.08670443759425386,0.08215208279430457,0.004552354799949296
437,0.09490176907607074,0.09521526832032412,-0.0003134992442533763
438,0.0961514623372592,0.09072470173627052,0.005426760600988678
439,0.09270854513935518,0.08977866851913904,0.0029298766202161403
440,0.08819081720954033,0.0871285009199122,0.0010623162896281346
441,0.09367180163013407,0.09001747399405394,0.003654327636080132
442,0.10544669078792214,0.10017089427683225,0.005275796511089892
443,0.0884243030610279,0.0859351778205199,0.002489125240507997
444,0.08255365003234526,0.0829547238672017,-0.0004010738348564358
445,0.0851503098154067,0.08188592146566946,0.0032643883497372322
446,0.1042011045745136,0.10503043756638794,-0.0008293329918743347
447,0.08996165688872199,0.08569381860156174,0.00426783828716025
448,0.09013246297340553,0.08529094623824154,0.004841516735163989
449,0.08415281448909623,0.08301520980107212,0.0011376046880241103
450,0.08440740546420798,0.0848597299724852,-0.00045232450827721593
451,0.0926100097885162,0.08776832254163272,0.004841687246883483
452,0.08549608877131243,0.08347395522307549,0.0020221335482369374
453,0.09065436986684604,0.08591635097389999,0.004738018892946047
454,0.09478207258351538,0.08988903813921761,0.00489303444429777
455,0.07845041638460254,0.0741747259359663,0.004275690448636238
456,0.09071293128000786,0.0885625058166523,0.0021504254633555597
457,0.09263552563621855,0.09134793811545314,0.0012875875207654097
458,0.08325363402204027,0.08317259566462505,8.103835741521404e-05
459,0.08855862397540779,0.08562965792353741,0.002928966051870374
460,0.09080366566813348,0.0916905005789474,-0.0008868349108139134
461,0.09962606711601955,0.0952817566744824,0.004344310441537158
462,0.09260477023561399,0.08917267656209561,0.003432093673518377
463,0.08892582105680319,0.08729188106540718,0.0016339399913960079
464,0.09011072566680756,0.09002760418644293,8.312148036462852e-05
465,0.09137440630138122,0.08788342753170716,0.0034909787696740524
466,0.08860109525049448,0.08375533981297761,0.004845755437516863
467,0.08560182554088189,0.08271399106211103,0.002887834478770862
468,0.09059868877325387,0.08555568558491604,0.005043003188337836
469,0.08406931579562205,0.0803556272491781,0.0037136885464439523
470,0.08403988415010437,0.0853537210419946,-0.0013138368918902271
471,0.09492980692814527,0.09202844574053372,0.0029013611876115564
472,0.08266509264871129,0.08457127770693082,-0.001906185058219531
473,0.09199024351624216,0.08734137575824456,0.004648867757997596
474,0.0868859291158598,0.08527807744616679,0.0016078516696930029
475,0.0844909692415258,0.08739103104717387,-0.0029000618056480715
476,0.0913043843587565,0.0908322424488375,0.00047214190991899663
477,0.08335875266915618,0.07676964250007251,0.006589110169083673
478,0.07831183313475132,0.07933158118078759,-0.001019748046036273
479,0.09053466639992101,0.08807883329167726,0.002455833108243752
480,0.07918882913396687,0.07978646886383399,-0.0005976397298671221
481,0.08651294900440078,0.09147765142732829,-0.004964702422927514
482,0.09195785224777563,0.08770362366809037,0.004254228579685257
483,0.08380485457365826,0.08282796710385355,0.0009768874698047048
484,0.0886352414186433,0.08570206216407701,0.0029331792545662927
485,0.08151889931936071,0.08251713733917877,-0.0009982380198180624
486,0.10013031033420679,0.09554029393230795,0.004590016401898836
487,0.0975178366081461,0.09307794483823247,0.004439891769913634
488,0.08175517652462687,0.07868938989408739,0.0030657866305394826
489,0.09716916774689054,0.09297318408257443,0.0041959836643161025
490,0.09446313005887173,0.09407695750878252,0.00038617255008921436
491,0.10898099332850736,0.10698910873332457,0.0019918845951827913
492,0.08503164601903877,0.08596304308262148,-0.000931397063582709
493,0.08511068925912156,0.08424330675556561,0.0008673825035559468
494,0.0860197708858031,0.08741250552412784,-0.001392734638324733
495,0.08736242837810612,0.08473474781303958,0.0026276805650665425
496,0.07890653245042067,0.08146910103156212,-0.0025625685811414417
497,0.08768186790772926,0.0856269526133371,0.002054915294392168
498,0.07712722426027144,0.07857764659131188,-0.001450422331040438
499,0.09559922674240404,0.09239176384023459,0.0032074629021694445
500,0.09431132310193337,0.09028400335066974,0.004027319751263622
501,0.0858839105098731,0.08576948451237054,0.00011442599750255411
502,0.07477103369586048,0.07703790423966782,-0.0022668705438073367
503,0.08930664604417965,0.08808062848014345,0.0012260175640362025
504,0.08897418669620062,0.08527128867895208,0.003702898017248546
505,0.08394222824935407,0.0785019620806676,0.005440266168686467
506,0.09245058863223808,0.08956953167402502,0.0028810569582130574
507,0.09861535893537354,0.09369299397311441,0.004922364962259132
508,0.07924244818182152,0.07332123483647089,0.005921213345350632
509,0.0806281327531017,0.08349620228363513,-0.0028680695305334375
510,0.09098115517603714,0.08990384099317238,0.0010773141828647609
511,0.08332489665925993,0.08171208378805753,0.001612812871202407
512,0.0940106478511646,0.09459953459909386,-0.000588886747929257
513,0.0943149159469959,0.09241092021050536,0.0019039957364905408
514,0.09174820392891858,0.08866378484431572,0.0030844190846028574
515,0.08558821368758827,0.08191899081357205,0.0036692228740162203
516,0.08016370424772667,0.0812824303823173,-0.0011187261345906307
517,0.10262351357391762,0.10024834148779553,0.0023751720861220904
518,0.08481476620048212,0.08506334472332944,-0.0002485785228473203
519,0.09651663766877755,0.09408416504245223,0.002432472626325316
520,0.09372353908475492,0.09347551787083369,0.000248021213921229
521,0.09288177792590267,0.08928958537547328,0.0035921925504293906
522,0.09273018167422425,0.08927552707763663,0.003454654596587628
523,0.08830507350717813,0.08673110902805535,0.0015739644791227803
524,0.08868691447506197,0.08390662624586989,0.004780288229192076
525,0.08909501599677032,0.08754303738673593,0.0015519786100343935
526,0.09401921168445496,0.09184453373694425,0.0021746779475107086
527,0.07743127609592836,0.07906893838492728,-0.00163766228899892
528,0.08967721829785177,0.08545818824602333,0.004219030051828443
529,0.08794105500195067,0.08594363652454122,0.001997418477409446
530,0.07640462036648678,0.07696826731942967,-0.0005636469529428922
531,0.09963460926787505,0.0986197985090897,0.0010148107587853589
532,0.08376281450664896,0.08485236744431404,-0.001089552937665078
533,0.09054192643604692,0.08575707978740632,0.004784846648640595
534,0.08812079306386747,0.08867348078961641,-0.0005526877257489432
535,0.09049855455584363,0.08650088209976448,0.003997672456079154
536,0.09954005726359945,0.09742364945990516,0.0021164078036942924
537,0.09228283676029611,0.09020757098820296,0.002075265772093146
538,0.10091600540154146,0.09571341108749208,0.005202594314049375
539,0.08549271609503527,0.08217493073072808,0.0033177853643071853
540,0.08023368402949801,0.08175806225340765,-0.0015243782239096337
541,0.08355567845224918,0.08443068806604768,-0.0008750096137985081
542,0.09095736876575887,0.08765483417183247,0.003302534593926404
543,0.08526495350216531,0.08831874358520553,-0.0030537900830402143
544,0.08836091138532015,0.08343002109811495,0.004930890287205197
545,0.09393241672708838,0.09205257434283733,0.0018798423842510542
546,0.09553397580123127,0.09518949622917561,0.0003444795720556615
547,0.09337741430303104,0.0916209706632122,0.0017564436398188332
548,0.08514493520849684,0.08407903822298438,0.00106589698551246
549,0.0895692246855869,0.08862731320544025,0.0009419114801466483
550,0.09147611841385558,0.08578001970791214,0.005696098705943439
551,0.10224731619181802,0.09956117888822663,0.0026861373035913932
552,0.08412874751219776,0.08292981900168546,0.001198928510512301
553,0.0967888046624215,0.09522672011190578,0.0015620845505157216
554,0.08357930572363673,0.08418639943927311,-0.0006070937156363865
555,0.08089662601394368,0.07985312529372895,0.001043500720214724
556,0.09232142426227653,0.08997525953270474,0.0023461647295717897
557,0.08073181573704725,0.08125954624616936,-0.0005277305091221096
558,0.08019886332684138,0.07662066776486895,0.003578195561972433
559,0.0829025474594627,0.08269108358298545,0.00021146387647724696
560,0.0875088043442299,0.08476785591229591,0.0027409484319339955
561,0.08871772212224195,0.08964208961476562,-0.00092436749252367
562,0.09373558042944063,0.0918227016601174,0.0019128787693232369
563,0.08644815903110306,0.08637098223906844,7.717679203461669e-05
564,0.08707159816769283,0.08600774804547681,0.0010638501222160202
565,0.0830349353962881,0.08121399739225856,0.0018209380040295486
566,0.08540845528203621,0.08288758503132898,0.0025208702507072273
567,0.07874573720493667,0.07716994757596625,0.0015757896289704254
568,0.08573498745824733,0.08222934779899091,0.003505639659256418
569,0.07734081875573187,0.07752371609601276,-0.0001828973402808881
570,0.09465606575645635,0.09129236393169947,0.0033637018247568845
571,0.08532002930244988,0.08255844829377458,0.0027615810086752957
572,0.0930320855384405,0.08829926026987604,0.004732825268564458
573,0.0985409175760646,0.09136968058542848,0.007171236990636126
574,0.09416864994563771,0.09409317598428249,7.54739613552241e-05
575,0.07937528628203691,0.08040868710145618,-0.0010334008194192723
576,0.0824237640199822,0.07875007049264347,0.003673693527338734
577,0.09183108147132871,0.09085035122191235,0.0009807302494163617
578,0.08901228354234153,0.08674974321070708,0.0022625403316344495
579,0.0885027272855979,0.083857977712243,0.004644749573354895
580,0.07946064216292392,0.07934491180890856,0.00011573035401536702
581,0.10010224564085494,0.09624060243577696,0.0038616432050779803
582,0.09177107018108376,0.09052233290549816,0.0012487372755855958
583,0.09298332447517475,0.09080670346347348,0.0021766210117012685
584,0.09059197348712889,0.08658584999938415,0.004006123487744734
585,0.08639992989168448,0.08400581123256837,0.0023941186591161095
586,0.07796459323824526,0.07787630458596302,8.828865228223404e-05
587,0.08297851342850554,0.07870736110794935,0.004271152320556193
588,0.09214730180725976,0.09020385153728605,0.0019434502699737094
589,0.08689362554699501,0.08264134030810705,0.0042522852388879595
590,0.10296919040312703,0.09945611850094446,0.0035130719021825713
591,0.08579165089870493,0.08213999052455963,0.003651660374145299
592,0.0871748849726811,0.08597895058788273,0.0011959343847983694
593,0.09334877906107866,0.09276415316887326,0.0005846258922053982
594,0.09476095104334262,0.09102918713696347,0.0037317639063791513
595,0.09311564869212924,0.0889433263141395,0.004172322377989743
596,0.08492817540755422,0.0831121848093787,0.0018159905981755264
597,0.08924588395264292,0.0859105541472883,0.0033353298053546143
598,0.09472881988799321,0.0955769385832311,-0.00084811869523789
599,0.08948648997030678,0.08764957311602785,0.0018369168542789333
600,0.08808020383918626,0.08600653080371654,0.0020736730354697225
601,0.08238155516509388,0.07535878845524627,0.007022766709847611
602,0.08505832466567499,0.08143298132705387,0.0036253433386211203
603,0.08100457432756095,0.081722446639841,-0.0007178723122800573
604,0.09300082398279513,0.09308389833307212,-8.30743502769904e-05
605,0.09044744868946075,0.0878015278791236,0.0026459208103371545
606,0.09477512083411962,0.09345454971837905,0.0013205711157405764
607,0.08700873571595374,0.08160730236900977,0.005401433346943971
608,0.08305583119880748,0.08135527546248524,0.0017005557363222457
609,0.09249674942651383,0.08835641379177446,0.004140335634739367
610,0.08054702180331648,0.07896541933819748,0.0015816024651190003
611,0.08324524552554091,0.08028806316283274,0.0029571823627081717
612,0.10026119883493369,0.09584829115726926,0.004412907677664432
613,0.08887245395249664,0.08664845229653532,0.0022240016559613163
614,0.09800897447725523,0.09259427156901605,0.005414702908239186
615,0.07946412754019785,0.07803054329478179,0.001433584245416064
616,0.09430921895657339,0.08877284035404324,0.005536378602530145
617,0.09311358628784519,0.09016097965971422,0.0029526066281309743
618,0.09262898566177893,0.08771047839536072,0.0049185072664182095
619,0.09007986483693137,0.08635817654699514,0.0037216882899362286
620,0.08511851378649603,0.08714806978373796,-0.0020295559972419303
621,0.0860055240221254,0.08160925088874924,0.004396273133376163
622,0.09999664612350477,0.09514376020124715,0.004852885922257619
623,0.0899468624215892,0.08920069859120897,0.0007461638303802309
624,0.09205572589866613,0.09198624353763704,6.948236102909122e-05
625,0.08656236594119042,0.08576057129607897,0.0008017946451114449
626,0.08964385586994808,0.08688978303151897,0.002754072838429114
627,0.08708257177100182,0.08401055767395675,0.0030720140970450643
628,0.09298785347371934,0.09203992995499755,0.000947923518721791
629,0.09385548893409056,0.0906918189839375,0.0031636699501530613
630,0.09443711621897684,0.09151096813065529,0.002926148088321548
631,0.09197300289145763,0.088121967164215,0.00385103572724263
632,0.09077452817945902,0.0908533313916232,-7.88032121641774e-05
633,0.09091421779772586,0.09247580023337386,-0.0015615824356479957
634,0.08948994728500737,0.08686108782056798,0.002628859464439387
635,0.09461710600833917,0.09148918583858673,0.0031279201697524406
636,0.09545846672986075,0.09434712194436166,0.0011113447854990827
637,0.09073311179821744,0.0880416274366522,0.002691484361565244
638,0.08336072719428822,0.08081809372553704,0.0025426334687511792
639,0.08722445837021063,0.08580484354109055,0.0014196148291200777
640,0.08219328886882216,0.08394555623110539,-0.001752267362283233
641,0.09725637078486632,0.09281940841967125,0.004436962365195071
642,0.09386764690946847,0.09514346633188828,-0.001275819422419805
643,0.07495985590879757,0.07232737990375525,0.0026324760050423224
644,0.08874730876998739,0.08478779404108483,0.003959514728902561
645,0.08327341372231652,0.08372154307891835,-0.00044812935660183684
646,0.07793043010559575,0.07934511299798462,-0.0014146828923888716
647,0.08757875552220135,0.08425321823184559,0.0033255372903557567
648,0.09530718498442552,0.09418617719138403,0.001121007793041487
649,0.08916148707517646,0.08526075638812629,0.003900730687050172
650,0.1020342910507157,0.0981578516896496,0.003876439361066089
651,0.09363777479919957,0.08865367757952317,0.004984097219676409
652,0.10639202768738806,0.1009675258157696,0.00542450187161847
653,0.09002899310642079,0.08715513435509546,0.0028738587513253283
654,0.08348413310930476,0.08011127431433776,0.0033728587949670014
655,0.08522085287391692,0.08395026997970247,0.0012705828942144587
656,0.08441053555243334,0.08151613057751123,0.0028944049749221185
657,0.09441867977188564,0.09339167668772824,0.0010270030841574018
658,0.0797595784861574,0.08342062689474633,-0.0036610484085889267
659,0.08457489263479363,0.08178046783391753,0.0027944248008761052
660,0.08724782392633273,0.08569312933205518,0.001554694594277553
661,0.09478277829195614,0.09267811058950762,0.0021046677024485205
662,0.08549408293099217,0.08329015838646667,0.002203924544525504
663,0.08284689805548871,0.08194559144902946,0.0009013066064592484
664,0.0867474322350318,0.08484419517437235,0.0019032370606594518
665,0.08496455215195176,0.08602094446230366,-0.0010563923103519002
666,0.08916363568997827,0.08530486845322051,0.0038587672367577652
667,0.08791534190964834,0.08444112798121474,0.0034742139284335977
668,0.08518125602315436,0.08530971484390311,-0.0001284588207487447
669,0.08171238494864567,0.07907072260782866,0.0026416623408170165
670,0.0885262927703471,0.08661283409924574,0.0019134586711013618
671,0.09944078442058185,0.09614594180584561,0.0032948426147362403
672,0.0950689621826785,0.09260401378632552,0.0024649483963529867
673,0.1050809561042239,0.10090700168753154,0.004173954416692355
674,0.08815870759305866,0.09143390620730427,-0.0032751986142456058
675,0.09018777905698441,0.08554617929650073,0.004641599760483686
676,0.08671210844529312,0.08626201928955476,0.0004500891557383535
677,0.09318853891591339,0.0924539410318488,0.0007345978840645889
678,0.09470651162725498,0.09347030714050483,0.0012362044867501448
679,0.08733809849688336,0.08804633077408658,-0.0007082322772032218
680,0.09458890363037246,0.09132914541557446,0.0032597582147980003
681,0.08971456977455745,0.09028313839257049,-0.000568568618013035
682,0.08656682353498145,0.08677075420667629,-0.00020393067169484358
683,0.09802006573643127,0.0951217974530759,0.0028982682833553625
684,0.08856957257236714,0.08457715169829683,0.003992420874070313
685,0.09040349408357232,0.08946889020776444,0.0009346038758078767
686,0.0863512158921492,0.08556318732479708,0.0007880285673521198
687,0.09668161525668494,0.09270800287293862,0.003973612383746314
688,0.08547064530415999,0.0851801105027202,0.0002905348014397846
689,0.09679310438788438,0.093432842641892,0.0033602617459923823
690,0.09849184282940693,0.09509485173936882,0.003396991090038104
691,0.08671842908848339,0.08554135955310783,0.0011770695353755523
692,0.09334501873383726,0.09070754278418106,0.002637475949656201
693,0.10193170735995798,0.09966801476308737,0.002263692596870606
694,0.08571909069168293,0.08526721342069601,0.00045187727098691677
695,0.09179424059044125,0.08823535897043842,0.0035588816200028267
696,0.10015348601723559,0.09502022999016417,0.005133256027071417
697,0.08360075709299923,0.08206804951194566,0.0015327075810535745
698,0.09359261648706896,0.0915374521670813,0.0020551643199876596
699,0.08003006813999118,0.07812951074527819,0.0019005573947129956
700,0.09018946775185399,0.086770811069505,0.003418656682348989
701,0.09512855541504603,0.09179971507597612,0.0033288403390699106
702,0.09942313405350017,0.09360611860264058,0.0058170154508595945
703,0.08621779527042156,0.08020140996072161,0.006016385309699945
704,0.08743650590616703,0.08272947038180184,0.0047070355243651885
705,0.09251988900195893,0.0904906944458682,0.002029194556090727
706,0.08774420702630899,0.0849935856475036,0.0027506213788053846
707,0.0959684819729735,0.09372907948572144,0.0022394024872520596
708,0.09390511094735295,0.0958089139095309,-0.0019038029621779584
709,0.0875322889682116,0.08610023056458085,0.0014320584036307399
710,0.08979477745683583,0.0889850816015143,0.0008096958553215211
711,0.0861789020703328,0.08782201126386713,-0.0016431091935343312
712,0.09131008709220159,0.09358572906682135,-0.002275641974619755
713,0.09026754409997739,0.0926756737049351,-0.002408129604957704
714,0.08750143902325401,0.08613495408741409,0.0013664849358399206
715,0.08895057864713915,0.0869925104779892,0.0019580681691499513
716,0.09616369775294438,0.09573477299232085,0.0004289247606235336
717,0.09604911561924602,0.09303617922793155,0.0030129363913144747
718,0.09523050655616284,0.09211170367402038,0.00311880288214246
719,0.08502620179248871,0.07839530400574071,0.006630897786747997
720,0.07815859924762136,0.08062390860181386,-0.0024653093541924936
721,0.08882372152533669,0.08534458069115955,0.0034791408341771357
722,0.09362918063407001,0.08950108784526067,0.004128092788809337
723,0.09532001531436368,0.09338686824433175,0.0019331470700319348
724,0.10089559321072228,0.09886534545063132,0.0020302477600909613
725,0.07585450659252974,0.07554566609591169,0.000308840496618043
726,0.0878212671479793,0.08827435068179018,-0.0004530835338108774
727,0.08927058023125875,0.08378971138548887,0.0054808688457698845
728,0.0782469013841627,0.07972878277365425,-0.0014818813894915545
729,0.09401801981186006,0.0907841968834129,0.0032338229284471637
730,0.09892727625531436,0.0967743562762897,0.002152919979024656
731,0.08164591849671496,0.0806827739416158,0.0009631445550991602
732,0.08938853310768018,0.08572417159099757,0.0036643615166826043
733,0.09050212678691684,0.09068222171137982,-0.00018009492446298403
734,0.10504318735885138,0.10167494717352354,0.003368240185327831
735,0.10815269494441956,0.105730536608841,0.0024221583355785586
736,0.09358491962906369,0.08715757065820554,0.006427348970858157
737,0.09028908477325226,0.08793367013837299,0.0023554146348792743
738,0.10184923514926637,0.09944189985584773,0.002407335293418647
739,0.09588472849353932,0.09481361136007281,0.001071117133466512
740,0.09121989239029926,0.08976800638185371,0.0014518860084455493
741,0.09042953897324868,0.08911766153224943,0.001311877440999254
742,0.0862354514004866,0.08681155243233807,-0.0005761010318514614
743,0.09543750914026014,0.09078176215963903,0.004655746980621114
744,0.09901499744719922,0.09652698002024955,0.002488017426949665
745,0.08234860185960047,0.0784441883446592,0.0039044135149412657
746,0.0983164246426977,0.09695278008820113,0.0013636445544965708
747,0.08479108116019293,0.08370664246298712,0.001084438697205814
748,0.08880336187345574,0.08560198596938716,0.0032013759040685763
749,0.08811501835668828,0.08639620714846295,0.0017188112082253265
750,0.09732731753047812,0.09209788724651183,0.005229430283966288
751,0.08199255732844717,0.0821491251858744,-0.00015656785742723667
752,0.08428369911700287,0.08209881658586791,0.0021848825311349546
753,0.09829988904204832,0.09369118182970358,0.0046087072123447426
754,0.0786261864098393,0.07484805410434833,0.0037781323054909693
755,0.09346201639496635,0.09249726743056282,0.0009647489644035306
756,0.0844081364998212,0.08008885122974754,0.004319285270073664
757,0.08789551413225215,0.08598837210037488,0.0019071420318772653
758,0.09109524512276343,0.08573288979830676,0.005362355324456669
759,0.08733058328847802,0.08766645842409196,-0.0003358751356139361
760,0.07283102666333324,0.06948146923540957,0.0033495574279236717
761,0.09086132008327004,0.08801954057043157,0.0028417795128384687
762,0.09204080547474376,0.08842451760267121,0.003616287872072549
763,0.09909115649388173,0.09635505230174604,0.0027361041921356855
764,0.10277152898265038,0.1007496972319373,0.0020218317507130767
765,0.08324902367539608,0.08458953343448164,-0.001340509759085562
766,0.08925131017304475,0.08677319938944017,0.0024781107836045757
767,0.09441211879911224,0.09377256070636567,0.0006395580927465727
768,0.08299379646254207,0.0794991618462353,0.003494634616306766
769,0.08275370412156627,0.07903586880870797,0.0037178353128582975
770,0.08394315680943537,0.08333137769342427,0.0006117791160110964
771,0.08626168210523508,0.08191140360201733,0.004350278503217744
772,0.10616085518030466,0.10184597415775952,0.004314881022545139
773,0.09657705743805411,0.09492870590182832,0.0016483515362257922
774,0.08680003551055608,0.08352815757804755,0.003271877932508535
775,0.08743462870060822,0.08528820914366635,0.002146419556941878
776,0.09930488893917908,0.0970823240685541,0.002222564870624971
777,0.09029399961904408,0.08960403620160419,0.00068996341743989
778,0.0911703821488006,0.08938206462656687,0.00178831752223374
779,0.09478669128912164,0.09236900444209492,0.002417686847026715
780,0.08705541787013757,0.085312766367059,0.0017426515030785628
781,0.0815721997707047,0.07767347458261825,0.003898725188086455
782,0.0937952263815998,0.0910387690746061,0.002756457306993698
783,0.08670707003771977,0.08273665053311667,0.003970419504603098
784,0.09574987304393677,0.09269050382584831,0.0030593692180884563
785,0.09086194820455444,0.0845655936576831,0.006296354546871344
786,0.08549322014099192,0.08528169061651458,0.00021152952447733853
787,0.08457664444620416,0.08332151945758465,0.001255124988619516
788,0.08328970521753509,0.08018168000347384,0.003108025214061255
789,0.07977703133442393,0.07497812224505902,0.004798909089364908
790,0.09636068288132542,0.09177382197088593,0.004586860910439486
791,0.09371813409052272,0.09133049391157505,0.0023876401789476726
792,0.09395454096977292,0.09044995168715182,0.0035045892826210956
793,0.08291458973852942,0.08041450510694839,0.0025000846315810232
794,0.09736345858322641,0.09344566093269857,0.003917797650527841
795,0.07902978073774794,0.07991240488496858,-0.000882624147220637
796,0.09190712050272704,0.08821642625942176,0.003690694243305273
797,0.09328241024385951,0.09287724266034857,0.00040516758351094584
798,0.08551658997033001,0.08719386351073992,-0.0016772735404099043
799,0.09642626832822744,0.09446769061809857,0.0019585777101288754
800,0.09283784144441211,0.08828008620103858,0.004557755243373526
801,0.09065259097808816,0.08638216207318788,0.0042704289049002725
802,0.09486707825650997,0.09199371771907863,0.002873360537431341
803,0.08157648047449534,0.07940991009972528,0.002166570374770055
804,0.08136737634298777,0.08068953187571791,0.0006778444672698586
805,0.08951467959544468,0.08552357558658952,0.003991104008855162
806,0.08803192314703852,0.08792029865876476,0.00011162448827375937
807,0.10020378609654315,0.09961386086258373,0.0005899252339594263
808,0.08977783494843161,0.08810826570292174,0.001669569245509872
809,0.09211597393803655,0.08574295564194345,0.0063730182960931026
810,0.08550161223016411,0.08449461598277062,0.0010069962473934907
811,0.07473953957561198,0.07625137770424649,-0.0015118381286345073
812,0.0863778852321247,0.08035714814419011,0.006020737087934588
813,0.10107500526904974,0.0979386263224865,0.0031363789465632397
814,0.08889569505336108,0.08793997135328467,0.0009557237000764052
815,0.08136623622418125,0.08073328387526207,0.0006329523489191774
816,0.09275710060902499,0.08827073209395585,0.004486368515069145
817,0.08890468272078676,0.0862997652053869,0.00260491751539986
818,0.08427208292890113,0.08145048685929855,0.0028215960696025832
819,0.0963810783075889,0.09319085157156067,0.003190226736028229
820,0.088206416216616,0.08606899862189428,0.002137417594721719
821,0.08970443487946836,0.08779521010853168,0.0019092247709366766
822,0.09882300330704451,0.09480769237962225,0.004015310927422258
823,0.09424770042415456,0.08896953004514947,0.00527817037900509
824,0.09791122899429748,0.09725679338586801,0.0006544356084294684
825,0.09644931955620054,0.0922191893851513,0.004230130171049229
826,0.08009570042628322,0.0793279185602334,0.0007677818660498242
827,0.09598550161762029,0.09144344504524482,0.004542056572375469
828,0.09601434673714097,0.09133424991208984,0.004680096825051133
829,0.08923109176312902,0.0877632585318721,0.0014678332312569181
830,0.0840743202642515,0.08576633674108707,-0.0016920164768355617
831,0.08561120549562715,0.08317479229893242,0.0024364131966947283
832,0.07837668470027827,0.07579145694730625,0.0025852277529720136
833,0.08343614720676831,0.08045725338088407,0.0029788938258842462
834,0.09433302783420751,0.09130853032189104,0.003024497512316468
835,0.09640232183963487,0.09354804332310651,0.0028542785165283635
836,0.09091971839010621,0.08854860339871279,0.0023711149913934193
837,0.09097933101920284,0.08989240877709169,0.0010869222421111546
838,0.09866232618007723,0.09643635818588392,0.0022259679941933064
839,0.0822614749839171,0.08082649876691728,0.0014349762169998254
840,0.0864953232603725,0.08435123353809956,0.0021440897222729377
841,0.08715496782131626,0.08621409096018005,0.0009408768611362112
842,0.09465057983740131,0.09705812141431358,-0.002407541576912267
843,0.0938367159091205,0.08885498809484835,0.004981727814272155
844,0.09827919053445565,0.09514428534036436,0.003134905194091292
845,0.09730433452771126,0.0937375751908644,0.0035667593368468586
846,0.09547084523394445,0.09266936861750898,0.0028014766164354693
847,0.08879858859623918,0.08633693476003353,0.0024616538362056545
848,0.08685112539530396,0.08555032835655962,0.0013007970387443335
849,0.09413363440485199,0.09220150786624932,0.0019321265386026687
850,0.07456115608600365,0.07855185514135216,-0.003990699055348504
851,0.09363462731032472,0.09296041580651761,0.000674211503807115
852,0.08161005979543726,0.08414403730579278,-0.0025339775103555284
853,0.08066699081593597,0.08268900881482454,-0.00202201799888857
854,0.08637686115613477,0.08454205580371985,0.0018348053524149255
855,0.09003747362552596,0.08329731169114164,0.0067401619343843144
856,0.08903613572725423,0.08739847537341955,0.0016376603538346829
857,0.09409919933060164,0.093350772612713,0.0007484267178886339
858,0.09566784739454257,0.09088582362786446,0.004782023766678106
859,0.08672970387602161,0.08452890512669838,0.0022007987493232323
860,0.08986058368394631,0.08606142419282459,0.003799159491121723
861,0.08637228204174645,0.08028662371101371,0.0060856583307327405
862,0.09702205637136602,0.09447646316024004,0.0025455932111259766
863,0.08357656086127024,0.07978451624542214,0.003792044615848103
864,0.08257009955419876,0.08182704741763978,0.0007430521365589804
865,0.08822520725418065,0.08973388131775033,-0.0015086740635696788
866,0.09800889673628647,0.09421471340668724,0.0037941833295992294
867,0.08645533178022935,0.0833833379729173,0.0030719938073120456
868,0.08420816286678826,0.07894379401507824,0.0052643688517100135
869,0.08832691342090103,0.08976985504961033,-0.001442941628709296
870,0.09380579915488758,0.09312358930640739,0.000682209848480192
871,0.08853100497965306,0.0888763348288294,-0.0003453298491763318
872,0.09329114485229827,0.0890392792490755,0.004251865603222771
873,0.0841388907232334,0.0817557456077135,0.0023831451155199024
874,0.0879157559917587,0.08416331071186071,0.003752445279897987
875,0.09148561590131178,0.08615367705752344,0.005331938843788339
876,0.09177124499059265,0.09577849596011896,-0.00400725096952631
877,0.09014906729344911,0.08932079327361783,0.0008282740198312794
878,0.08669779107049615,0.08290543933366804,0.0037923517368281118
879,0.07426559198289287,0.07648996986507813,-0.002224377882185255
880,0.08885659052441706,0.08824609182498008,0.0006104986994369815
881,0.09487288276390558,0.09524614723329047,-0.0003732644693848902
882,0.09167581692714681,0.08856875474479452,0.0031070621823522937
883,0.09820770873288415,0.09703269032997743,0.0011750184029067218
884,0.0891128785046286,0.08560910734421101,0.0035037711604175847
885,0.08685161950874018,0.08690425053373126,-5.263102499107608e-05
886,0.09430368716252586,0.08720414105209029,0.007099546110435576
887,0.09201757527016753,0.08759552612657337,0.004422049143594162
888,0.08897893425772904,0.08554091079292495,0.0034380234648040964
889,0.09142097543015493,0.08798644068892712,0.0034345347412278043
890,0.08077380079067718,0.08309970741270081,-0.0023259066220236296
891,0.08066408688413723,0.08194080186534344,-0.0012767149812062117
892,0.088807769472602,0.08643097397306991,0.0023767954995320834
893,0.08135966471019705,0.08016615404042163,0.0011935106697754244
894,0.08991497192464662,0.08926811490100078,0.000646857023645836
895,0.09522069988069193,0.0924063741335154,0.0028143257471765215
896,0.09437373100164673,0.0914960034915529,0.002877727510093825
897,0.08826525233297361,0.08849467202726956,-0.00022941969429594866
898,0.08628671105326077,0.08118208419795621,0.005104626855304564
899,0.0927421929872154,0.08953822184947922,0.0032039711377361696
900,0.08671845964392104,0.08715349416453251,-0.0004350345206114714
901,0.08621186857612564,0.0880047238682836,-0.0017928552921579605
902,0.08870295436323743,0.0839873890204306,0.0047155653428068295
903,0.0941919319645843,0.09066567140908907,0.0035262605554952225
904,0.09047750074837875,0.09041551715327542,6.198359510332929e-05
905,0.08925877293119756,0.08238280676480714,0.0068759661663904265
906,0.08608755607324613,0.0835272065262743,0.0025603495469718324
907,0.08798034121252628,0.08753453016735546,0.0004458110451708158
908,0.09210844235488977,0.08983521096101105,0.002273231393878722
909,0.08762990578716472,0.08266507267787075,0.004964833109293965
910,0.08442276375136001,0.08397070404266303,0.00045205970869698076
911,0.08040388185783638,0.07919735733317526,0.0012065245246611206
912,0.0861491607222118,0.08141812799586226,0.004731032726349546
913,0.09291569431497564,0.09055835328487936,0.0023573410300962716
914,0.10720639966731077,0.10415849185365493,0.0030479078136558396
915,0.08052266311435721,0.07849337238296189,0.0020292907313953223
916,0.08644621593395255,0.08418559740860587,0.002260618525346675
917,0.09425262921817404,0.09102563072775413,0.003226998490419908
918,0.10552739326644191,0.10074949783841466,0.004777895428027243
919,0.0868064307041956,0.08187327474976124,0.0049331559544343595
920,0.09155324394168272,0.08893320601839885,0.0026200379232838716
921,0.07136981273497178,0.07328214233725461,-0.0019123296022828251
922,0.08808618347866096,0.08168682909885475,0.00639935437980621
923,0.0844990502673174,0.08090189796226858,0.003597152305048812
924,0.08897957516995238,0.08646784167630507,0.0025117334936473057
925,0.09681940239144331,0.09648961007907658,0.0003297923123667251
926,0.08773899687310031,0.08572787537177125,0.002011121501329066
927,0.08772777806524895,0.0857642832610129,0.001963494804236049
928,0.09559185345283758,0.09417654445088668,0.0014153090019509013
929,0.08062078776923176,0.07903790159260056,0.0015828861766312013
930,0.09202808211862602,0.09082553577770437,0.0012025463409216508
931,0.08863918774291807,0.0915166715161709,-0.002877483773252837
932,0.0893419977400558,0.08397427810679678,0.005367719633259022
933,0.09991206127209658,0.09671350018779061,0.0031985610843059675
934,0.09135732971889436,0.08946439058960257,0.0018929391292917958
935,0.08725141274741365,0.08654780667632345,0.0007036060710901987
936,0.08890049738307525,0.08734058664105546,0.0015599107420197905
937,0.09826661200092458,0.09456552252694157,0.0037010894739830102
938,0.08174647031422783,0.08059425362260626,0.0011522166916215631
939,0.08230030364734658,0.08038942174751545,0.0019108818998311294
940,0.09298418048723388,0.08855098560210514,0.004433194885128736
941,0.08059611608202288,0.07605221443706324,0.004543901644959644
942,0.07879053242260463,0.0747954695105924,0.003995062912012223
943,0.10000078822941169,0.09741545704362732,0.0025853311857843703
944,0.08836250020599881,0.08786342589062066,0.0004990743153781563
945,0.09647580865169039,0.09808650843062244,-0.001610699778932051
946,0.09287834726022876,0.0908471170426633,0.0020312302175654606
947,0.08530521074382649,0.08154120741423684,0.003764003329589649
948,0.08728867820842467,0.08595920292243456,0.001329475285990117
949,0.09322262936360307,0.09016075926854823,0.0030618700950548333
950,0.08822956223924078,0.08381547273098246,0.00441408950825832
951,0.0969806122418204,0.09256912616434121,0.004411486077479196
952,0.09488618086019071,0.09229524585717218,0.0025909350030185324
953,0.09299611585276212,0.09375480690483841,-0.0007586910520762935
954,0.08663317925603904,0.08682635026653591,-0.00019317101049687313
955,0.08945840630065979,0.0865885784570657,0.002869827843594089
956,0.08612249061042859,0.08582883429098181,0.00029365631944677784
957,0.08446283259887422,0.08642397785711067,-0.0019611452582364575
958,0.10922725878012092,0.10568846960994063,0.003538789170180287
959,0.0918338401875569,0.09163266167578592,0.000201178511770983
960,0.09316047749277215,0.09139678433020551,0.0017636931625666374
961,0.09313513370433418,0.08972670077002222,0.003408432934311964
962,0.08606322456230434,0.08230011459429902,0.0037631099680053154
963,0.09435650711950194,0.09268144434813909,0.0016750627713628535
964,0.09029949982911506,0.08859516534361965,0.0017043344854954096
965,0.09899303903132005,0.09502929009862217,0.00396374893269788
966,0.100610224908444,0.0960546779002796,0.004555547008164393
967,0.09082412066321274,0.08748550644146086,0.0033386142217518844
968,0.08749319195864351,0.08360906844084307,0.0038841235178004446
969,0.09184705725795606,0.08782008860788784,0.004026968650068213
970,0.0860414838228291,0.08079760855209847,0.005243875270730627
971,0.09508987042570667,0.09720839452379298,-0.0021185240980863135
972,0.08368711432146467,0.08423396137562153,-0.0005468470541568626
973,0.08957715243864135,0.0879441020600523,0.001633050378589046
974,0.09055397388377576,0.0885004761630932,0.0020534977206825566
975,0.09517395261519374,0.09288701762145228,0.0022869349937414546
976,0.09545315371528504,0.0938962437986785,0.0015569099166065359
977,0.08665776647497181,0.08545528705187136,0.0012024794231004499
978,0.09594493040226083,0.09149071601818648,0.004454214384074354
979,0.08266200809938026,0.08216207675094488,0.0004999313484353868
980,0.07918744686324013,0.08234011295761899,-0.0031526660943788642
981,0.07929246083169998,0.07701014019812238,0.0022823206335775975
982,0.08656110539784242,0.08455841088729694,0.00200269451054548
983,0.08438259361128339,0.08151691041712049,0.002865683194162902
984,0.0773497566466299,0.07512331000827485,0.0022264466383550424
985,0.09174306967020696,0.0911507525406327,0.0005923171295742491
986,0.08046460164361287,0.0817315331980037,-0.0012669315543908377
987,0.08830278314995363,0.08762913174511643,0.0006736514048372028
988,0.08819474739015411,0.08481137063415524,0.003383376755998868
989,0.08925019804766095,0.08826560251441996,0.000984595533240984
990,0.09240229427696078,0.08995939315742839,0.002442901119532395
991,0.0919827823222085,0.08683128378402322,0.0051514985381852785
992,0.08875271685231687,0.08356933305487164,0.005183383797445221
993,0.10202128255066913,0.09787330508768119,0.004147977462987937
994,0.09334140180512551,0.09489984523463017,-0.0015584434295046606
995,0.08394065358696584,0.08621572952276493,-0.0022750759357990924
996,0.08437412612431108,0.08190244290644748,0.0024716832178636045
997,0.09603565683667241,0.09188008858855107,0.004155568248121341
998,0.09072522650214987,0.08731462655557429,0.003410599946575582
999,0.09118965486602927,0.09143710720751677,-0.00024745234148750017
1000,0.09361505838489123,0.09157819003135986,0.002036868353531368
1001,0.0913641317748958,0.08868310183178439,0.00268102994311141
1002,0.09730799317186437,0.09535030649300247,0.0019576866788618974
1003,0.08828061555575556,0.08682174952142432,0.0014588660343312354
1004,0.08661045469218662,0.08513030858488595,0.00148014610730067
1005,0.0816358049007743,0.08018147524812207,0.0014543296526522281
1006,0.09481750289090805,0.09037719356564497,0.004440309325263084
1007,0.10124066455285258,0.09789669316589708,0.0033439713869554966
1008,0.09102253489632607,0.08911580389631052,0.0019067310000155518
1009,0.07539429954695044,0.07565346969573868,-0.00025917014878823474
1010,0.10603924364271125,0.10108888473859133,0.00495035890411992
1011,0.08412154320454285,0.08012820996047464,0.003993333244068212
1012,0.07911723713969095,0.07614697669260675,0.0029702604470841915
1013,0.0887905262539763,0.08811525874250817,0.0006752675114681389
1014,0.0765964610207282,0.08094273599372967,-0.004346274973001468
1015,0.09488918273447416,0.09290399194845478,0.0019851907860193863
1016,0.08119032513911904,0.0799983667284573,0.0011919584106617476
1017,0.08400278353812099,0.082601516773432,0.001401266764688991
1018,0.08889002152879877,0.0873223531014171,0.001567668427381666
1019,0.0797076069224016,0.08164908070110698,-0.001941473778705377
1020,0.08783195753808826,0.08358224085843859,0.0042497166796496705
1021,0.09661033788356928,0.09304744151937686,0.003562896364192422
1022,0.08778781177154256,0.08993941500462979,-0.002151603233087232
1023,0.09754146199532994,0.09501352569846165,0.0025279362968682884
1024,0.08833575387861918,0.0806858522494471,0.007649901629172076
1025,0.0790982671925592,0.07560646627181805,0.0034918009207411532
1026,0.08983112719761645,0.08956903223078798,0.0002620949668284689
1027,0.08509150554982439,0.08325456988871278,0.0018369356611116078
1028,0.08126756855634241,0.07900970115506661,0.002257867401275801
1029,0.08632599652698018,0.08307648166229101,0.0032495148646891764
1030,0.0852870408231355,0.08217533992120692,0.0031117009019285824
1031,0.07871976189295544,0.07615683710029379,0.0025629247926616527
1032,0.07925274868308223,0.07597739787903897,0.003275350804043259
1033,0.09816994855869518,0.09464449045850853,0.003525458100186646
1034,0.07900660535964753,0.07824040437343642,0.0007662009862111074
1035,0.08295114206120882,0.08085912040618817,0.0020920216550206483
1036,0.08195032897264767,0.08126928360293506,0.0006810453697126129
1037,0.08467650467797405,0.08141828363665346,0.0032582210413205914
1038,0.08629588889542354,0.08656850134868539,-0.00027261245326185013
1039,0.07573368464981793,0.07611950854100834,-0.0003858238911904066
1040,0.08200794095694929,0.08086869971584806,0.0011392412411012215
1041,0.0969278638321244,0.0952179711657622,0.001709892666362206
1042,0.08155053693093674,0.08006609207411808,0.0014844448568186591
1043,0.09742357761599958,0.09609344262460937,0.0013301349913902166
1044,0.08583434422244764,0.08149610608809083,0.004338238134356812
1045,0.09455299170752308,0.09246171554951055,0.0020912761580125366
1046,0.09229720480210914,0.08736260605942084,0.004934598742688298
1047,0.0860662963198502,0.08436470263190983,0.0017015936879403726
1048,0.09112339147085856,0.08894922857239469,0.002174162898463866
1049,0.08007570043195095,0.07653176193237372,0.0035439384995772233
1050,0.0829802548852802,0.08406320903046847,-0.0010829541451882752
1051,0.08434745146877975,0.08499974586838865,-0.0006522943996088992
1052,0.09352544802531154,0.08976416444422115,0.0037612835810903883
1053,0.07517887210681619,0.07774274598223568,-0.002563873875419495
1054,0.08161574133849127,0.08204438014089434,-0.0004286388024030696
1055,0.09253604412638662,0.09098553389531634,0.001550510231070279
1056,0.08546674030611286,0.08570108456412044,-0.00023434425800758496
1057,0.08412447171595887,0.08193639940713392,0.002188072308824951
1058,0.08700562815670607,0.08822966112055423,-0.0012240329638481678
1059,0.09864986376523588,0.09514715075956559,0.003502713005670288
1060,0.08396553115059457,0.08253850561712038,0.0014270255334741938
1061,0.07947935170806594,0.08099057149770832,-0.0015112197896423735
1062,0.08801747141287623,0.0865695968281867,0.0014478745846895347
1063,0.09287176257793665,0.08737309062516792,0.0054986719527687355
1064,0.09904776098017208,0.09376498776184254,0.0052827732183295395
1065,0.10108027318547387,0.0977863630304302,0.0032939101550436695
1066,0.09558480969439084,0.09559612569040174,-1.1315996010896612e-05
1067,0.08573621321290692,0.08054544665544017,0.005190766557466753
1068,0.08535942915305415,0.08040374345387864,0.0049556856991755105
1069,0.08367642335676409,0.0810176893348942,0.0026587340218698907
1070,0.09195924377583488,0.08924957123798088,0.0027096725378539938
1071,0.0796163739797969,0.08041306793773575,-0.0007966939579388543
1072,0.08137610771562104,0.07977263095688762,0.0016034767587334159
1073,0.0776509507402661,0.07806795211151489,-0.00041700137124879577
1074,0.09000192687482016,0.08692589523751192,0.003076031637308241
1075,0.08658709967700412,0.08602916954546219,0.0005579301315419283
1076,0.08153491286578891,0.0769558277077728,0.004579085158016111
1077,0.09737082015317178,0.09521822895807197,0.0021525911950998067
1078,0.08953386208167642,0.08767231797146624,0.001861544110210181
1079,0.08597775007984759,0.08435650372507128,0.0016212463547763123
1080,0.08918709986830396,0.08823384581195608,0.0009532540563478853
1081,0.08656763970640365,0.08811168674853434,-0.0015440470421306945
1082,0.09521173202693177,0.09242998675247886,0.002781745274452907
1083,0.08884932222880207,0.09144759871850074,-0.002598276489698667
1084,0.08590110875466071,0.08527268043649568,0.0006284283181650363
1085,0.08507476973542215,0.08074601212557786,0.004328757609844289
1086,0.09001143869238894,0.09181316559952112,-0.0018017269071321784
1087,0.09260943716542308,0.09252674810188516,8.268906353792183e-05
1088,0.09551576475305747,0.09308321834990478,0.0024325464031526856
1089,0.07180361324682409,0.0724705380536761,-0.000666924806852015
1090,0.08938913366368056,0.0858427900709963,0.00354634359268427
1091,0.0934096500239026,0.09263023413533712,0.0007794158885654767
1092,0.0875310991448037,0.08287144444109171,0.004659654703711991
1093,0.08086983168416272,0.08000708506146698,0.0008627466226957398
1094,0.08282251311110195,0.08135170823328469,0.0014708048778172556
1095,0.09342543274093712,0.0904829246987752,0.002942508042161923
1096,0.0859680697595573,0.0811626997407117,0.004805370018845595
1097,0.09645320159701244,0.0931888198795348,0.0032643817174776435
1098,0.09314471436312187,0.09002594415714513,0.0031187702059767425
1099,0.09341089963175475,0.08965948747236342,0.003751412159391329
1100,0.08495382584867342,0.08241887415474086,0.002534951693932558
1101,0.10023288642358756,0.09507017165587552,0.0051627147677120455
1102,0.08653814427300224,0.0830043820673272,0.0035337622056750423
1103,0.09805231656462869,0.09450786427746127,0.0035444522871674183
1104,0.08545231429335635,0.0831846460576001,0.0022676682357562483
1105,0.09777862393102273,0.09602870480434543,0.0017499191266772962
1106,0.09205204204027675,0.09081354526277483,0.0012384967775019295
1107,0.07449139673384357,0.07800879915632658,-0.0035174024224830097
1108,0.09215935158964117,0.0891651165142744,0.0029942350753667663
1109,0.08617873824583719,0.0823327241457425,0.0038460141000946912
1110,0.08851132856278661,0.08474626124543738,0.003765067317349227
1111,0.08908479724328582,0.0901370601059373,-0.0010522628626514902
1112,0.09369722293182575,0.09219498332110095,0.0015022396107248065
1113,0.09215701091783521,0.08825946149511278,0.0038975494227224267
1114,0.09233866408240558,0.08831640871769239,0.0040222553647131926
1115,0.0920182532920677,0.0891158325668877,0.002902420725180002
1116,0.09609340456879649,0.09357077622756314,0.002522628341233346
1117,0.0913013353635781,0.08968411314383255,0.0016172222197455427
1118,0.09807621217398942,0.09477106039410185,0.0033051517798875635
1119,0.07823798053445205,0.08228122449946526,-0.00404324396501321
1120,0.09287290636465384,0.08929958062454399,0.0035733257401098506
1121,0.08702799626691839,0.08307854954490958,0.003949446722008809
1122,0.08677136915293515,0.08523282399032857,0.0015385451626065832
1123,0.0843738106260716,0.08074794411442472,0.003625866511646883
1124,0.0948957824400844,0.09023676993074731,0.0046590125093370904
1125,0.09413100691319591,0.09223839118761108,0.0018926157255848286
1126,0.0956731916558605,0.09528362404061165,0.0003895676152488453
1127,0.10016383120539837,0.09792140077156643,0.002242430433831946
1128,0.08966137363163977,0.08765299784512942,0.0020083757865103496
1129,0.08945123620814599,0.08862546279082878,0.0008257734173172104
1130,0.09328677994504622,0.09179589986169463,0.0014908800833515895
1131,0.08862432577112248,0.08553522221155493,0.003089103559567541
1132,0.08955780848238924,0.08929854720636377,0.000259261276025477
1133,0.08453783021727863,0.08220501207108921,0.002332818146189422
1134,0.08731162032580661,0.08710656229227604,0.00020505803353057517
1135,0.07563033435793656,0.07422129068167917,0.001409043676257396
1136,0.10432688333731441,0.10256856522766147,0.0017583181096529343
1137,0.0926009766842116,0.09028622296154248,0.0023147537226691217
1138,0.08638081473511558,0.0829907960774069,0.003390018657708674
1139,0.09413757367522788,0.09134312972341947,0.0027944439518084035
1140,0.09795215489753478,0.09523524795406699,0.002716906943467795
1141,0.08810285257173074,0.0842696653347079,0.0038331872370228476
1142,0.08778403755597419,0.08652063624142829,0.0012634013145459005
1143,0.09086597673670063,0.08836006258756064,0.00250591414913999
1144,0.09900127167706027,0.09629598917901931,0.002705282498040959
1145,0.0791520892646477,0.07567495881685887,0.0034771304477888287
1146,0.08906559723506578,0.08703139307501058,0.002034204160055203
1147,0.09983007351881985,0.09987722375712733,-4.715023830748066e-05
1148,0.0899095690630805,0.08653450605558878,0.003375063007491713
1149,0.09628862741414707,0.09340043188448534,0.0028881955296617273
1150,0.09144414735141289,0.089295311166467,0.002148836184945893
1151,0.09793827454887703,0.0931737742317952,0.004764500317081838
1152,0.08770257049143913,0.08679296320330163,0.0009096072881375067
1153,0.07838461795281955,0.0788845527645352,-0.0004999348117156466
1154,0.10757429544429752,0.10693945005456064,0.0006348453897368767
1155,0.09386955644480319,0.09445725397785955,-0.0005876975330563611
1156,0.09615017651820204,0.09404239061896806,0.00210778589923398
1157,0.07424875583587698,0.07083195528477769,0.003416800551099289
1158,0.08977879819736158,0.09027105282923105,-0.0004922546318694709
1159,0.08333939336900215,0.07989009867887174,0.003449294690130403
1160,0.0848924466850049,0.08348685860851791,0.0014055880764869827
1161,0.09464584172749625,0.0954464448101898,-0.0008006030826935434
1162,0.0855229108431768,0.085068978281561,0.00045393256161579965
1163,0.0862277789311443,0.0882196869085988,-0.0019919079774544934
1164,0.08932785215874924,0.08894462968925322,0.000383222469496014
1165,0.08749451814674265,0.08400897785054245,0.0034855402962001986
1166,0.08982289011486137,0.08786043164919145,0.0019624584656699195
1167,0.08271129699896847,0.08119189981681098,0.0015193971821574892
1168,0.08474146866221302,0.08062471602553123,0.004116752636681792
1169,0.08739266212094349,0.084167332666639,0.003225329454304482
1170,0.07811293807145243,0.07752568790652285,0.0005872501649295814
1171,0.08779708057109738,0.08550544708752757,0.0022916334835698104
1172,0.10276628528724824,0.09926701185143447,0.003499273435813771
1173,0.09189488501049439,0.08710688867422375,0.004787996336270639
1174,0.08508779484260875,0.08255729249565973,0.002530502346949029
1175,0.09224956113791466,0.09144384273912472,0.0008057183987899424
1176,0.0967672837925268,0.09636347146235086,0.00040381233017594553
1177,0.08017510981522336,0.07764544847487025,0.0025296613403531093
1178,0.09104755664543521,0.08942807388301077,0.0016194827624244346
1179,0.08139298954810816,0.07895028275788775,0.002442706790220406
1180,0.0902918936331124,0.092742668400565,-0.0024507747674526043
1181,0.0930370550195241,0.09232114622657989,0.0007159087929442115
1182,0.0966037608949923,0.09391475750383546,0.0026890033911568384
1183,0.08510577112574459,0.08530208050665809,-0.0001963093809135008
1184,0.08897909007935448,0.0864033235292681,0.0025757665500863725
1185,0.08894727565443791,0.09324012238574564,-0.004292846731307726
1186,0.08228468881220861,0.08519363027127733,-0.002908941459068712
1187,0.08345207337394883,0.08296802906336043,0.00048404431058840514
1188,0.08171613912414663,0.07940302317483547,0.002313115949311162
1189,0.07649923270913835,0.08156436828822773,-0.005065135579089386
1190,0.09749090741771303,0.09235828878358932,0.005132618634123717
1191,0.09029465223738499,0.08648572739868304,0.0038089248387019464
1192,0.08995279552461749,0.08289548551058039,0.007057310014037102
1193,0.09001051368534732,0.0884956951209337,0.0015148185644136142
1194,0.08607434099702924,0.08197583849913977,0.00409850249788947
1195,0.09068846998291229,0.09075748369496725,-6.901371205496332e-05
1196,0.08691762638847168,0.08634585301969763,0.0005717733687740506
1197,0.08682233127341374,0.08524737413303819,0.0015749571403755463
1198,0.09924697866192819,0.09696009031080816,0.0022868883511200366
1199,0.09360961573366125,0.09496516736109702,-0.0013555516274357665
1200,0.0973244873372025,0.09370432913115632,0.0036201582060461784
1201,0.08501021179574711,0.08406621307152301,0.0009439987242240988
1202,0.08743213848336624,0.08385947295471875,0.0035726655286474895
1203,0.09592004499266225,0.09235575880350928,0.003564286189152971
1204,0.0970463917470756,0.09879561415725051,-0.0017492224101749027
1205,0.1035106289360024,0.10012858113786154,0.003382047798140858
1206,0.07566301469035422,0.07722141351684697,-0.0015583988264927517
1207,0.09554812449861004,0.08962117761709879,0.005926946881511255
1208,0.0891161656543326,0.08398149486354307,0.005134670790789525
1209,0.0935067033915731,0.09074435656010056,0.0027623468314725425
1210,0.09397346164338943,0.09071004603972015,0.003263415603669287
1211,0.09196864506530078,0.08890101255781471,0.0030676325074860677
1212,0.10437699637697524,0.10167419214866134,0.0027028042283138987
1213,0.08361718287415902,0.08239889679152979,0.0012182860826292358
1214,0.07813116975363682,0.07475066101114701,0.00338050874248981
1215,0.09217881713808201,0.09014307034400308,0.0020357467940789326
1216,0.08424443058977943,0.08067912184782002,0.0035653087419594137
1217,0.10206193542559203,0.09704939711343984,0.00501253831215219
1218,0.08505259542494398,0.08350173629045639,0.0015508591344875894
1219,0.08045029876503376,0.08150431413992021,-0.0010540153748864467
1220,0.08238574048118442,0.08024043568878128,0.0021453047924031438
1221,0.08976090372435602,0.08802313938755811,0.0017377643367979118
1222,0.08741494822816122,0.08620279548760232,0.0012121527405589
1223,0.08198653741212288,0.08190207219728941,8.446521483346237e-05
1224,0.08304336725642936,0.07998904261281164,0.003054324643617712
1225,0.08487709344150868,0.08088615825997189,0.003990935181536787
1226,0.09844666722761869,0.09485898734938074,0.003587679878237951
1227,0.08554728355586426,0.08163770256430648,0.003909580991557776
1228,0.08266629199403902,0.08019366287248676,0.0024726291215522583
1229,0.0850372229111424,0.0825912997135132,0.0024459231976291934
1230,0.08909796749412201,0.08923092853447795,-0.0001329610403559417
1231,0.08577753572426088,0.08499454756052191,0.0007829881637389652
1232,0.09781086084045022,0.09550493415196035,0.002305926688489876
1233,0.08657185203287442,0.08494528706850202,0.0016265649643723984
1234,0.09240032620129744,0.08836091889689973,0.00403940730439771
1235,0.08783389960742774,0.08465438297283316,0.0031795166345945786
1236,0.09356217055102262,0.09034016167543157,0.0032220088755910425
1237,0.09019952118167981,0.08674840941668076,0.003451111764999057
1238,0.0898218313617909,0.08736162680346339,0.002460204558327503
1239,0.08099191165834496,0.07847686665727753,0.0025150450010674313
1240,0.08872960327477654,0.08878884003791757,-5.923676314102677e-05
1241,0.09550879624537066,0.09280283647336547,0.0027059597720051898
1242,0.0874978183336324,0.08419514906812126,0.003302669265511149
1243,0.09186014942893773,0.08991704597132406,0.0019431034576136708
1244,0.08978353398020873,0.09067164510211355,-0.0008881111219048166
1245,0.08135704332810462,0.08019243151181918,0.001164611816285438
1246,0.08966015554340726,0.09069932803722831,-0.0010391724938210584
1247,0.08955857891540961,0.08877274340953109,0.0007858355058785182
1248,0.09512260526376067,0.09127962244591402,0.0038429828178466463
1249,0.0951124734924549,0.09337127008513026,0.001741203407324643
1250,0.0919345890198519,0.08913612088552322,0.0027984681343286716
1251,0.09362497767864511,0.088122215631769,0.0055027620468761085
1252,0.09913305773961263,0.0959275768188478,0.003205480920764836
1253,0.08203170235662054,0.08368789635875636,-0.001656194002135819
1254,0.07892377356993197,0.07829290627508806,0.0006308672948439065
1255,0.10091059836997374,0.09759292413411338,0.0033176742358603517
1256,0.08996636497186677,0.08870861907362411,0.0012577458982426654
1257,0.08480185646890118,0.08216251907202933,0.0026393373968718464
1258,0.08902902110906127,0.08704772684023374,0.001981294268827538
1259,0.09131554853282797,0.08987526674584244,0.0014402817869855339
1260,0.08647881041287271,0.08749081421051068,-0.001012003797637967
1261,0.09597243599809988,0.09337611104703791,0.0025963249510619624
1262,0.08404771074247905,0.08266384251963936,0.0013838682228396876
1263,0.08439447174353161,0.08109339746424887,0.003301074279282737
1264,0.07661436177927647,0.07407399057039361,0.002540371208882855
1265,0.09020370058443326,0.08990805567457238,0.00029564490986087877
1266,0.09395620457229986,0.09290553388308695,0.0010506706892129125
1267,0.08660372210286434,0.08470136364640997,0.0019023584564543672
1268,0.09188883602453625,0.08967890386850363,0.002209932156032615
1269,0.08783273565742648,0.08272441165137313,0.00510832400605335
1270,0.07826213807347612,0.0785189759052388,-0.0002568378317626824
1271,0.08674614352492484,0.08950588356385071,-0.002759740038925873
1272,0.09376957960693337,0.0946930849964858,-0.0009235053895524231
1273,0.08851344141881076,0.0828438716562968,0.005669569762513968
1274,0.09040146554624294,0.0883424114838052,0.00205905406243774
1275,0.08739164197887862,0.08689321607883621,0.0004984259000424124
1276,0.10535091570089092,0.10296777495430146,0.0023831407465894627
1277,0.09775134954415851,0.09405478868658447,0.003696560857574041
1278,0.09048584967942959,0.09027216715472215,0.00021368252470743698
1279,0.08648581597390531,0.0810061222074794,0.0054796937664259165
1280,0.08739469682991723,0.08467603543214118,0.0027186613977760454
1281,0.08697652648035882,0.08462261792820924,0.002353908552149578
1282,0.09165449758172632,0.089119906203425,0.0025345913783013235
1283,0.10076348111141237,0.09692901309851883,0.003834468012893541
1284,0.08266502723456834,0.08079736817367447,0.001867659060893867
1285,0.09080097513141887,0.09315003907261184,-0.0023490639411929692
1286,0.08109995156929514,0.08021182724795657,0.0008881243213385709
1287,0.08562120988305165,0.08602934624768738,-0.0004081363646357278
1288,0.09976330652954558,0.09649737627022026,0.0032659302593253253
1289,0.08632560995259175,0.08491330044415811,0.0014123095084336429
1290,0.07612211350655036,0.07706381810827137,-0.0009417046017210079
1291,0.07739901513447676,0.07792903728958307,-0.0005300221551063078
1292,0.0976371480389801,0.09788736775754461,-0.0002502197185645094
1293,0.09406519106011375,0.09058789383851393,0.003477297221599826
1294,0.08630878782025783,0.08381331126914655,0.002495476551111278
1295,0.09649603031443678,0.09341863671224503,0.0030773936021917525
1296,0.09190882799888946,0.08670128141227446,0.005207546586615
1297,0.0844979864655786,0.08227214639343826,0.002225840072140342
1298,0.0899004249704237,0.08663031300378891,0.003270111966634792
1299,0.09624152528927721,0.09370231746452404,0.00253920782475317
1300,0.07986116299014095,0.07789467158303641,0.0019664914071045453
1301,0.08723937316586212,0.08389733308298575,0.003342040082876377
1302,0.09092467571077024,0.0899350951143244,0.000989580596445841
1303,0.08583194509263271,0.07992506496236784,0.005906880130264872
1304,0.09085960938607247,0.09019466816515469,0.0006649412209177863
1305,0.09526611879824062,0.09640995935457149,-0.0011438405563308635
1306,0.09044065705699976,0.08933883574258424,0.0011018213144155242
1307,0.0880191422985852,0.0866025458321826,0.0014165964664026032
1308,0.09140485239597462,0.08750664104563974,0.0038982113503348848
1309,0.0874023033617095,0.08595031186496255,0.0014519914967469488
1310,0.08821346547843822,0.08541278441256549,0.002800681065872737
1311,0.0909091650067149,0.08747659881979762,0.003432566186917285
1312,0.09051764533076387,0.08848826455914469,0.0020293807716191825
1313,0.07973144355326388,0.07885564541015226,0.0008757981431116169
1314,0.08585767795264855,0.08591444971506515,-5.67717624165992e-05
1315,0.0837157535133657,0.0812134428137938,0.002502310699571894
1316,0.0937509754198104,0.09150945781486558,0.002241517604944815
1317,0.08744488761987848,0.08738516247091695,5.9725148961534136e-05
1318,0.0869992382212552,0.08265513166707558,0.004344106554179619
1319,0.08568272840457071,0.08396811280305219,0.0017146156015185182
1320,0.07647903276867522,0.07438843410706228,0.002090598661612944
1321,0.09200258284860162,0.08753651522690487,0.004466067621696754
1322,0.08699835972295944,0.08739927515198317,-0.0004009154290237349
1323,0.0832987008154949,0.08190073405662415,0.0013979667588707445
1324,0.09136902189844373,0.09050197485576779,0.0008670470426759419
1325,0.08588837789784143,0.08538826267701388,0.0005001152208275461
1326,0.09222089192427796,0.08933375510445217,0.002887136819825789
1327,0.08672920640449226,0.08499008923998654,0.0017391171645057268
1328,0.08858253878936359,0.08719063916173012,0.001391899627633475
1329,0.09790222951277215,0.09509041508508394,0.002811814427688214
1330,0.09526587356406567,0.09510730985588012,0.00015856370818555232
1331,0.08287817722978814,0.07918358066796509,0.0036945965618230547
1332,0.0821095174574275,0.08051174114743831,0.0015977763099891962
1333,0.1005787486483246,0.09591300276594077,0.004665745882383832
1334,0.08961761966584526,0.08692953293270106,0.0026880867331442043
1335,0.08860293204268965,0.09011745391118382,-0.0015145218684941703
1336,0.09703002479296552,0.09654306652224584,0.00048695827071967845
1337,0.08930563710995167,0.09021983081264252,-0.0009141937026908575
1338,0.0908997369325802,0.08682356375000827,0.004076173182571932
1339,0.08962247349380524,0.08554062719345713,0.004081846300348108
1340,0.0905377388383408,0.08655017742743329,0.003987561410907517
1341,0.08834522809896295,0.09144552029987142,-0.003100292200908475
1342,0.07824699326390816,0.07809773272263885,0.00014926054126930544
1343,0.08774727810416773,0.08686314769858675,0.0008841304055809823
1344,0.08550803761367395,0.08528737678765219,0.0002206608260217624
1345,0.08718390298968927,0.08420110807104646,0.0029827949186428115
1346,0.08965411111968444,0.08698194749523351,0.0026721636244509267
1347,0.0978123604060364,0.09187785348142598,0.005934506924610422
1348,0.094154028316863,0.09200998888452025,0.0021440394323427453
1349,0.08679667909157987,0.084799915128689,0.0019967639628908768
1350,0.08495501886421884,0.08516295501001374,-0.00020793614579489583
1351,0.0936415438673262,0.09001860384450416,0.003622940022822041
1352,0.08756984076737398,0.08497533711773182,0.0025945036496421575
1353,0.08302109258950488,0.08348252925095334,-0.00046143666144846107
1354,0.08551690470606346,0.08377121445168255,0.0017456902543809133
1355,0.08649703060264538,0.09005531359540452,-0.0035582829927591347
1356,0.08733372243592943,0.08303442814471394,0.004299294291215491
1357,0.10120960236373325,0.09500139747346435,0.006208204890268895
1358,0.09536043098938639,0.09385955771271867,0.0015008732766677163
1359,0.08552585135030916,0.07926039053974895,0.006265460810560203
1360,0.08623884240432483,0.08372148075781873,0.0025173616465061083
1361,0.10681259739908082,0.10227841949662626,0.004534177902454556
1362,0.08187065950614748,0.08125767888339056,0.0006129806227569284
1363,0.07524254472162945,0.07531751814031541,-7.497341868596685e-05
1364,0.09043133835819123,0.08824896476565217,0.002182373592539061
1365,0.07765281174293134,0.0766418648433452,0.0010109468995861404
1366,0.09543366584520667,0.09024461127142448,0.005189054573782187
1367,0.08877292412045101,0.08367490068051917,0.005098023439931848
1368,0.08972616563559645,0.08694480956288948,0.002781356072706964
1369,0.0840902566341588,0.08445940947588976,-0.0003691528417309603
1370,0.09225120304429052,0.0893014006819482,0.002949802362342324
1371,0.07958190395949222,0.08174667340808396,-0.002164769448591744
1372,0.09343945655579342,0.0929632580339782,0.00047619852181521316
1373,0.0892588713000831,0.09438540488703527,-0.00512653358695217
1374,0.09703486667623398,0.09340425424889726,0.003630612427336727
1375,0.09290069260990003,0.09058006451917508,0.0023206280907249466
1376,0.08275404635406394,0.0808544611062879,0.001899585247776045
1377,0.09451271746790596,0.09278064055028831,0.0017320769176176476
1378,0.08567363321275015,0.07962005972227063,0.006053573490479525
1379,0.08930623726268777,0.08329915975531481,0.006007077507372963
1380,0.10385166134796801,0.1012745907828363,0.00257707056513172
1381,0.0865093969380452,0.08175644306769757,0.0047529538703476315
1382,0.09205407847612582,0.09263417513377216,-0.0005800966576463423
1383,0.08562071990861297,0.08585006944557325,-0.0002293495369602716
1384,0.07914106416826201,0.08141609445191646,-0.0022750302836544445
1385,0.08625314844527306,0.08502213228448265,0.0012310161607904102
1386,0.0849087019625102,0.08171432912473445,0.0031943728377757524
1387,0.0893072968855499,0.0888594863070706,0.00044781057847929906
1388,0.10047504679622327,0.09678462154073304,0.0036904252554902234
1389,0.08909096282194953,0.08730993909915849,0.001781023722791042
1390,0.08062861156480565,0.07923190675433395,0.0013967048104717023
1391,0.08293236469694783,0.08447529810737292,-0.001542933410425093
1392,0.09766864366668673,0.09365473503154263,0.004013908635144101
1393,0.07849054285328966,0.07850564486014755,-1.5102006857892203e-05
1394,0.09714291300623143,0.09525626869005077,0.0018866443161806579
1395,0.1018666523452102,0.09691028799070284,0.004956364354507359
1396,0.09242632338756109,0.08927339199100835,0.003152931396552733
1397,0.08936433727065776,0.08761842062801142,0.001745916642646339
1398,0.08950019330638466,0.09055628418592555,-0.001056090879540894
1399,0.08765947862291977,0.08889912326969825,-0.001239644646778476
1400,0.09245490749462197,0.0888973027832099,0.003557604711412074
1401,0.08590129960474396,0.08353986881201698,0.002361430792726979
1402,0.08890400615471958,0.08453300896023047,0.004370997194489107
1403,0.09272212123066956,0.09085885219203159,0.0018632690386379686
1404,0.0857029962315527,0.08238463840395849,0.0033183578275942094
1405,0.09261640719122524,0.089256241108861,0.003360166082364238
1406,0.08860781411174563,0.08831658301596694,0.00029123109577869344
1407,0.0834339367048509,0.08283397019360345,0.0005999665112474545
1408,0.09213379997747657,0.08970696682678644,0.0024268331506901303
1409,0.08336817598558614,0.08238575530968056,0.0009824206759055792
1410,0.07761140616282493,0.0784079735192576,-0.0007965673564326731
1411,0.0893105797492176,0.08781837442974379,0.0014922053194738188
1412,0.09301368013602132,0.09071703518812357,0.002296644947897747
1413,0.0901128434848761,0.08590304123805237,0.004209802246823727
1414,0.08935129780783548,0.08391487960360935,0.0054364182042261205
1415,0.09095113279603717,0.0873695802402622,0.0035815525557749694
1416,0.09973953398486193,0.09691261246239075,0.0028269215224711874
1417,0.0899033694729572,0.08721266265615553,0.002690706816801669
1418,0.08854461625941115,0.0876556092615705,0.0008890069978406551
1419,0.07919432978746276,0.07656522897315358,0.002629100814309171
1420,0.08737836419510303,0.08434210671620054,0.0030362574789024876
1421,0.08656321427804513,0.08729578097838112,-0.0007325667003359876
1422,0.08309575394136047,0.08087054420925976,0.0022252097321007053
1423,0.07600023533890546,0.07470724220708129,0.0012929931318241689
1424,0.08523668731184127,0.08278782534171528,0.00244886197012599
1425,0.09152012806200036,0.09060116625162705,0.000918961810373306
1426,0.08052006841956136,0.07797518524774905,0.002544883171812312
1427,0.08805047269448196,0.08502500349562439,0.003025469198857572
1428,0.08231923350910622,0.0772264732826594,0.005092760226446821
1429,0.08807404432406525,0.08562820557327752,0.0024458387507877294
1430,0.09562381106392115,0.09700115235539637,-0.001377341291475223
1431,0.09301385341822165,0.09067822540681486,0.0023356280114067846
1432,0.08558154531821592,0.0880309316486061,-0.0024493863303901853
1433,0.08434025901586696,0.08503683623503272,-0.0006965772191657588
1434,0.08134971818277266,0.07864285871208909,0.0027068594706835675
1435,0.08419968186399437,0.08392646405177266,0.0002732178122217127
1436,0.08691300272659308,0.08684849251491945,6.45102116736268e-05
1437,0.08774367118285942,0.08388325031706755,0.003860420865791872
1438,0.08995432552283793,0.08618739853130417,0.0037669269915337616
1439,0.09691454033969246,0.09336808683314185,0.003546453506550612
1440,0.07989504775183484,0.078545202035103,0.0013498457167318428
1441,0.09037544554544351,0.09058679924014479,-0.00021135369470128007
1442,0.09008118072655019,0.08517544440514742,0.004905736321402773
1443,0.09011895466750365,0.08640531239541711,0.003713642272086537
1444,0.08699736340015644,0.07962950010015553,0.007367863300000915
1445,0.08706164969983186,0.08659785455844952,0.00046379514138233935
1446,0.09136351032436922,0.09002498030651204,0.0013385300178571785
1447,0.08303502345931306,0.08192967313808916,0.0011053503212238996
1448,0.08054463031005477,0.08055932899522489,-1.4698685170122516e-05
1449,0.08715955388297568,0.08498940371128715,0.002170150171688534
1450,0.09566402853414459,0.09540252952225023,0.00026149901189435887
1451,0.0917135556060924,0.08964345413984616,0.002070101466246241
1452,0.0959427147524008,0.09055882972188083,0.00538388503051998
1453,0.09343415838442827,0.09112695427209568,0.002307204112332595
1454,0.08644474693066447,0.08099062080210968,0.0054541261285547815
1455,0.09317103665682713,0.09130645479799573,0.001864581858831399
1456,0.08427596900246791,0.08334928204021015,0.0009266869622577556
1457,0.08370480627650759,0.07969857680048087,0.004006229476026718
1458,0.0872457657377485,0.08719967312480804,4.6092612940459854e-05
1459,0.1006272774421861,0.09463660520705719,0.005990672235128905
1460,0.08706151240763166,0.08577651259647502,0.0012849998111566369
1461,0.08566388912092446,0.08452193230755371,0.0011419568133707453
1462,0.09324119086771905,0.09412053888027545,-0.0008793480125564024
1463,0.09811083338336302,0.0943588485104648,0.003751984872898212
1464,0.08593461382748196,0.08206274847376943,0.0038718653537125336
1465,0.08620714263411224,0.08466350698235227,0.001543635651759967
1466,0.08709071870504348,0.08628158539970829,0.0008091333053351912
1467,0.08708647907667814,0.08770449127215495,-0.0006180121954768025
1468,0.08942874921031309,0.0901532121197655,-0.0007244629094524113
1469,0.10002299808264473,0.09709293303073348,0.0029300650519112487
1470,0.08812395370862924,0.08609278058991063,0.0020311731187186155
1471,0.08807047604202813,0.08403947042776772,0.004031005614260411
1472,0.08057793303954698,0.07809276022693082,0.0024851728126161626
1473,0.09572493584309619,0.09005948389299238,0.005665451950103803
1474,0.08371635822256453,0.08823527279972662,-0.004518914577162095
1475,0.08597915229708956,0.0833787877465743,0.002600364550515266
1476,0.08852305250406875,0.08565459455798426,0.0028684579460844933
1477,0.09288753102474523,0.09310182884181606,-0.00021429781707082984
1478,0.07070022677490644,0.07104914283516041,-0.00034891606025397315
1479,0.08446139710113122,0.07889882963382377,0.005562567467307447
1480,0.0811345016086914,0.08255243978678203,-0.001417938178090633
1481,0.07832556125361399,0.07617395515116815,0.002151606102445844
1482,0.09643153684651419,0.09325444072348857,0.0031770961230256217
1483,0.07978678015969815,0.07682459976182872,0.0029621803978694267
1484,0.0844822896732167,0.08205455939872172,0.0024277302744949852
1485,0.08983721051944331,0.08983894920054637,-1.738681103063966e-06
1486,0.08605670715605675,0.08315472903547717,0.0029019781205795736
1487,0.07860636043077468,0.07915942336196678,-0.0005530629311921026
1488,0.07779584979445558,0.08379516826058345,-0.005999318466127862
1489,0.0817399658473741,0.07998287445313364,0.001757091394240462
1490,0.08330943616154655,0.08393497008910632,-0.0006255339275597627
1491,0.09337760966910938,0.09312958762429546,0.000248022044813917
1492,0.10577321125689713,0.10057727471911276,0.005195936537784371
1493,0.08969281932460468,0.0871108515843157,0.0025819677402889873
1494,0.08965725585705406,0.08692932479256323,0.0027279310644908322
1495,0.07834770658185918,0.08075047171702425,-0.0024027651351650747
1496,0.09381441660087446,0.09111863959322644,0.0026957770076480175
1497,0.08358094369082192,0.08267056170863701,0.0009103819821849046
1498,0.09452714365407038,0.09467526561354293,-0.00014812195947255802
1499,0.09272086168737491,0.09032317701480543,0.0023976846725694834
1500,0.08408083090974437,0.0811932839312486,0.0028875469784957752
1501,0.08793973177185085,0.08275496770041932,0.005184764071431536
1502,0.08341616016392477,0.0879785756823425,-0.0045624155184177395
1503,0.09090398094174465,0.08770953158185209,0.003194449359892562
1504,0.08135182633446607,0.08225040147045977,-0.0008985751359937011
1505,0.08537266037730676,0.08708792896228079,-0.0017152685849740335
1506,0.1056852804122926,0.10493485901790633,0.0007504213943862609
1507,0.0936707222017014,0.08764766987409255,0.006023052327608858
1508,0.08661615464375134,0.08462301933056758,0.0019931353131837637
1509,0.08919241989152538,0.08560937347635209,0.003583046415173291
1510,0.0959227048136025,0.09192515043979421,0.00399755437380829
1511,0.09401198350332046,0.09203969648728477,0.00197228701603569
1512,0.08274630966843266,0.08157512309424396,0.0011711865741887012
1513,0.09335541624521237,0.09153900057219193,0.0018164156730204467
1514,0.08867246867096458,0.0881985271174329,0.0004739415535316843
1515,0.10667026779326115,0.10429405511844451,0.0023762126748166357
1516,0.0861379527768899,0.08036238013839653,0.005775572638493376
1517,0.09004770007177298,0.085814869390036,0.004232830681736979
1518,0.09069421402903044,0.08978596559734144,0.0009082484316890044
1519,0.0943345114846508,0.08812564179014595,0.006208869694504848
1520,0.08753203319382254,0.0888247823160105,-0.001292749122187964
1521,0.09531327114779335,0.09264684150066287,0.002666429647130486
1522,0.10166648474813207,0.09992606789789184,0.001740416850240234
1523,0.0901514062865755,0.08807373776476768,0.002077668521807824
1524,0.11030805309972969,0.10596223708612187,0.004345816013607812
1525,0.08031246325696892,0.07965392245875838,0.0006585407982105385
1526,0.0898434361321241,0.08772365274267731,0.0021197833894467943
1527,0.09432959334035676,0.08988385571690863,0.004445737623448132
1528,0.08567704735740236,0.08386315636382664,0.0018138909935757203
1529,0.09060330040476178,0.08614148662651064,0.004461813778251139
1530,0.08556227821724455,0.08787442170519481,-0.002312143487950266
1531,0.08542179072528094,0.08401118532194467,0.0014106054033362764
1532,0.08405915059884916,0.08312128111567102,0.0009378694831781442
1533,0.09082941271524056,0.08873515944319475,0.002094253272045807
1534,0.08514402684007574,0.08530182320437034,-0.0001577963642945962
1535,0.08398689571425406,0.08566270782217492,-0.0016758121079208516
1536,0.08111963471296553,0.08074355167449879,0.00037608303846674296
1537,0.08434018387476576,0.08208843696632956,0.0022517469084362
1538,0.09710500677763688,0.09526431119067846,0.0018406955869584157
1539,0.0945207971145085,0.09131062832104961,0.003210168793458895
1540,0.09457726507225085,0.09169548253029455,0.0028817825419562987
1541,0.07088292220740781,0.07317097728695247,-0.0022880550795446597
1542,0.09752931445141153,0.09707248275773135,0.0004568316936801736
1543,0.08936231758473119,0.08983319675159274,-0.00047087916686154585
1544,0.09404686753847685,0.09190689103505675,0.002139976503420099
1545,0.08996423522348478,0.08622968233080519,0.003734552892679585
1546,0.0820016289574365,0.08665170279783269,-0.004650073840396188
1547,0.09116925268593076,0.08892910447350523,0.002240148212425533
1548,0.09078184433896375,0.08955882424946032,0.0012230200895034238
1549,0.09108491542042951,0.08763766647833557,0.0034472489420939445
1550,0.08216597040237243,0.08115955086583947,0.0010064195365329653
1551,0.0893965892326288,0.08720422149983449,0.002192367732794312
1552,0.09051693193465712,0.08727033689909147,0.0032465950355656525
1553,0.09251159309058352,0.09102619838303702,0.0014853947075464946
1554,0.08642005049582113,0.08337269036333653,0.0030473601324846056
1555,0.0837013481956704,0.08355577709594023,0.00014557109973017957
1556,0.08655196407830845,0.08038513442389898,0.00616682965440947
1557,0.08021069195595311,0.07888853947860457,0.0013221524773485427
1558,0.08637577535453221,0.08544557113775568,0.0009302042167765312
1559,0.08275092805481361,0.08122087877565788,0.0015300492791557319
1560,0.08492891225154627,0.08485768667782913,7.122557371713745e-05
1561,0.08171335300527562,0.07679035399716475,0.00492299900811087
1562,0.07662797964082499,0.07944571269610083,-0.0028177330552758423
1563,0.09297141581203568,0.09276925430480831,0.0002021615072273636
1564,0.1020699960299049,0.09804346685976532,0.00402652917013957
1565,0.07876743100674302,0.07798570969879956,0.0007817213079434615
1566,0.08690713245013017,0.08176753723117638,0.0051395952189537825
1567,0.08174428427750623,0.07961614639816218,0.002128137879344044
1568,0.08759920121096816,0.08249975173943928,0.005099449471528877
1569,0.08740360119993879,0.08846543368157614,-0.0010618324816373537
1570,0.0815474983447214,0.08114397828221988,0.0004035200625015223
1571,0.07606932669353945,0.07927496787944978,-0.003205641185910324
1572,0.08940701490476918,0.08720767769464637,0.0021993372101228176
1573,0.08318042123692171,0.08153682929183527,0.0016435919450864395
1574,0.09331296751686334,0.09268688837232339,0.0006260791445399511
1575,0.08991940474247612,0.08706376656915443,0.002855638173321684
1576,0.07406458475659244,0.07263236965752852,0.0014322150990639243
1577,0.08953293186218095,0.08796731778196878,0.0015656140802121632
1578,0.08186441219333333,0.07791426590687893,0.0039501462864544035
1579,0.09376750346618046,0.09159079450005404,0.0021767089661264144
1580,0.07639973780622712,0.07681417124521792,-0.0004144334389907939
1581,0.09135775782338007,0.08779274727506196,0.0035650105483181066
1582,0.09100226414582803,0.08777121984367418,0.003231044302153846
1583,0.08753936971194512,0.08661599070958131,0.0009233790023638055
1584,0.09293029318979336,0.08828177673000044,0.004648516459792917
1585,0.09028736445245092,0.08756405299354811,0.0027233114589028107
1586,0.08515194440867041,0.08331961362492162,0.001832330783748795
1587,0.09649982565581855,0.09326762350349534,0.003232202152323213
1588,0.08899317411937599,0.08596578859595028,0.003027385523425713
1589,0.09942568793723673,0.09737784446613171,0.0020478434711050236
1590,0.09674292728138316,0.09766356131218255,-0.0009206340307993943
1591,0.08818628497543797,0.08408829606995386,0.004097988905484115
1592,0.07978293328737507,0.07760582355695453,0.00217710973042054
1593,0.10254058218941108,0.10053738797990204,0.002003194209509035
1594,0.08325166146317727,0.08138747053804687,0.0018641909251303906
1595,0.09129145490337226,0.08946516896414364,0.0018262859392286224
1596,0.09584195404371917,0.09388907631009838,0.0019528777336207948
1597,0.097340530645991,0.09289534082916916,0.0044451898168218484
1598,0.09674355897571874,0.09414866402100192,0.00259489495471682
1599,0.08564269267020369,0.08311706358093437,0.0025256290892693156
1600,0.08707846638105544,0.08651423981565572,0.000564226565399728
1601,0.088806361966233,0.08588421311248964,0.002922148853743353
1602,0.08124589698654994,0.08386343871809447,-0.0026175417315445343
1603,0.08681998497003679,0.08386775467068096,0.002952230299355832
1604,0.1000652379974364,0.09541446906875152,0.004650768928684879
1605,0.09364014214904004,0.09081112869756552,0.0028290134514745158
1606,0.07882811454907969,0.07439714611387112,0.004430968435208571
1607,0.0927946710260735,0.08862765203606104,0.0041670189900124555
1608,0.08731500520730576,0.08405923469644075,0.003255770510865008
1609,0.08477082733891374,0.08445980993287203,0.0003110174060417109
1610,0.08682174881552357,0.08518893924446305,0.0016328095710605173
1611,0.08616369180135754,0.07899462711513475,0.00716906468622279
1612,0.10237979440442785,0.10086592997217744,0.0015138644322504058
1613,0.09615604902833316,0.09358309567849399,0.0025729533498391743
1614,0.09762750417337868,0.0945447094043867,0.003082794768991981
1615,0.09356856956798121,0.09021086998664093,0.0033576995813402732
1616,0.09603689215227723,0.09079802398413092,0.00523886816814631
1617,0.08527777403137146,0.0868027673925006,-0.0015249933611291427
1618,0.08864300000387491,0.08529780681352792,0.0033451931903469984
1619,0.09294479801039875,0.08902080752454776,0.003923990485850987
1620,0.0918310575391891,0.08630926249183966,0.00552179504734944
1621,0.09706622419284623,0.09339241449837461,0.003673809694471619
1622,0.09008950122612473,0.089637961222799,0.00045154000332572886
1623,0.09511813374505351,0.09169531669491322,0.0034228170501402894
1624,0.08715900941595867,0.08438299711383569,0.002776012302122974
1625,0.09087180998022262,0.08852906483383945,0.0023427451463831767
1626,0.08725998505859921,0.08484119427113036,0.002418790787468844
1627,0.09899597731771503,0.0972374424048981,0.0017585349128169392
1628,0.09690942690293743,0.09090676931716739,0.006002657585770038
1629,0.10307619921701831,0.09709156526951909,0.005984633947499221
1630,0.08758726103785063,0.08625108645795938,0.0013361745798912417
1631,0.09081419653706951,0.08704911375916577,0.0037650827779037443
1632,0.09237382732192077,0.08863831218318644,0.0037355151387343383
1633,0.08952176527777968,0.08495219054332949,0.004569574734450188
1634,0.07953491837132007,0.08054177936401481,-0.0010068609926947442
1635,0.09697966887371347,0.09642469312480435,0.0005549757489091145
1636,0.09807610263684398,0.09281436737116325,0.005261735265680731
1637,0.07716392158518567,0.07593789907664156,0.0012260225085441168
1638,0.0908581271571734,0.08752873702085939,0.0033293901363140033
1639,0.09667563386484655,0.09818604316548586,-0.0015104093006393093
1640,0.10365931029923849,0.0994780970487455,0.0041812132504929905
1641,0.07662766043267064,0.07388170659538672,0.002745953837283918
1642,0.08309403559146944,0.08028574182234935,0.0028082937691200904
1643,0.0786110375375307,0.07784188169186472,0.0007691558456659753
1644,0.07835502675253073,0.07990892484546007,-0.0015538980929293428
1645,0.09088532555720498,0.0892560326162131,0.001629292940991886
1646,0.08786089289307016,0.08648944965508508,0.001371443237985076
1647,0.08278120700830739,0.08059088216244448,0.002190324845862915
1648,0.0899061416379556,0.08913933055423724,0.0007668110837183578
1649,0.09871352773765445,0.09472071728933859,0.003992810448315856
1650,0.08040150462114687,0.08014346377176855,0.0002580408493783187
1651,0.08373254283892814,0.08439836351308273,-0.0006658206741545908
1652,0.09130110687028255,0.08778460764085476,0.0035164992294277886
1653,0.09020542982600822,0.08920088311295492,0.001004546713053306
1654,0.0959096969137455,0.09173876039791978,0.0041709365158257156
1655,0.0910652652269099,0.08935643108365443,0.0017088341432554693
1656,0.08247952540095652,0.08028074075354825,0.002198784647408261
1657,0.09504660476960675,0.09362949528338692,0.001417109486219828
1658,0.09963300649576454,0.09607602638695645,0.003556980108808089
1659,0.10018850171744721,0.09586967074960155,0.0043188309678456605
1660,0.08670148269810694,0.08621601199655332,0.0004854707015536225
1661,0.0946008831825443,0.09270332106714682,0.0018975621153974748
1662,0.09245392597020406,0.09004417798171815,0.002409747988485908
1663,0.09208861179452459,0.09073013593111849,0.0013584758634060945
1664,0.09295225306172934,0.09132735212878788,0.0016249009329414588
1665,0.09696514605722616,0.09527721038026048,0.0016879356769656795
1666,0.09397511945368782,0.08911543154811785,0.004859687905569968
1667,0.08783922946515266,0.08796619597484163,-0.0001269665096889777
1668,0.09230160978802804,0.09589883403303309,-0.003597224245005054
1669,0.08164897497602955,0.08259644532268212,-0.0009474703466525736
1670,0.08905772477802303,0.08176650587170153,0.007291218906321492
1671,0.08925671540440043,0.09066947072300076,-0.0014127553186003283
1672,0.09339427154425659,0.09141330364497129,0.001980967899285299
1673,0.09563593730029689,0.09438149079156959,0.0012544465087273027
1674,0.08780142710510169,0.08886455234877384,-0.00106312524367215
1675,0.09961058090442135,0.09443533589201374,0.005175245012407612
1676,0.08570926469591396,0.08474568625670034,0.0009635784392136165
1677,0.0842481916510669,0.07892400360234696,0.005324188048719938
1678,0.08930680496592718,0.08551424701485968,0.0037925579510674906
1679,0.08743403619708816,0.08745604755342465,-2.201135633649043e-05
1680,0.08810308075164985,0.08774659920933847,0.00035648154231138207
1681,0.08688543667288745,0.08612239146724962,0.0007630452056378301
1682,0.08759274171560465,0.08399767219293071,0.003595069522673938
1683,0.09224932995655748,0.09037401991586413,0.0018753100406933426
1684,0.08795969911866972,0.08570297439164955,0.002256724727020168
1685,0.09454800645092734,0.09383524086885235,0.0007127655820749895
1686,0.09721704185754235,0.09525805922481882,0.0019589826327235244
1687,0.09950391359226116,0.10045925043515977,-0.0009553368428986131
1688,0.08969678852217142,0.08669232525911198,0.0030044632630594342
1689,0.08811806074205704,0.087271248499553,0.0008468122425040331
1690,0.08812070706315138,0.08759084355316002,0.0005298635099913601
1691,0.08004773883346218,0.08036526340019033,-0.0003175245667281501
1692,0.08555956879516273,0.08445272349137768,0.0011068453037850479
1693,0.08772542614067264,0.08620955493868064,0.0015158712019919945
1694,0.09887997802676228,0.09664488576986298,0.0022350922568993015
1695,0.09420967579825572,0.09012515143256722,0.004084524365688499
1696,0.08930161171354888,0.08792782059407697,0.0013737911194719038
1697,0.0884990313768547,0.08428982851862399,0.004209202858230718
1698,0.08698930653683086,0.08434486999800979,0.002644436538821071
1699,0.08209288857581859,0.07841926586312804,0.003673622712690547
1700,0.08759812689390988,0.08692540714775744,0.0006727197461524337
1701,0.095998777438192,0.09427492887568403,0.0017238485625079708
1702,0.0867974462092115,0.0837345274161173,0.0030629187930941992
1703,0.08908064877807745,0.08665898517091483,0.0024216636071626163
1704,0.08678586581025438,0.0856734270425688,0.0011124387676855751
1705,0.08875961192630412,0.08665223528233708,0.0021073766439670405
1706,0.08980045358660706,0.08472206416890102,0.005078389417706039
1707,0.0949013035909582,0.0935090983691395,0.0013922052218187098
1708,0.08625340713652899,0.08424604095835096,0.0020073661781780244
1709,0.08728350859056994,0.08466659838535928,0.002616910205210654
1710,0.09322392516462386,0.09246315789496208,0.0007607672696617745
1711,0.08676101327179817,0.08240505793744833,0.004355955334349834
1712,0.08646126029740654,0.08478943129075112,0.0016718290066554259
1713,0.07509130858773454,0.07378433479646775,0.0013069737912667911
1714,0.09265335510773784,0.08712272593348616,0.005530629174251678
1715,0.08630064656548009,0.07925275536915967,0.007047891196320419
1716,0.09753542869315535,0.0907730842328526,0.006762344460302744
1717,0.08888950967931737,0.08527369218489989,0.0036158174944174865
1718,0.08774739005687143,0.08355264353178335,0.004194746525088083
1719,0.08734119802885341,0.08484440216375523,0.0024967958650981836
1720,0.0875857196468639,0.08183663981690523,0.005749079829958675
1721,0.08373144157556188,0.08418537879548253,-0.0004539372199206526
1722,0.08534368152592484,0.08149874424242219,0.0038449372835026446
1723,0.10209654704916105,0.09775336736616887,0.004343179682992179
1724,0.07823081191370444,0.075467765302298,0.0027630466114064445
1725,0.08675103306435301,0.08540863886829471,0.0013423941960583052
1726,0.08743401918226999,0.08368458768281704,0.0037494314994529487
1727,0.08984838740810648,0.08617545274886847,0.003672934659238014
1728,0.08789995232081399,0.09004717099723217,-0.0021472186764181778
1729,0.09134546880397462,0.08920246674309222,0.0021430020608824013
1730,0.10065617931987672,0.09817950449394745,0.0024766748259292676
1731,0.07037271835751675,0.06957505925612295,0.0007976591013938023
1732,0.0907272561788841,0.08690948762527663,0.0038177685536074646
1733,0.0962967510991063,0.09454352973239644,0.00175322136670987
1734,0.09190801992793615,0.08817278738149478,0.0037352325464413694
1735,0.08934978587414402,0.0862400643659839,0.003109721508160121
1736,0.08550433279878988,0.08065045483248705,0.004853877966302836
1737,0.09017388979677753,0.08881566291206668,0.0013582268847108503
1738,0.09307362468896163,0.09174356768807794,0.0013300570008836915
1739,0.09001151152656314,0.0878527570441551,0.002158754482408043
1740,0.0930715386193648,0.09185156631894903,0.0012199723004157753
1741,0.08859955608396115,0.08665900165176389,0.0019405544321972612
1742,0.08409423974584412,0.08607563821496947,-0.001981398469125345
1743,0.08974049283154739,0.08784302279577894,0.001897470035768456
1744,0.09240728527091566,0.0913786261894707,0.001028659081444963
1745,0.08126779009801473,0.08295457200064428,-0.0016867819026295527
1746,0.08717838115995603,0.08578748810277585,0.0013908930571801814
1747,0.09133900102920958,0.08916678396262052,0.0021722170665890578
1748,0.09170231835057842,0.08769377018981632,0.004008548160762099
1749,0.09619213575026189,0.09440553024383871,0.0017866055064231778
1750,0.09541725586208635,0.09360210933161155,0.0018151465304748066
1751,0.09364187665313796,0.09219394529075316,0.0014479313623848022
1752,0.08846991136609675,0.08623050460536842,0.002239406760728327
1753,0.0843853957044763,0.08503852939938941,-0.0006531336949131133
1754,0.09373126561057755,0.09236936440925105,0.0013619012013265097
1755,0.08132104912534863,0.07740474329564682,0.003916305829701802
1756,0.09189376123474086,0.09082399170729824,0.0010697695274426156
1757,0.09275875591871326,0.08784439223750613,0.004914363681207123
1758,0.08873984356193643,0.08823637055375093,0.0005034730081854982
1759,0.09604925789706062,0.09575575458036659,0.0002935033166940326
1760,0.08925861530801536,0.08645559258791045,0.0028030227201049085
1761,0.09585402663265734,0.09593179118345296,-7.776455079562539e-05
1762,0.08528068466788659,0.08218485913047488,0.003095825537411709
1763,0.0815347193319376,0.08201283355585091,-0.00047811422391332015
1764,0.08928390341738784,0.09110195408567667,-0.0018180506682888287
1765,0.08213298346198869,0.0820319478891235,0.00010103557286518516
1766,0.08963137363457914,0.0890967346904552,0.0005346389441239358
1767,0.09242634819813599,0.09181380031542898,0.0006125478827070097
1768,0.0921178428353048,0.08751895539294348,0.004598887442361324
1769,0.08416747028546667,0.08184623164890364,0.0023212386365630278
1770,0.0887098257958742,0.08733607339004697,0.0013737524058272388
1771,0.09902897593307174,0.09470909692792123,0.004319879005150504
1772,0.08687728772808229,0.08458962516331059,0.0022876625647716975
1773,0.07821298867483321,0.08212150976217884,-0.003908521087345629
1774,0.09120497028131622,0.08654709135983223,0.0046578789214839905
1775,0.0873164514890578,0.08170675403847602,0.005609697450581777
1776,0.09663392999288023,0.09743238711044513,-0.0007984571175649047
1777,0.09099730932019459,0.0909982199993053,-9.106791107049705e-07
1778,0.0829740717738019,0.08020589894601658,0.002768172827785312
1779,0.08343975608801292,0.08319375687249278,0.00024599921552014015
1780,0.08994309422259938,0.0865619823991548,0.0033811118234445825
1781,0.08509663218700292,0.08240256404687685,0.0026940681401260713
1782,0.09606503438554449,0.09273387840917524,0.0033311559763692516
1783,0.09142028670690427,0.09356519196262637,-0.0021449052557220988
1784,0.092072545860387,0.08989902979546559,0.002173516064921416
1785,0.07909561060872047,0.07954773842798232,-0.0004521278192618494
1786,0.09575343027513877,0.09470886188544438,0.0010445683896943975
1787,0.08630393029827066,0.08435536551744471,0.0019485647808259454
1788,0.0878625470682796,0.08610654120253856,0.0017560058657410393
1789,0.08349378862213347,0.0804870089768117,0.0030067796453217693
1790,0.08710685618684798,0.08733847497621697,-0.00023161878936898972
1791,0.077863936760941,0.07941482621252682,-0.001550889451585824
1792,0.09014849961647886,0.08656882564487332,0.0035796739716055376
1793,0.09758010119166265,0.09377120987938786,0.003808891312274784
1794,0.10072490928726455,0.09371456925443812,0.007010340032826426
1795,0.09001056658220828,0.08805544316403616,0.001955123418172125
1796,0.09618329147156068,0.09535353019178501,0.0008297612797756732
1797,0.08865695732090724,0.08586780110678316,0.0027891562141240805
1798,0.09207360609455366,0.08914159623914064,0.0029320098554130175
1799,0.0867348026901702,0.08958924069321479,-0.002854438003044593
1800,0.09057430972113334,0.090055925147139,0.0005183845739943349
1801,0.09428989527470291,0.09344330924974062,0.0008465860249622925
1802,0.08679649158620144,0.08508499235374416,0.0017114992324572809
1803,0.09636407073017364,0.0968290434320613,-0.00046497270188766704
1804,0.09391119932200609,0.09164035844098495,0.002270840881021141
1805,0.09343988502288138,0.0903710360719874,0.0030688489508939737
1806,0.07645605170490706,0.07411811497777904,0.0023379367271280233
1807,0.09555988848294515,0.09267799516029354,0.0028818933226516102
1808,0.08523264822270246,0.07910735320009156,0.006125295022610902
1809,0.09146239527193117,0.09024192949674181,0.001220465775189361
1810,0.10241387172022641,0.09988206074452986,0.002531810975696547
1811,0.08266588103051162,0.08060665168648688,0.002059229344024735
1812,0.09024644284660432,0.09061042784400361,-0.0003639849973992859
1813,0.10056659461547911,0.09595136085322008,0.00461523376225903
1814,0.08045260863339847,0.07901249683352995,0.0014401117998685126
1815,0.09507112712291767,0.09086253304522973,0.0042085940776879355
1816,0.08765299912804936,0.08305144749601237,0.004601551632036988
1817,0.09903194010147631,0.09930477236996908,-0.0002728322684927703
1818,0.08713663909864092,0.08562543309507452,0.0015112060035663982
1819,0.08744947695026106,0.08583283155638974,0.0016166453938713243
1820,0.09253650663264686,0.08876292692226151,0.003773579710385347
1821,0.09926344123456812,0.09684790328335731,0.002415537951210814
1822,0.08750980709582597,0.08582705678457672,0.0016827503112492453
1823,0.09583155228894785,0.09089262541685209,0.004938926872095767
1824,0.10044821817552907,0.09845042780285336,0.001997790372675709
1825,0.08874827166786568,0.0882107755007495,0.0005374961671161804
1826,0.09748470228195212,0.09225333108393172,0.005231371198020404
1827,0.08361789965576458,0.08251646799003251,0.0011014316657320666
1828,0.07716218729345621,0.07826264034902357,-0.0011004530555673575
1829,0.0911169667322257,0.08753573726739292,0.0035812294648327886
1830,0.08032159283261883,0.08054461078294699,-0.0002230179503281554
1831,0.09269358836550583,0.08901378745937283,0.003679800906132999
1832,0.09096180422325825,0.08812272248644865,0.0028390817368096066
1833,0.0906686653663003,0.0906852656318665,-1.6600265566199535e-05
1834,0.10119588480403276,0.09834530879662962,0.002850576007403141
1835,0.08797690288416737,0.08552014094233565,0.0024567619418317255
1836,0.08873121679729631,0.08548222543122883,0.0032489913660674885
1837,0.08373380730489492,0.07980287105464735,0.003930936250247569
1838,0.08014259804688985,0.07686052635913458,0.003282071687755267
1839,0.10144256152163487,0.09712787527284192,0.004314686248792957
1840,0.08603719052582014,0.08328986621931439,0.0027473243065057468
1841,0.09646477748757046,0.09077790743735283,0.005686870050217632
1842,0.09420749941056211,0.0905979897111047,0.0036095096994574055
1843,0.07848597204745865,0.0740361631274759,0.004449808919982742
1844,0.0967868293398396,0.09248860267936221,0.004298226660477397
1845,0.09123206448301407,0.09028865989704188,0.0009434045859721962
1846,0.08819623994464589,0.09067751050568677,-0.002481270561040888
1847,0.09236198482660124,0.09160410653602324,0.0007578782905779957
1848,0.0899048828246266,0.0900322517404443,-0.00012736891581770216
1849,0.08706254684990027,0.08311728797656763,0.0039452588733326355
1850,0.0941774075203868,0.09109587743898757,0.0030815300813992197
1851,0.08542284916826161,0.08481532619853188,0.0006075229697297263
1852,0.07976133718668783,0.08135625858555307,-0.0015949213988652317
1853,0.08697193794267633,0.08567860412687406,0.0012933338158022667
1854,0.0972441641546009,0.0947050355711006,0.0025391285835002914
1855,0.07264214316821631,0.07154077818853388,0.001101364979682426
1856,0.09891379130384251,0.09580642982881023,0.0031073614750322803
1857,0.08517624678736184,0.08037673910131425,0.004799507686047588
1858,0.086338255346126,0.08552297674124242,0.0008152786048835903
1859,0.08919745335022719,0.09007398153145296,-0.0008765281812257719
1860,0.0827007799254453,0.07998769139600956,0.0027130885294357476
1861,0.08234219665730132,0.08363083001062685,-0.0012886333533255329
1862,0.08447938312117832,0.08284293211223406,0.001636451008944259
1863,0.08591721656506686,0.0832661214902348,0.0026510950748320633
1864,0.08582603736566123,0.08194772803954432,0.0038783093261169077
1865,0.08445865055655047,0.08021285230465172,0.004245798251898747
1866,0.09750727293054627,0.09448696230950865,0.0030203106210376224
1867,0.09023287486487623,0.08761542382102397,0.002617451043852262
1868,0.09979126854333831,0.09740214984827039,0.0023891186950679155
1869,0.0916739813288255,0.0887518254760983,0.00292215585272719
1870,0.09517503460666328,0.09195544083904504,0.0032195937676182396
1871,0.09022043384993664,0.08800300362754027,0.0022174302223963716
1872,0.08874223372333377,0.08703862752992327,0.0017036061934105062
1873,0.09029683691764966,0.08871576819035928,0.0015810687272903717
1874,0.08965483662068915,0.08985355611890024,-0.00019871949821108348
1875,0.08096428718897734,0.07980244775139543,0.001161839437581913
1876,0.09267350126236973,0.09145098293460938,0.0012225183277603524
1877,0.08851749631131499,0.08730574716208105,0.0012117491492339427
1878,0.0916905367985331,0.08776564463941437,0.003924892159118731
1879,0.10385199412951128,0.10107238437221402,0.002779609757297255
1880,0.09238871721480552,0.08732000583489496,0.005068711379910551
1881,0.09345318918004941,0.09237581123897996,0.001077377941069449
1882,0.07994864160793329,0.0763814745467136,0.003567167061219692
1883,0.09300326488491152,0.0904673762399695,0.0025358886449420165
1884,0.08264400515156187,0.08336802209958263,-0.000724016948020767
1885,0.08991169603423114,0.08453752189119482,0.005374174143036328
1886,0.08727845103856999,0.0861370497855202,0.0011414012530497897
1887,0.08735438149075775,0.08852636135917769,-0.0011719798684199367
1888,0.09503706698743544,0.09287364800773201,0.0021634189797034298
1889,0.09545413423162243,0.09160412219661142,0.003850012035011008
1890,0.08893685622553234,0.08593842078425296,0.0029984354412793818
1891,0.08885579073798598,0.08470595091741982,0.004149839820566159
1892,0.09278821241250296,0.08936569415209776,0.003422518260405197
1893,0.08749536055926828,0.08503636608047714,0.0024589944787911377
1894,0.0832101467444157,0.08145905402169425,0.001751092722721448
1895,0.09636530492324256,0.09640628566676222,-4.0980743519658525e-05
1896,0.08286603248230666,0.08310765526770236,-0.0002416227853957037
1897,0.0914912131793973,0.09250150028521284,-0.0010102871058155355
1898,0.08911050962266946,0.08747791467914462,0.0016325949435248427
1899,0.09485178489828448,0.09119115459641919,0.0036606303018652947
1900,0.08704577670676748,0.08382046533790552,0.0032253113688619633
1901,0.09563576471678636,0.09424473948627063,0.0013910252305157356
1902,0.09650691526212131,0.09900078418095248,-0.002493868918831174
1903,0.0876948800741861,0.08674369019705694,0.000951189877129166
1904,0.08245028261479556,0.08026183068037952,0.0021884519344160386
1905,0.09453762302480068,0.09307258645900048,0.0014650365658002013
1906,0.0868247108596426,0.08528478632136852,0.00153992453827409
1907,0.09134408635000939,0.08554649736686677,0.005797588983142615
1908,0.09108548599292328,0.08935640207364688,0.0017290839192763974
1909,0.08607966424161036,0.08446990603032041,0.0016097582112899467
1910,0.09330477410447764,0.09074073007769067,0.002564044026786977
1911,0.09802384797480507,0.09333877440173002,0.004685073573075044
1912,0.1073329892653772,0.10542694989311041,0.001906039372266785
1913,0.08080183150537286,0.07972296074178327,0.00107887076358959
1914,0.0798376388107189,0.0798685687517023,-3.0929940983401294e-05
1915,0.07797559245872819,0.08131348128072488,-0.00333788882199669
1916,0.09607164310671852,0.09516054086161442,0.0009111022451041006
1917,0.0834150448986854,0.08324653858389093,0.0001685063147944671
1918,0.09712666834169253,0.09627258353678189,0.0008540848049106431
1919,0.08405193851365661,0.08184107533471047,0.002210863178946143
1920,0.09438560079717767,0.09124650542657306,0.003139095370604611
1921,0.0958292583102177,0.0939112285749358,0.0019180297352818926
1922,0.08561956859035763,0.0872747379770581,-0.0016551693867004752
1923,0.08030028957726276,0.07936287843889356,0.0009374111383692041
1924,0.08849992986889077,0.0851769753843787,0.0033229544845120723
1925,0.08125675254761044,0.07901290060769392,0.0022438519399165247
1926,0.09506595353674623,0.09289900143887003,0.002166952097876193
1927,0.09090190248895498,0.08651718669504807,0.00438471579390691
1928,0.07875012472448638,0.0740883584267647,0.004661766297721678
1929,0.08346898836026709,0.0818163392160655,0.0016526491442015873
1930,0.08622728072396318,0.08189454028264669,0.004332740441316499
1931,0.09453726186810732,0.09194757060376016,0.0025896912643471603
1932,0.08602987412194464,0.0864778821019691,-0.0004480079800244646
1933,0.08998919394025987,0.08664427233376848,0.0033449216064913856
1934,0.09464577840230998,0.09241249054943203,0.0022332878528779493
1935,0.08707995040080087,0.08460617581481866,0.0024737745859822052
1936,0.08562533796684035,0.08478232608129883,0.0008430118855415197
1937,0.09601969550428437,0.09523558568819698,0.0007841098160873833
1938,0.07865498072616142,0.07335688739954424,0.0052980933266171815
1939,0.09238487738534384,0.08890460554541034,0.0034802718399335048
1940,0.08284444935877057,0.08157742297089451,0.0012670263878760551
1941,0.08088623017396165,0.08056790304491206,0.0003183271290495976
1942,0.09369593974551708,0.08782221705298303,0.005873722692534056
1943,0.09593465031711805,0.09341413961281593,0.00252051070430212
1944,0.08889897686691398,0.08725755975363463,0.0016414171132793504
1945,0.08287174448366093,0.08667813810498451,-0.003806393621323581
1946,0.08306886383758813,0.08244908340329214,0.0006197804342959884
1947,0.09840099305062038,0.09509158400921838,0.003309409041401992
1948,0.095375406105801,0.09520431423522298,0.00017109187057802455
1949,0.08264809827603718,0.08072664234373292,0.001921455932304264
1950,0.08206957512333081,0.08153164661494439,0.0005379285083864233
1951,0.07212433565801513,0.07254150176362253,-0.0004171661056074083
1952,0.09888060348369433,0.09872567238959798,0.00015493109409635275
1953,0.08504982724627146,0.08172348703545783,0.0033263402108136275
1954,0.09197234668069851,0.08994929834814709,0.0020230483325514165
1955,0.08118398650832723,0.08045708378071817,0.0007269027276090578
1956,0.08138884061030163,0.07955091008016764,0.0018379305301339938
1957,0.07775241940676039,0.0767439922048144,0.0010084272019459939
1958,0.08553814899135405,0.0843079055356637,0.0012302434556903524
1959,0.08271625029355123,0.08417857703002192,-0.00146232673647069
1960,0.07934223764298609,0.07747247991860952,0.0018697577243765723
1961,0.09779196742708793,0.09380093371905163,0.003991033708036301
1962,0.09869964609258988,0.09471246236140805,0.003987183731181829
1963,0.09836019211149342,0.0960979093338329,0.0022622827776605237
1964,0.09982015324310106,0.09652681236061225,0.00329334088248881
1965,0.10049124342559948,0.09748550202197001,0.0030057414036294694
1966,0.08588012746412554,0.08134092774742079,0.004539199716704759
1967,0.0821689356838851,0.08478101220068587,-0.0026120765168007737
1968,0.08598313247886905,0.080344831026361,0.005638301452508043
1969,0.09671166016847557,0.09319604414436308,0.003515616024112489
1970,0.09302233791609113,0.08923797313090315,0.0037843647851879825
1971,0.08940754629141372,0.08652293718051958,0.0028846091108941374
1972,0.08896505596707685,0.08741752011588647,0.0015475358511903847
1973,0.0764326965046723,0.07406818737005709,0.0023645091346152086
1974,0.09139065286519968,0.09019257008142999,0.0011980827837696911
1975,0.0944988311163549,0.09822933058990577,-0.0037304994735508634
1976,0.08762170817934774,0.08170058257612209,0.005921125603225649
1977,0.08766756964871,0.08920638182446453,-0.0015388121757545226
1978,0.08579637045574885,0.0846949406735009,0.001101429782247948
1979,0.0935378792400623,0.08675404686872204,0.006783832371340254
1980,0.08841179686674046,0.08874983648760179,-0.0003380396208613329
1981,0.08863424594896058,0.09085090406012898,-0.002216658111168404
1982,0.08063445372321995,0.07798220516993827,0.0026522485532816803
1983,0.09372228868932893,0.09121482595539981,0.002507462733929114
1984,0.09297623985128757,0.09135552651017202,0.0016207133411155483
1985,0.09120207259191573,0.09167958731527046,-0.00047751472335472167
1986,0.08322573140507147,0.08272456091801225,0.0005011704870592215
1987,0.08911156279247531,0.0868210671943746,0.0022904955981007113
1988,0.08686230788312142,0.08488519256863357,0.001977115314487854
1989,0.09132955787934012,0.08797391067433781,0.00335564720500231
1990,0.08734342696534353,0.08747033461291641,-0.00012690764757287976
1991,0.09436358014886215,0.09234481750544979,0.0020187626434123584
1992,0.0955860475563299,0.09452987653079646,0.001056171025533445
1993,0.09384527673316871,0.09241734520047143,0.0014279315326972825
1994,0.08030537685680293,0.07925283555105463,0.0010525413057483057
1995,0.09474578391008383,0.09331670348981422,0.00142908042026961
1996,0.08770107014894378,0.08397070076373923,0.003730369385204546
1997,0.0792504460336536,0.07720659732628286,0.0020438487073707323
1998,0.08191037395592717,0.0836582881740161,-0.001747914218088939
1999,0.09133271352937575,0.08842893578526739,0.0029037777441083545
2000,0.08764934930626209,0.08496236693292644,0.0026869823733356446
2001,0.07785927650494318,0.07945637864702544,-0.0015971021420822656
2002,0.08330053218328196,0.08279986991069313,0.0005006622725888255
2003,0.0948759763465409,0.09085230462018382,0.004023671726357078
2004,0.09850611493627899,0.09443159778794398,0.004074517148335011
2005,0.08636555161538124,0.08321461849628069,0.0031509331191005574
2006,0.08148879997212785,0.079484333400643,0.002004466571484856
2007,0.07765268987663891,0.08237198724512952,-0.00471929736849061
2008,0.0788722223394759,0.07683996383456398,0.002032258504911913
2009,0.09656664496891684,0.0944068843611635,0.0021597606077533443
2010,0.08913011856105878,0.08555076533343808,0.0035793532276206935
2011,0.09624268389204957,0.09265869442716941,0.003583989464880158
2012,0.09234109043381854,0.08865869364780764,0.0036823967860108997
2013,0.08976951797655944,0.08774252350831038,0.002026994468249055
2014,0.09766664777098787,0.09060070510460813,0.007065942666379735
2015,0.09564051242824215,0.09359493026372404,0.0020455821645181116
2016,0.091338173483532,0.08927332859547647,0.002064844888055528
2017,0.09090503608574124,0.08809354257737527,0.0028114935083659726
2018,0.09718936490367247,0.09671922673154297,0.00047013817212950004
2019,0.08899453312573201,0.08869887964932421,0.00029565347640779505
2020,0.08948365167635744,0.08316787173281363,0.006315779943543806
2021,0.07479677002011682,0.07337403041738541,0.0014227396027314126
2022,0.09856341729537896,0.09429685734313514,0.004266559952243815
2023,0.08223062870038736,0.07894348329451377,0.00328714540587359
2024,0.09746557907152549,0.096732337117462,0.0007332419540634905
2025,0.08623189854857684,0.08422880353634137,0.002003095012235473
2026,0.08776640333075171,0.08531389499911667,0.002452508331635045
2027,0.09263703903885202,0.08786677207249577,0.004770266966356254
2028,0.09219935015067064,0.09092051209947917,0.001278838051191472
2029,0.07799331775945183,0.07884948914556193,-0.000856171386110105
2030,0.08949208238479132,0.08841112999796552,0.0010809523868258036
2031,0.08265143315632285,0.08224039618790045,0.00041103696842240134
2032,0.08597631500703559,0.08481349761688044,0.0011628173901551547
2033,0.08712269567572904,0.08689611658335308,0.00022657909237595864
2034,0.10007454906898508,0.09961710185553711,0.00045744721344796735
2035,0.08216185337722144,0.08315751917751173,-0.0009956658002902852
2036,0.08885874479553822,0.08541675886997938,0.0034419859255588464
2037,0.08103505749822688,0.07984300399667926,0.0011920535015476214
2038,0.09665142122110043,0.09248921073493925,0.00416221048616118
2039,0.09092442925867113,0.08907476617392883,0.001849663084742298
2040,0.0924576464780245,0.09168888100755532,0.0007687654704691821
2041,0.09056461041111745,0.08936420283810154,0.001200407573015913
2042,0.09006527934378714,0.08786797730285456,0.002197302040932575
2043,0.0772454053661564,0.0776530307500833,-0.00040762538392689895
2044,0.08931385874674577,0.08750490452924974,0.0018089542174960366
2045,0.07945321980968056,0.0764949590643398,0.0029582607453407656
2046,0.08009745160556322,0.08076077747614159,-0.0006633258705783657
2047,0.088695968585869,0.08591188768735088,0.0027840808985181292
2048,0.08451146169869381,0.08063359391621662,0.0038778677824771873
2049,0.08580563732825325,0.08009793767982519,0.005707699648428058
2050,0.08685619916850829,0.08564844846164145,0.0012077507068668364
2051,0.09013688502998161,0.08975512977371554,0.0003817552562660753
2052,0.0919676010666263,0.08933312425444345,0.0026344768121828455
2053,0.09858043658214265,0.09796321875473248,0.0006172178274101714
2054,0.07665129741732335,0.07711301951993538,-0.00046172210261202773
2055,0.09830030924213415,0.09638727988889291,0.0019130293532412385
2056,0.09142046533664397,0.09015035806758397,0.001270107269060003
2057,0.09523283684777918,0.09345671880579755,0.0017761180419816336
2058,0.08290648882661715,0.08101051084178675,0.0018959779848304048
2059,0.08283330383380792,0.08227120420206278,0.0005620996317451388
2060,0.0884265078780346,0.08567307154444515,0.0027534363335894596
2061,0.09048943547838065,0.08737248466959902,0.0031169508087816322
2062,0.09093904260722316,0.087621760752753,0.0033172818544701527
2063,0.09373532084914224,0.09020215172940634,0.0035331691197359044
2064,0.07973276451806144,0.07805891542604527,0.0016738490920161636
2065,0.09028837195556345,0.08899690914735808,0.0012914628082053708
2066,0.08702099603934971,0.08237393900441388,0.004647057034935828
2067,0.0832620816917783,0.0799402775749264,0.003321804116851901
2068,0.09707734019755772,0.09536674763537371,0.0017105925621840046
2069,0.08412396501134434,0.08540234350561446,-0.0012783784942701215
2070,0.08776753086120527,0.08566191511428556,0.0021056157469197118
2071,0.07924523633574632,0.07945221369673626,-0.00020697736098994335
2072,0.09002940989094718,0.08888124244677008,0.0011481674441771034
2073,0.099192734193635,0.09515335008535719,0.00403938410827781
2074,0.08779216722119257,0.08573162524586378,0.002060541975328789
2075,0.09408717256848284,0.09072000980925701,0.003367162759225828
2076,0.09706178752596817,0.09229000868346192,0.00477177884250625
2077,0.08156633517698893,0.08011951676461394,0.0014468184123749839
2078,0.0832009464560348,0.08201020795501371,0.0011907385010210964
2079,0.08551130812957218,0.08289151041131868,0.0026197977182535054
2080,0.08504690884517474,0.08503576103714314,1.114780803160298e-05
2081,0.09722906621414791,0.09510428673678156,0.002124779477366348
2082,0.08672688674354567,0.08427114818509246,0.002455738558453213
2083,0.09150829795635423,0.08919483265079571,0.0023134653055585236
2084,0.09021784712877348,0.08510819476278138,0.005109652365992104
2085,0.0896271568365894,0.08935392269269046,0.00027323414389893164
2086,0.08666762122686938,0.08509256269381184,0.0015750585330575467
2087,0.09302995758537579,0.08911450625351311,0.003915451331862677
2088,0.08831793537011685,0.0836868929211855,0.004631042448931352
2089,0.09242204086769988,0.09069467309271866,0.0017273677749812255
2090,0.08835153490405825,0.0865557340737714,0.0017958008302868533
2091,0.0838718329572763,0.0821310473050199,0.0017407856522563964
2092,0.09208633878448932,0.09180637450945635,0.00027996427503297616
2093,0.0939816171349565,0.09426654139801882,-0.00028492426306232777
2094,0.09210470599139084,0.08978847194886481,0.0023162340425260247
2095,0.08239299484575655,0.07816203788557607,0.004230956960180471
2096,0.10181130002428004,0.10080188072331324,0.0010094193009668045
2097,0.0921297411558,0.090757722201794,0.0013720189540060018
2098,0.08602544779806089,0.0812604870091489,0.00476496078891199
2099,0.08293841213578473,0.0815614982907191,0.001376913845065636
2100,0.09487870334364977,0.09265155498704244,0.0022271483566073252
2101,0.0911703631473965,0.08769865930203763,0.0034717038453588728
2102,0.09665839972871906,0.0933265429535654,0.0033318567751536576
2103,0.09202213266213116,0.0885751828405006,0.00344694982163056
2104,0.08323537304044738,0.0805004827072058,0.002734890333241577
2105,0.09428719898254997,0.09153757991342866,0.0027496190691213146
2106,0.09210422072355315,0.0891884869452615,0.002915733778291643
2107,0.07991595307893841,0.07907923804251908,0.0008367150364193277
2108,0.09349439718315602,0.09466044965240868,-0.0011660524692526514
2109,0.09150660712517901,0.09015778252171228,0.0013488246034667334
2110,0.08554309357935741,0.08612059327541546,-0.0005774996960580536
2111,0.09210174121368252,0.08915278316265236,0.002948958051030154
2112,0.09748485780811124,0.09092911543595744,0.006555742372153797
2113,0.07981044546022323,0.07784790152725443,0.0019625439329687966
2114,0.09852488443350263,0.09301683273207231,0.0055080517014303165
2115,0.0842775963776409,0.0836900632288017,0.000587533148839206
2116,0.08763089692706763,0.08554885976104655,0.0020820371660210807
2117,0.0954995499245325,0.09391582336940058,0.0015837265551319202
2118,0.08214319882791599,0.08050760909551756,0.0016355897323984264
2119,0.09905616316810735,0.09731249344806389,0.0017436697200434587
2120,0.09039828376074843,0.08517643122915056,0.005221852531597876
2121,0.07860881908051048,0.07783372677352658,0.0007750923069839016
2122,0.08913241604241755,0.08671205593908791,0.002420360103329633
2123,0.09005489939503013,0.08943764861520478,0.0006172507798253429
2124,0.09476175957131751,0.08916253978867991,0.005599219782637596
2125,0.09109163140261534,0.09088898448938722,0.0002026469132281189
2126,0.09678030742234726,0.09182009437014665,0.00496021305220061
2127,0.09363518570333951,0.09058479308376349,0.0030503926195760145
2128,0.09792685695988924,0.09542920206818521,0.002497654891704032
2129,0.0802577980377182,0.07748130872480676,0.00277648931291144
2130,0.08847981293494223,0.0858009268103722,0.0026788861245700263
2131,0.08018183198856758,0.07488363851690463,0.005298193471662951
2132,0.09926768670904139,0.09812082953840799,0.0011468571706333974
2133,0.0886877020422937,0.08869251023597775,-4.808193684049944e-06
2134,0.09146608556180193,0.08926241496487199,0.002203670596929941
2135,0.0898320858178635,0.08811279330975746,0.0017192925081060406
2136,0.10036804122684831,0.09406929242544168,0.006298748801406628
2137,0.08714497109094184,0.08338779915816852,0.0037571719327733205
2138,0.09541053126834051,0.09022692536024167,0.00518360590809884
2139,0.08872127683107486,0.0846736811857333,0.004047595645341559
2140,0.10009075638467567,0.09413111781478453,0.0059596385698911375
2141,0.08792100318646606,0.0828644353958031,0.005056567790662964
2142,0.0900798929972073,0.08916368860466771,0.000916204392539588
2143,0.07848748894015031,0.07850910837584935,-2.1619435699032907e-05
2144,0.0934593221036415,0.0885411885229267,0.004918133580714801
2145,0.09452842679073947,0.09191718549294997,0.0026112412977895016
2146,0.09260842117911236,0.08813699796686214,0.0044714232122502195
2147,0.09327274080134022,0.09464926259243112,-0.0013765217910908928
2148,0.09008485451824311,0.08664261319515545,0.0034422413230876525
2149,0.089432575680614,0.08466255338247008,0.004770022298143911
2150,0.0864441438346725,0.08206708346661791,0.004377060368054589
2151,0.08853802809469999,0.08824748754669796,0.00029054054800202456
2152,0.08370216480539372,0.08256996303002909,0.001132201775364633
2153,0.08962093279483743,0.0915039948129707,-0.0018830620181332636
2154,0.08668383139810175,0.08267436881017866,0.0040094625879230905
2155,0.09947276678616465,0.09608956959414935,0.003383197192015297
2156,0.07880997324563387,0.07557682038020469,0.003233152865429176
2157,0.0904445360378524,0.08982521084521326,0.0006193251926391308
2158,0.09191399604263542,0.09253880093094811,-0.0006248048883126939
2159,0.09476536485548112,0.09178772331027774,0.0029776415452033855
2160,0.09761423749082027,0.09339657586021673,0.004217661630603539
2161,0.0892756551656029,0.08792114040278816,0.001354514762814743
2162,0.07991549917279903,0.07839692955778782,0.001518569615011206
2163,0.09142865958645494,0.09076606876841013,0.0006625908180448031
2164,0.09233018475219494,0.08701347462623611,0.005316710125958829
2165,0.08021734407555506,0.08078899646710379,-0.0005716523915487298
2166,0.08680239906667545,0.08173069104109872,0.005071708025576729
2167,0.08789577998938831,0.08778620357153913,0.00010957641784918593
2168,0.08774333531047068,0.08407337515981766,0.0036699601506530177
2169,0.09112232921210532,0.09221275670177045,-0.0010904274896651328
2170,0.0953209158569196,0.09026541097805657,0.005055504878863026
2171,0.09449627492757437,0.09060393733071151,0.0038923375968628604
2172,0.09088919190682375,0.08977584547638529,0.0011133464304384638
2173,0.09625466116837551,0.09293605766295039,0.0033186035054251217
2174,0.09742596856067064,0.09043901359432627,0.006986954966344369
2175,0.0853312062778274,0.0835661825694481,0.0017650237083793041
2176,0.08591781310528758,0.08548636495057249,0.0004314481547150889
2177,0.08227063589617883,0.08056120939662156,0.0017094264995572706
2178,0.0869389882892668,0.08327013828265582,0.003668850006610977
2179,0.08517708039318653,0.08339916633184669,0.0017779140613398414
2180,0.08757595112167374,0.08309437370970557,0.004481577411968168
2181,0.09353000574684783,0.09174302848991153,0.0017869772569363007
2182,0.09093324608754012,0.08668196725452659,0.00425127883301353
2183,0.08579407133577713,0.08280442187932985,0.0029896494564472798
2184,0.08428490646904559,0.08357155134686894,0.0007133551221766427
2185,0.08965871018388964,0.09003781809857829,-0.0003791079146886478
2186,0.09151561539224513,0.0925553819110715,-0.0010397665188263683
2187,0.09002492591896209,0.08743652922619355,0.0025883966927685437
2188,0.08702836856567943,0.08440003337255593,0.002628335193123499
2189,0.09205767789026757,0.09079749840997466,0.0012601794802929167
2190,0.08749904105845897,0.08661217676055115,0.0008868642979078245
2191,0.09427799443347398,0.09174180414485862,0.0025361902886153614
2192,0.08136445920238994,0.07816510493668977,0.0031993542657001717
2193,0.09458182127359535,0.09190889822225232,0.0026729230513430347
2194,0.08408469519546104,0.08116439566469087,0.002920299530770165
2195,0.08075596238976888,0.0816946631971064,-0.0009387008073375169
2196,0.08441263616851571,0.07935555016912246,0.0050570859993932515
2197,0.08381284631734098,0.0834228160365878,0.00039003028075318413
2198,0.09064023375773561,0.08790485701905379,0.0027353767386818217
2199,0.08487623174856236,0.08372439147724925,0.001151840271313112
2200,0.09061838306729834,0.09009201957303492,0.0005263634942634238
2201,0.08703713850883332,0.0818766981829259,0.005160440325907428
2202,0.08450925204652997,0.08435363914548227,0.0001556129010476942
2203,0.09354963907853292,0.09104612205122624,0.0025035170273066815
2204,0.09724269519105927,0.09912115919696843,-0.0018784640059091584
2205,0.08677075781186466,0.08205735383562299,0.004713403976241676
2206,0.09127435588907545,0.09132784205542488,-5.348616634942571e-05
2207,0.08161749838112586,0.08099309953378667,0.000624398847339197
2208,0.08435984589145556,0.08238834927627353,0.0019714966151820335
2209,0.0805989941780684,0.07774535287945328,0.0028536412986151227
2210,0.08781343628440494,0.08708747964100837,0.000725956643396572
2211,0.08317538007135226,0.08271645312463408,0.00045892694671818834
2212,0.0797556085809584,0.07804547538849461,0.0017101331924637836
2213,0.0893171745054087,0.08929348536255388,2.36891428548186e-05
2214,0.08660192886293056,0.08701951361751263,-0.000417584754582076
2215,0.08388049500847625,0.08037173606648809,0.003508758941988155
2216,0.07843711128536839,0.08306160098284836,-0.004624489697479972
2217,0.0885074938261521,0.08879392557570091,-0.00028643174954881556
2218,0.07951358648804446,0.07789190921276119,0.0016216772752832703
2219,0.08549213185191758,0.07897593664201527,0.006516195209902306
2220,0.08613298078726445,0.08585103466536392,0.0002819461219005226
2221,0.08570836656579175,0.08131380644974621,0.00439456011604554
2222,0.08811610678406213,0.08941722658108306,-0.0013011197970209248
2223,0.08080995179511324,0.08212624479419355,-0.0013162929990803013
2224,0.0866388879729879,0.08932304076082598,-0.0026841527878380816
2225,0.08615905114883272,0.08318603274232354,0.0029730184065091814
2226,0.08979883042961827,0.08515462620474253,0.004644204224875742
2227,0.0976334424284887,0.09282074869474118,0.004812693733747528
2228,0.0854353329260554,0.0829472982069695,0.002488034719085902
2229,0.09080473381244526,0.08925523092900912,0.001549502883436138
2230,0.09735845012599015,0.09619113057584654,0.0011673195501436112
2231,0.09057804049012652,0.08737266905000331,0.003205371440123214
2232,0.08595521777524281,0.0889449150750855,-0.002989697299842692
2233,0.09068262470673646,0.0859777086950767,0.00470491601165976
2234,0.08741934557426385,0.08574227609464484,0.0016770694796190144
2235,0.08701213926884303,0.08297876442759697,0.004033374841246065
2236,0.08550732983492255,0.08560112927189856,-9.379943697600257e-05
2237,0.08812230933695171,0.08715469795445725,0.0009676113824944599
2238,0.08519662403477764,0.08041156073404572,0.004785063300731918
2239,0.09570667969918226,0.09269071108081019,0.0030159686183720696
2240,0.08455236785739935,0.08238211682286987,0.0021702510345294745
2241,0.09632336931851378,0.09394130552238604,0.002382063796127737
2242,0.09508361129981677,0.0943179855052383,0.0007656257945784645
2243,0.08268498060950724,0.07994022910132427,0.0027447515081829715
2244,0.09529696507696699,0.0918640787165141,0.003432886360452886
2245,0.09374483079290813,0.09232699040403095,0.001417840388877184
2246,0.08764778003586203,0.0883477331617392,-0.000699953125877173
2247,0.08426222881425414,0.08370050618155644,0.0005617226326977004
2248,0.08909157249303312,0.08889275962366582,0.0001988128693673069
2249,0.0881774817716383,0.08191931283157199,0.006258168940066311
2250,0.0867540490344356,0.0848640030387566,0.0018900459956790044
2251,0.09358588709483774,0.0926198323194126,0.0009660547754251347
2252,0.08510819261622343,0.08696498807446068,-0.0018567954582372481
2253,0.0945294950362758,0.08927505096985175,0.005254444066424058
2254,0.0832747050607924,0.0820826427389363,0.001192062321856105
2255,0.08027457904337768,0.08024775430321421,2.682474016346692e-05
2256,0.09435492189814437,0.09298868359785882,0.0013662383002855522
2257,0.0763345243560465,0.07315338479032413,0.0031811395657223712
2258,0.08365199921812068,0.08854113868109321,-0.004889139462972536
2259,0.08968641096655756,0.08701058745044751,0.0026758235161100513
2260,0.09528077530777117,0.09347724939443422,0.001803525913336948
2261,0.1037699620620091,0.10132615238136407,0.0024438096806450316
2262,0.0918943440780428,0.08744569224379221,0.004448651834250583
2263,0.0889947381488774,0.08804565481194522,0.0009490833369321799
2264,0.08746020723027664,0.08843961713518056,-0.0009794099049039162
2265,0.09976578489529626,0.09618200213329552,0.003583782762000748
2266,0.09037740653931542,0.08551890456957649,0.004858501969738929
2267,0.08885057211630655,0.08576629575139086,0.003084276364915692
2268,0.0907405770927817,0.0870235436983461,0.0037170333944356038
2269,0.08728964181932558,0.08237056233879436,0.004919079480531219
2270,0.08574349977200338,0.08105574235116439,0.004687757420838989
2271,0.07751571998332966,0.07858862030668948,-0.0010729003233598128
2272,0.08672440878223926,0.08685213448638983,-0.0001277257041505664
2273,0.09672191733037924,0.09570773458787014,0.0010141827425090982
2274,0.07391916206740377,0.0743779543374224,-0.000458792270018632
2275,0.08389416828815727,0.078610591290505,0.0052835769976522645
2276,0.09475617978679118,0.09177683771907456,0.00297934206771662
2277,0.0918411433507994,0.08818103003629471,0.0036601133145046927
2278,0.09068267091102189,0.08678963713390808,0.003893033777113808
2279,0.08879659248716833,0.09021519242408782,-0.001418599936919493
2280,0.09752796854851341,0.09685458043590603,0.0006733881126073787
2281,0.09477751623576888,0.0938797733318285,0.0008977429039403878
2282,0.08507224819053362,0.08759245639605756,-0.002520208205523941
2283,0.07813456086763836,0.07818076516691182,-4.620429927346126e-05
2284,0.0948615201945412,0.09209590407215028,0.0027656161223909154
2285,0.09052853911535705,0.08502091944846757,0.0055076196668894795
2286,0.07741678697886319,0.0760170796117047,0.0013997073671584842
2287,0.09366951938267194,0.09005446096825952,0.0036150584144124254
2288,0.08827236018919359,0.08669296309520744,0.0015793970939861485
2289,0.08651090895084862,0.08307428141001333,0.003436627540835291
2290,0.08191256401944302,0.07985021943024054,0.002062344589202486
2291,0.08970137890468345,0.08617464546730713,0.00352673343737632
2292,0.07344984462599032,0.07446206014173862,-0.001012215515748302
2293,0.08214255057549086,0.08023003955700443,0.0019125110184864264
2294,0.0882916555932072,0.08736920014958291,0.0009224554436242927
2295,0.10005630092415742,0.09374022030495874,0.00631608061919868
2296,0.08586594009219374,0.08530928507551039,0.0005566550166833523
2297,0.09098749072003634,0.08396980269219047,0.0070176880278458725
2298,0.08913587108765372,0.08631032194009242,0.002825549147561307
2299,0.10095163783611114,0.09228025205021267,0.008671385785898461
2300,0.10070869093739684,0.09682269330855385,0.0038859976288429937
2301,0.10273681036198153,0.09688377144161874,0.005853038920362791
2302,0.09607321310721269,0.09203261283766569,0.004040600269547001
2303,0.08958062909817278,0.08468239614252428,0.004898232955648507
2304,0.08860766109349796,0.0858038601451606,0.002803800948337362
2305,0.09323255030201659,0.0925900901542997,0.0006424601477168917
2306,0.09357995407115058,0.09181603786701747,0.0017639162041331036
2307,0.10086474033914211,0.09910389988496049,0.0017608404541816225
2308,0.08118865427448824,0.08265974560273133,-0.0014710913282430932
2309,0.07544682824431914,0.0767180425869222,-0.0012712143426030637
2310,0.09721198333882923,0.09584681874867251,0.0013651645901567172
2311,0.08080938740914588,0.0825413246958929,-0.0017319372867470179
2312,0.09415991117151669,0.08874831382770813,0.005411597343808555
2313,0.0922229974431524,0.09162088056551529,0.0006021168776371155
2314,0.07940851591973036,0.07634999846928375,0.0030585174504466073
2315,0.08363202825867526,0.08648555351691117,-0.0028535252582359144
2316,0.08102866885078416,0.0781819949383265,0.002846673912457659
2317,0.09046154050355563,0.08872106514692525,0.0017404753566303832
2318,0.09014967841765732,0.09057310805047941,-0.00042342963282208934
2319,0.09115026357715811,0.0918694235520255,-0.0007191599748673921
2320,0.08713853195302729,0.08125524950860634,0.005883282444420948
2321,0.09543953887225953,0.09312393117681875,0.0023156076954407856
2322,0.08725613742347521,0.08884332734371592,-0.0015871899202407058
2323,0.08686968521135845,0.0824106370206405,0.0044590481907179486
2324,0.09018738231927245,0.08747834965776348,0.0027090326615089727
2325,0.09540513427663144,0.09385661022980987,0.00154852404682157
2326,0.08153587200992057,0.0766376246534027,0.004898247356517879
2327,0.09216068013777284,0.0899070594198843,0.002253620717888538
2328,0.08039316359136853,0.0837665134007234,-0.0033733498093548725
2329,0.07235251800585935,0.07544992601469389,-0.00309740800883454
2330,0.0841704953533413,0.08094219247396216,0.0032283028793791413
2331,0.09133164653251852,0.08452601787995821,0.0068056286525603055
2332,0.0841380675052614,0.08331957699087791,0.0008184905143834853
2333,0.085251451986986,0.08309396677140929,0.00215748521557671
2334,0.1000098225217847,0.09726917922818176,0.0027406432936029346
2335,0.08294768087562855,0.08001197386140708,0.002935707014221467
2336,0.08731696948590077,0.08312493273637976,0.004192036749521011
2337,0.08542257255069396,0.08111030387300368,0.004312268677690287
2338,0.08992158559234158,0.08918013526303235,0.0007414503293092234
2339,0.09580257478473328,0.09170927682146544,0.004093297963267836
2340,0.09626240544189392,0.09393079976839773,0.00233160567349619
2341,0.10896648829463286,0.1022621003105638,0.0067043879840690546
2342,0.08863403165167821,0.08324716446807896,0.00538686718359925
2343,0.07950114707788104,0.07421288652091479,0.005288260556966254
2344,0.08818362137087556,0.087831075061769,0.00035254630910655504
2345,0.08742457175205037,0.08842049465061196,-0.0009959228985615826
2346,0.0978987823763242,0.0969710863569228,0.0009276960194014028
2347,0.08693416680710962,0.0860465950460431,0.000887571761066519
2348,0.08096195785428875,0.07628043485877377,0.004681522995514983
2349,0.09299663781920478,0.08951936397801678,0.003477273841187997
2350,0.08703426881941631,0.08537675129153259,0.00165751752788372
2351,0.07899194842657176,0.07997046416704998,-0.0009785157404782197
2352,0.08857726923158554,0.08590785744384855,0.002669411787736997
2353,0.08033454023975659,0.08101821875108926,-0.0006836785113326777
2354,0.08729301303802797,0.08197072208020903,0.005322290957818943
2355,0.07908397017133091,0.07604590679849499,0.0030380633728359224
2356,0.10595368032360941,0.10079702956217325,0.005156650761436163
2357,0.09134118969696774,0.09086321227155822,0.0004779774254095176
2358,0.09711609191088075,0.09494336853839085,0.0021727233724899014
2359,0.09267906805524177,0.09056219909860158,0.0021168689566401916
2360,0.10194141361828783,0.09940113343417242,0.0025402801841154093
2361,0.08648352332903764,0.08354326766797725,0.0029402556610603897
2362,0.09335837407945022,0.09199839436747091,0.0013599797119793061
2363,0.09734246358189556,0.09206331895085756,0.005279144631037999
2364,0.08474483333240525,0.08398976231905757,0.0007550710133476801
2365,0.09045762730758135,0.08720936596768467,0.0032482613398966825
2366,0.08695285067713336,0.08272611985655817,0.004226730820575189
2367,0.08527281877084963,0.08480848088629446,0.00046433788455517433
2368,0.09288815412498815,0.09165535410955813,0.0012328000154300106
2369,0.0912827297828241,0.08343484969145931,0.007847880091364792
2370,0.10106272326981887,0.0991564668686259,0.0019062564011929628
2371,0.08853957241005218,0.09001920461710011,-0.001479632207047929
2372,0.08647522656247468,0.08456736021477428,0.0019078663477004043
2373,0.08923509879615903,0.0820329044665159,0.007202194329643127
2374,0.08317923065076153,0.08338767584884949,-0.00020844519808795037
2375,0.09202635470402484,0.08763732197920646,0.004389032724818387
2376,0.09458073315930851,0.08861875621317712,0.005961976946131389
2377,0.07844004743616649,0.07794777587555915,0.0004922715606073408
2378,0.0856173121123989,0.08678838700758114,-0.001171074895182242
2379,0.08451921630357567,0.08378083508879151,0.000738381214784159
2380,0.08955450534054217,0.08641304892036435,0.003141456420177824
2381,0.09284065369361295,0.09150248624883825,0.0013381674447747044
2382,0.09421334279338538,0.09062875658684394,0.0035845862065414374
2383,0.08982207973321518,0.08633802576334293,0.003484053969872253
2384,0.08340962228427116,0.08254747579419855,0.0008621464900726156
2385,0.09943803985190086,0.09756888491788655,0.0018691549340143082
2386,0.09191029870087701,0.08930877519468125,0.0026015235061957603
2387,0.09455204198651776,0.09248568553531081,0.002066356451206952
2388,0.09635355867947401,0.09265254057492671,0.0037010181045473017
2389,0.09169714684434965,0.0910185511074469,0.0006785957369027512
2390,0.08557512092830852,0.08201549368084834,0.003559627247460173
2391,0.08031902729982264,0.07785351029564103,0.002465517004181614
2392,0.07990181268425,0.07988319575760609,1.8616926643913456e-05
2393,0.08509190179381575,0.08471830816767517,0.00037359362614057534
2394,0.08910455338664752,0.08562419963071698,0.003480353755930546
2395,0.07739417147775056,0.07940945332362831,-0.0020152818458777505
2396,0.08797483663206401,0.08879570406434119,-0.0008208674322771753
2397,0.0910671130108306,0.09054540606104028,0.0005217069497903265
2398,0.09371766939331634,0.09200834451724138,0.0017093248760749608
2399,0.08699288993864257,0.0839245709312873,0.003068319007355269
2400,0.09006786788940281,0.08942677616130798,0.0006410917280948308
2401,0.09338772375039076,0.09018852476650956,0.003199198983881199
2402,0.08568642202814238,0.08255523720374497,0.0031311848243974066
2403,0.09480454374140677,0.0904302774590739,0.004374266282332881
2404,0.09266733251060363,0.08929501266719721,0.0033723198434064267
2405,0.08858936647401172,0.08720223298151616,0.001387133492495557
2406,0.08302407822583754,0.08423175530132347,-0.0012076770754859273
2407,0.07742135763093265,0.07469048273013,0.002730874900802649
2408,0.08979338229322685,0.08665990260418809,0.003133479689038765
2409,0.09411194665249789,0.09187176638132476,0.002240180271173134
2410,0.09640030570325675,0.09186791492461642,0.00453239077864033
2411,0.0961832420303072,0.09504322343850194,0.001140018591805264
2412,0.09539253789633866,0.09338130633689495,0.002011231559443702
2413,0.09039295504402255,0.08833422118174797,0.0020587338622745782
2414,0.09125729961753062,0.08832910991974759,0.0029281896977830374
2415,0.09330944712928883,0.08761323987853259,0.005696207250756244
2416,0.08548961032849889,0.08490793737200626,0.0005816729564926265
2417,0.08663771855510068,0.08677807070931075,-0.00014035215421007163
2418,0.09070701439096888,0.08743979019776761,0.0032672241932012736
2419,0.08719444479455114,0.0836662040212119,0.003528240773339242
2420,0.08865430929648578,0.08526753083146789,0.0033867784650178923
2421,0.08663121992261855,0.08088357992840449,0.005747639994214057
2422,0.0919913790802928,0.08827547775779573,0.0037159013224970644
2423,0.08451292992876167,0.0829587828990602,0.0015541470297014692
2424,0.08844983184894553,0.08801621440548103,0.0004336174434644985
2425,0.0761749791496439,0.07559499763271889,0.00057998151692501
2426,0.0825607179298387,0.08114302199726742,0.0014176959325712807
2427,0.08700038926838738,0.0873716963309605,-0.00037130706257311463
2428,0.08981097132653437,0.08862578242247285,0.0011851889040615238
2429,0.08253397875740069,0.07662571284737284,0.0059082659100278545
2430,0.09030694674220877,0.08908859481996372,0.0012183519222450506
2431,0.0963336441827783,0.09362564954835159,0.002707994634426711
2432,0.08276259540798807,0.0770889290890498,0.0056736663189382724
2433,0.0919681648974854,0.09236174065328405,-0.000393575755798653
2434,0.09002966448195403,0.08750532213968322,0.0025243423422708078
2435,0.09235448081840315,0.09120090203378589,0.0011535787846172624
2436,0.09371131816316575,0.09186908472719647,0.0018422334359692732
2437,0.08968392810556738,0.08780232326845187,0.0018816048371155109
2438,0.0923519888627612,0.08882790970277565,0.003524079159985552
2439,0.08048636891080233,0.08107374323307953,-0.0005873743222772065
2440,0.08874532752326653,0.08209056961120557,0.006654757912060952
2441,0.08454119761952045,0.08281864703082843,0.001722550588692015
2442,0.08480345772559586,0.08586261008863966,-0.0010591523630437971
2443,0.08497632137287686,0.0847505019192679,0.00022581945360895805
2444,0.0873587259914763,0.08872289262375617,-0.0013641666322798673
2445,0.09136191722802836,0.08487937866107664,0.006482538566951718
2446,0.08738626479925413,0.0837065021545714,0.003679762644682727
2447,0.09576550505883062,0.09024944502818254,0.0055160600306480845
2448,0.06992173627182827,0.07158802338103477,-0.0016662871092065074
2449,0.08554729437430338,0.08293650442216906,0.002610789952134318
2450,0.08386366208755497,0.0841061710612806,-0.0002425089737256303
2451,0.09389267124786835,0.09053703344576872,0.0033556378020996314
2452,0.09394445902033316,0.09404325966305334,-9.880064272017874e-05
2453,0.09517590606787406,0.09722968981794264,-0.00205378375006858
2454,0.08954462449691289,0.0862631188215711,0.0032815056753417865
2455,0.08904221986144754,0.0854501954678053,0.003592024393642243
2456,0.08801179709854537,0.08475440467551387,0.0032573924230314966
2457,0.08864851620809694,0.08499828080699547,0.003650235401101473
2458,0.08903615307047695,0.08382796920767135,0.005208183862805596
2459,0.0844548577686717,0.08796287742354497,-0.003508019654873268
2460,0.08754335996589274,0.08355881819292997,0.003984541772962771
2461,0.08508963839254932,0.08275084822733336,0.0023387901652159593
2462,0.0885230145040625,0.0852010226564017,0.003321991847660799
2463,0.09042650142196819,0.08970380197529892,0.0007226994466692643
2464,0.0874625203852095,0.08218150199973294,0.005281018385476566
2465,0.08132572873970234,0.07838858760304435,0.0029371411366579947
2466,0.09944500109233465,0.09577531906621779,0.0036696820261168522
2467,0.09025953954144716,0.08786144005722528,0.0023980994842218856
2468,0.08535346357539518,0.08218283667926413,0.003170626896131054
2469,0.08813292843462626,0.08672795498114078,0.001404973453485489
2470,0.08289115011924694,0.08227444492530389,0.0006167051939430512
2471,0.10011640986466414,0.0988977473305783,0.0012186625340858404
2472,0.09788631270349822,0.09495193311677787,0.0029343795867203537
2473,0.0831137116974483,0.08284619927772302,0.00026751241972527984
2474,0.10481018514656407,0.10147053962494276,0.003339645521621304
2475,0.08917208711110997,0.08741751362264963,0.001754573488460337
2476,0.08105787466341906,0.08201584744390761,-0.0009579727804885502
2477,0.09038843548047494,0.08535633400682356,0.005032101473651379
2478,0.09817389685369735,0.09359151948022766,0.004582377373469684
2479,0.09551986917896649,0.09761530871769392,-0.0020954395387274283
2480,0.09113920889152882,0.09058833216176344,0.0005508767297653788
2481,0.09358615584416594,0.09024403661918463,0.003342119224981302
2482,0.08255160303702504,0.0839804137862289,-0.0014288107492038682
2483,0.08544187011574134,0.08306088379032478,0.0023809863254165564
2484,0.08579615872680808,0.0804010120861537,0.00539514664065438
2485,0.10221924447962193,0.09852931737330511,0.003689927106316812
2486,0.0979073808304267,0.09324382524080209,0.004663555589624613
2487,0.08544077031626857,0.08231293741768003,0.003127832898588534
2488,0.0901089755975003,0.08566939412337916,0.004439581474121129
2489,0.08435597272755681,0.08595446221953401,-0.0015984894919772036
2490,0.08874380033893095,0.08823602833508844,0.0005077720038425132
2491,0.08784737352618421,0.08095966277917084,0.006887710747013373
2492,0.09010847351255591,0.08632532865055702,0.003783144861998891
2493,0.09195511921164888,0.08766059778961596,0.004294521422032918
2494,0.08025843968312982,0.08161171088886826,-0.0013532712057384433
2495,0.0914967503351595,0.08700325439829211,0.004493495936867389
2496,0.08577955272685599,0.08482652718052637,0.0009530255463296167
2497,0.09416326873292404,0.08854920929098008,0.005614059441943958
2498,0.09318192521803162,0.09140734428252194,0.0017745809355096814
2499,0.09374362524968134,0.09278727393555262,0.0009563513141287172
2500,0.09544479535342723,0.0918186064442438,0.0036261889091834254
2501,0.09172910278462065,0.08877962329014387,0.002949479494476784
2502,0.097506942366577,0.09606810354519696,0.0014388388213800452
2503,0.0945573473866395,0.09356388918582421,0.0009934582008152837
2504,0.08651396942198267,0.085443127362101,0.0010708420598816715
2505,0.0858049122103395,0.08603456104825088,-0.00022964883791137813
2506,0.08972947475371809,0.08809253896480608,0.0016369357889120112
2507,0.08652221660557721,0.0877032794439114,-0.0011810628383341903
2508,0.08440391120407137,0.0788976177092459,0.005506293494825468
2509,0.089037320698507,0.09102274351495696,-0.00198542281644995
2510,0.08582167766298185,0.08282940960004918,0.0029922680629326653
2511,0.08470285927916334,0.08158402483216616,0.0031188344469971763
2512,0.0907727728467903,0.08864617703569634,0.0021265958110939648
2513,0.08773098713612171,0.08279919102003215,0.004931796116089557
2514,0.10087781376710911,0.09742068701850927,0.0034571267485998397
2515,0.09144443472816721,0.09440207591121184,-0.002957641183044632
2516,0.09521103169500617,0.08647712408596187,0.0087339076090443
2517,0.09127703167822727,0.08982783946841855,0.0014491922098087279
2518,0.08851008092089543,0.08974088704849519,-0.0012308061275997512
2519,0.0809578585677634,0.08398659038701972,-0.0030287318192563223
2520,0.08426727709448562,0.08079593772042813,0.0034713393740574833
2521,0.08395074436329036,0.0807771640884018,0.0031735802748885655
2522,0.09079775877611143,0.08937862810005916,0.0014191306760522743
2523,0.07893008199274047,0.07872954921907013,0.0002005327736703394
2524,0.08722200455397365,0.08260287511327481,0.004619129440698838
2525,0.07801701236117889,0.07930675117399967,-0.0012897388128207815
2526,0.08619951316316128,0.08638543794594596,-0.0001859247827846744
2527,0.0921452345018127,0.08768356179910104,0.004461672702711653
2528,0.0834596100255713,0.08256307890649534,0.0008965311190759634
2529,0.0828895621581407,0.08206642778412111,0.0008231343740195823
2530,0.08516148831393412,0.082379933125983,0.002781555187951118
2531,0.10599675091162354,0.10484423718410148,0.0011525137275220643
2532,0.07933235840934702,0.07812307801474862,0.0012092803945984026
2533,0.08033960180010093,0.07915394670156625,0.0011856550985346742
2534,0.08788079779238117,0.08512983308256455,0.0027509647098166168
2535,0.08670370026901661,0.08495895916693291,0.0017447411020836967
2536,0.09532467806938719,0.0948797183593204,0.0004449597100667918
2537,0.08357192724395582,0.08506841417939388,-0.0014964869354380655
2538,0.07798960893061857,0.07860813218899523,-0.0006185232583766631
2539,0.10145892378758214,0.09898197938712647,0.0024769444004556773
2540,0.08876077057461554,0.08664233325136085,0.0021184373232546877
2541,0.09911395820311812,0.09653397377166756,0.0025799844314505632
2542,0.07897399023519547,0.07903439508568143,-6.040485048595945e-05
2543,0.09132958945813621,0.08874812249685016,0.0025814669612860552
2544,0.0883659992478752,0.08738450573099958,0.0009814935168756117
2545,0.08545535122643018,0.08707877421616814,-0.0016234229897379576
2546,0.09096423233262377,0.08981253520577395,0.0011516971268498155
2547,0.08938562913782148,0.08619921224490555,0.003186416892915933
2548,0.09369385961317257,0.0919395022039009,0.0017543574092716702
2549,0.0827384781020308,0.0806244917876438,0.002113986314387001
2550,0.09302436866572314,0.09228262170299681,0.0007417469627263307
2551,0.08949708048861243,0.08824140666397855,0.0012556738246338878
2552,0.09307352739755084,0.09007948072907154,0.0029940466684793
2553,0.09413182799449855,0.08966251003090595,0.004469317963592609
2554,0.08870250166804723,0.08543382993169442,0.003268671736352813
2555,0.09262001240906624,0.09097599808586762,0.0016440143231986198
2556,0.08113697894826648,0.08356730886225557,-0.0024303299139890877
2557,0.09201539635793783,0.09231748265537262,-0.0003020862974347921
2558,0.07996708989883251,0.08283288894493185,-0.002865799046099335
2559,0.09788064604287368,0.09498775770198088,0.0028928883408927963
2560,0.090773667331862,0.0918585356199537,-0.001084868288091706
2561,0.09058836093537774,0.0881703365965943,0.0024180243387834366
2562,0.0935644047253606,0.09254555113013443,0.0010188535952261601
2563,0.08962371199703292,0.0906853119641556,-0.00106159996712267
2564,0.09165550609989112,0.08797494829873855,0.003680557801152576
2565,0.09381496704487301,0.08946139380463705,0.004353573240235956
2566,0.08380210680537581,0.08157712773689867,0.0022249790684771426
2567,0.09774333168147704,0.0948256708630741,0.002917660818402945
2568,0.0707544055086629,0.07249817763107155,-0.0017437721224086572
2569,0.09449390299344677,0.09292041650936916,0.0015734864840776103
2570,0.0924035591049296,0.08667152273217538,0.005732036372754226
2571,0.08687786162592256,0.08317955954171957,0.0036983020842029923
2572,0.07936474266993086,0.08201771903027781,-0.002652976360346948
2573,0.08462978091304156,0.08599809349310998,-0.0013683125800684204
2574,0.0813621550732746,0.07912124449423828,0.0022409105790363176
2575,0.0847104208999514,0.08392343279700412,0.0007869881029472781
2576,0.0817253542997633,0.07925802893795234,0.0024673253618109625
2577,0.09805122745134968,0.09547258314990176,0.002578644301447927
2578,0.07570267861093379,0.07518667504243408,0.0005160035684997066
2579,0.09558211711572062,0.0926864863730257,0.0028956307426949157
2580,0.08967068227361721,0.08948425241509976,0.00018642985851745342
2581,0.08629944131900336,0.0861538103521741,0.00014563096682924936
2582,0.0910986057639363,0.08530617276206141,0.005792433001874889
2583,0.09089217089260401,0.08846477281151426,0.002427398081089757
2584,0.09998151986408949,0.09632761712170455,0.003653902742384932
2585,0.09684486426266614,0.09089144618845393,0.005953418074212208
2586,0.08643012530132824,0.08397272057162997,0.0024574047296982704
2587,0.0786758468578742,0.08198863843687922,-0.00331279157900502
2588,0.08995746159563671,0.08870077648052638,0.0012566851151103314
2589,0.07280416972996953,0.07506580359248213,-0.002261633862512602
2590,0.09697587743874217,0.0937377174473073,0.003238159991434869
2591,0.08648830320445215,0.08154172856480826,0.004946574639643889
2592,0.09334746366325795,0.08611574613685895,0.007231717526399006
2593,0.09945284097869471,0.09974891777172795,-0.0002960767930332425
2594,0.09404253665773638,0.09145369401083095,0.002588842646905426
2595,0.09109334976477765,0.0831601400419246,0.007933209722853052
2596,0.0902347568530764,0.0907353204399124,-0.0005005635868360059
2597,0.088063041395645,0.08468996793848421,0.0033730734571607857
2598,0.08159286143456053,0.08532677793216775,-0.003733916497607223
2599,0.09138329971262966,0.08921879708341662,0.0021645026292130415
2600,0.07539819352906259,0.07525412516708697,0.00014406836197561335
2601,0.08317837211185768,0.08190161845002979,0.0012767536618278896
2602,0.08900988875309253,0.0887577232520931,0.000252165500999435
2603,0.08353820814735977,0.08229750661726283,0.0012407015300969354
2604,0.08850438681223649,0.08645164422963769,0.002052742582598799
2605,0.0857195241281652,0.08290675293803473,0.0028127711901304725
2606,0.08165348475394807,0.07910747940731422,0.0025460053466338506
2607,0.09050945514120812,0.09004087480425896,0.00046858033694915924
2608,0.09174968046900749,0.09332485493973705,-0.001575174470729565
2609,0.08192397628374941,0.08041441673287289,0.0015095595508765186
2610,0.09552361042353605,0.0873023109510972,0.008221299472438853
2611,0.09420488668449059,0.08843721130809856,0.0057676753763920285
2612,0.08257069661491778,0.08363403751084866,-0.001063340895930881
2613,0.08098801751937015,0.07735666757232218,0.0036313499470479738
2614,0.09846465189957991,0.0959507084914978,0.0025139434080821144
2615,0.08893045926665669,0.0841078848795631,0.004822574387093589
2616,0.08340570536763267,0.0808606190388135,0.0025450863288191683
2617,0.08795940600690742,0.08553636874533223,0.002423037261575195
2618,0.07503714948652745,0.07816432679068361,-0.0031271773041561535
2619,0.09297707627095693,0.09165241388508528,0.0013246623858716444
2620,0.08443516050917095,0.08154767142375753,0.0028874890854134194
2621,0.09377802857726861,0.09167864399540221,0.002099384581866398
2622,0.09457608683414294,0.09241379379031531,0.0021622930438276317
2623,0.09327589516936664,0.0903138597624185,0.0029620354069481436
2624,0.10160301170512048,0.09784695089674712,0.00375606080837336
2625,0.08275741675970567,0.0805963837329605,0.0021610330267451683
2626,0.08311523308524958,0.08199327535397129,0.0011219577312782947
2627,0.08567486399871657,0.0865594858716872,-0.0008846218729706284
2628,0.08895532421786419,0.08882294572938476,0.00013237848847942602
2629,0.07908115006507203,0.08008735701273935,-0.0010062069476673152
2630,0.09126582410746732,0.08853275917428931,0.0027330649331780144
2631,0.09161884203697965,0.09221048085901559,-0.0005916388220359448
2632,0.09151633803595241,0.08967043602249858,0.0018459020134538318
2633,0.08519176308064404,0.0836604450066712,0.0015313180739728316
2634,0.08400353636791473,0.08226834171069777,0.0017351946572169569
2635,0.07796476652553483,0.07540161638697751,0.0025631501385573185
2636,0.0903362636372008,0.08673898324616111,0.003597280391039695
2637,0.09074318351012908,0.09038499258525619,0.00035819092487289483
2638,0.08790742067573404,0.0827621569120889,0.005145263763645144
2639,0.08999994939410634,0.08456235565495884,0.005437593739147498
2640,0.08362931987097175,0.07727051214334323,0.006358807727628521
2641,0.08526247546249749,0.08231140238445793,0.0029510730780395594
2642,0.10051101231755508,0.09995160076931975,0.0005594115482353279
2643,0.08864140987900128,0.08542862050335819,0.0032127893756430936
2644,0.0921353099884018,0.08698057181765881,0.005154738170742995
2645,0.09331369938776732,0.08797216913532264,0.005341530252444673
2646,0.07109538502494107,0.07121315125272218,-0.00011776622778110479
2647,0.08579835299096157,0.08339280326245065,0.002405549728510925
2648,0.09384933297742258,0.0919730876302889,0.0018762453471336815
2649,0.08747615790347518,0.0857684033670786,0.0017077545363965857
2650,0.09418092229853087,0.09242117009420965,0.001759752204321216
2651,0.0963465253470904,0.09339506697539224,0.0029514583716981624
2652,0.09322971487443758,0.09266611634198066,0.0005635985324569243
2653,0.0869093396711549,0.08649344665706392,0.0004158930140909789
2654,0.08527782971978834,0.08555557394675774,-0.00027774422696939804
2655,0.09478198934144712,0.0945376544009785,0.0002443349404686185
2656,0.09200668835655526,0.08948369485063655,0.002522993505918711
2657,0.09261690134505654,0.09189638981304937,0.0007205115320071676
2658,0.07836809523137293,0.07996557989047509,-0.001597484659102158
2659,0.09047949700454984,0.08745306245936316,0.003026434545186682
2660,0.07898814861520566,0.07959651044426672,-0.0006083618290610576
2661,0.08237748862855859,0.08130061965870909,0.001076868969849501
2662,0.08768415330808398,0.08541747298647889,0.002266680321605083
2663,0.09016163618336365,0.0924767165555972,-0.0023150803722335467
2664,0.09963041296366842,0.0961490994267169,0.0034813135369515247
2665,0.08484090240084505,0.08478598459931246,5.491780153259185e-05
2666,0.08829298796410358,0.0862894595564341,0.002003528407669472
2667,0.10260394673425197,0.09829861781888198,0.004305328915369985
2668,0.09688034853955002,0.0919992003292859,0.004881148210264127
2669,0.09663807391945438,0.09355541215329849,0.003082661766155889
2670,0.07675377755236792,0.07786858726842874,-0.0011148097160608161
2671,0.09544189008188508,0.0905358023785356,0.004906087703349479
2672,0.0888961965516696,0.08681511836869882,0.0020810781829707775
2673,0.0881277757398372,0.0842636151265967,0.0038641606132404915
2674,0.0770241136410661,0.07813181071835495,-0.0011076970772888606
2675,0.07924970462836413,0.07784433868461489,0.0014053659437492372
2676,0.08661002358975674,0.08484341319867483,0.0017666103910819048
2677,0.09408398234566322,0.08953074010461241,0.004553242241050803
2678,0.09394706925079639,0.08871771750290988,0.00522935174788651
2679,0.08476162456889431,0.08202767193086392,0.0027339526380303902
2680,0.08692167371180382,0.08448303053896997,0.0024386431728338487
2681,0.09497498265320677,0.08841302671776129,0.006561955935445479
2682,0.07927550054574078,0.07695770070159741,0.0023177998441433756
2683,0.09020960355894883,0.09054370191162073,-0.0003340983526718966
2684,0.07867687184737492,0.07518340239486193,0.0034934694525129845
2685,0.08130414083970607,0.07989220057730655,0.0014119402623995192
2686,0.09864293386276902,0.09934734472409681,-0.0007044108613277894
2687,0.08981985598257061,0.08648464939967612,0.00333520658289449
2688,0.09119437898022961,0.08875912716342811,0.002435251816801501
2689,0.0872682697862678,0.08492008560746324,0.0023481841788045577
2690,0.08933547517686112,0.08718801678234893,0.0021474583945121917
2691,0.09032481511629624,0.08633376574342555,0.003991049372870689
2692,0.08971043472137219,0.08825179833060988,0.0014586363907623107
2693,0.08399584765032088,0.08540700606032649,-0.0014111584100056085
2694,0.09060502264279467,0.08992312396546373,0.0006818986773309416
2695,0.09572977495051188,0.09506260888481442,0.0006671660656974582
2696,0.08608019467644153,0.08163490478250418,0.004445289893937346
2697,0.09175144019704541,0.09023610268175236,0.0015153375152930498
2698,0.0819094309510588,0.08274120373091888,-0.0008317727798600738
2699,0.08799104857409792,0.08434392184231926,0.003647126731778666
2700,0.07781044091917369,0.07915725331107949,-0.0013468123919058023
2701,0.08981775007153062,0.08857269106293023,0.001245059008600391
2702,0.08508349962212503,0.0816481869365359,0.003435312685589123
2703,0.08643252931861817,0.08361435099785917,0.0028181783207589933
2704,0.09114747556696708,0.08775247767518193,0.0033949978917851426
2705,0.10484684327327148,0.10463254766450168,0.0002142956087698017
2706,0.09125346443234558,0.09003000281288952,0.001223461619456065
2707,0.08407947092862073,0.08299865620335728,0.001080814725263446
2708,0.09090190114866858,0.08653268029741744,0.004369220851251146
2709,0.08826641471583205,0.08632081311530289,0.0019456016005291593
2710,0.08162627448734253,0.08200081672954183,-0.00037454224219930776
2711,0.08305517887682946,0.08282964942195993,0.00022552945486953302
2712,0.08501352186447259,0.08345401108576796,0.0015595107787046286
2713,0.07798288987647257,0.07883931709239782,-0.0008564272159252428
2714,0.08561052798135951,0.08246675148219713,0.003143776499162379
2715,0.09693347982070125,0.09223704453414493,0.004696435286556319
2716,0.08622069896408326,0.08671859706977492,-0.0004978981056916604
2717,0.08696890787332942,0.08828379189472998,-0.0013148840214005642
2718,0.08757193686064305,0.08236066994575038,0.005211266914892668
2719,0.09335358994744938,0.09227965392033131,0.0010739360271180692
2720,0.08807730693469334,0.08766669046715878,0.00041061646753456915
2721,0.07541997229965856,0.07330060565838148,0.0021193666412770845
2722,0.08036167489888894,0.07800699337995151,0.002354681518937432
2723,0.08147378670086063,0.08357488338370093,-0.002101096682840309
2724,0.09432008734292882,0.09274470517022347,0.0015753821727053502
2725,0.09419440627558345,0.09194788102584422,0.0022465252497392285
2726,0.09115210019184918,0.08492639538925596,0.006225704802593213
2727,0.09660760494461097,0.09455378465140313,0.0020538202932078448
2728,0.09015018924594789,0.08644344840229264,0.003706740843655257
2729,0.08706942573982668,0.08136824907703565,0.005701176662791033
2730,0.0818935076944164,0.082611567915515,-0.0007180602210985904
2731,0.07736762558684204,0.07942960168921942,-0.0020619761023773775
2732,0.08808662911210245,0.09340077455382419,-0.005314145441721735
2733,0.08828229454581572,0.08508304136691648,0.0031992531788992418
2734,0.08844471931740847,0.08471718586653966,0.0037275334508688057
2735,0.08527669836015637,0.08503158156483036,0.00024511679532601693
2736,0.07604695515897957,0.07625587614265707,-0.0002089209836775019
2737,0.08957352406460961,0.08593863618086661,0.0036348878837429988
2738,0.08592263847856779,0.08611496907892441,-0.0001923306003566161
2739,0.08909476204914464,0.08174111940134202,0.0073536426478026246
2740,0.0820717809757732,0.07860336124935327,0.0034684197264199246
2741,0.09138307631222892,0.09037673960294755,0.0010063367092813663
2742,0.09019486824976516,0.0859446462515769,0.004250221998188267
2743,0.10327543885175622,0.09920859792724337,0.004066840924512843
2744,0.08938514530681355,0.08157274401011905,0.007812401296694499
2745,0.07983057418171821,0.07786847073264552,0.0019621034490726885
2746,0.09564740458744789,0.09450094854612033,0.0011464560413275565
2747,0.08095303286665786,0.0803335519768742,0.000619480889783669
2748,0.08781213066036668,0.08419885592222232,0.0036132747381443647
2749,0.08105604261109318,0.07846065785111896,0.0025953847599742286
2750,0.0985328345217702,0.09685860487016812,0.0016742296516020772
2751,0.09057581575472838,0.09223702589657788,-0.0016612101418495007
2752,0.09114525045046708,0.08943289291973537,0.0017123575307317063
2753,0.09144423243763554,0.0901608678646086,0.0012833645730269405
2754,0.08926570517422124,0.08791400210269018,0.0013517030715310546
2755,0.10314602429749639,0.09931850579680412,0.0038275185006922674
2756,0.09033533969895895,0.08638042858463423,0.003954911114324722
2757,0.09774426676351562,0.09589244619710982,0.0018518205664058013
2758,0.09333733699228934,0.09303826805376694,0.00029906893852239824
2759,0.07451906987621093,0.07442341190178428,9.565797442664947e-05
2760,0.07473104005451887,0.07859392834961075,-0.0038628882950918764
2761,0.08008790277158172,0.08191826536843684,-0.001830362596855123
2762,0.10448510801352111,0.10062271081871008,0.003862397194811032
2763,0.08656629331758255,0.08466923087740734,0.0018970624401752068
2764,0.08969308859910581,0.088718757186041,0.0009743314130648134
2765,0.07890207474170051,0.07717729457661889,0.0017247801650816241
2766,0.09043063434797316,0.08672293517830473,0.003707699169668427
2767,0.08480595655969464,0.08495655408366029,-0.00015059752396565096
2768,0.08735693549388322,0.08727541158169216,8.152391219105881e-05
2769,0.09283780760637728,0.09041565835902123,0.0024221492473560507
2770,0.09593142816006332,0.0905987688877105,0.005332659272352824
2771,0.07751575671219692,0.07819321533554278,-0.0006774586233458668
2772,0.09466460896882485,0.09039983386249675,0.0042647751063280975
2773,0.08519887659457438,0.08881907469902066,-0.003620198104446276
2774,0.08644579527827172,0.08282432075143488,0.0036214745268368376
2775,0.08284296631057222,0.08412073823455928,-0.0012777719239870505
2776,0.07956171054504012,0.07483227552418725,0.004729435020852865
2777,0.08713121494601113,0.08719428530132114,-6.307035531001592e-05
2778,0.08109758688443304,0.07825231871748527,0.002845268166947773
2779,0.09373553755286636,0.09321854166665115,0.0005169958862152046
2780,0.08734508615815567,0.08368066386824322,0.0036644222899124557
2781,0.09153955773704993,0.0910394771377883,0.0005000805992616264
2782,0.08243082016263834,0.07735100504225138,0.005079815120386952
2783,0.08963264246417676,0.0877117885141319,0.0019208539500448624
2784,0.09704941299205626,0.09202928930589058,0.005020123686165681
2785,0.08864298342590496,0.08985283815457777,-0.0012098547286728129
2786,0.08607835871560665,0.0862911870418721,-0.00021282832626544346
2787,0.0784890038973489,0.07675648166011588,0.0017325222372330251
2788,0.09360465975049527,0.09320775432422797,0.0003969054262673022
2789,0.09657867608418488,0.09547087731744744,0.0011077987667374445
2790,0.09947601031965102,0.09500356772366636,0.0044724425959846575
2791,0.08423436376193941,0.08203009111977615,0.0022042726421632602
2792,0.08225825755421831,0.08086662578298355,0.001391631771234761
2793,0.07968767170078689,0.07862250073019877,0.001065170970588114
2794,0.08579042736212712,0.08332969834649716,0.0024607290156299644
2795,0.0805911112222269,0.07989902347890851,0.000692087743318387
2796,0.08638695007276373,0.08871293085168422,-0.002325980778920489
2797,0.08448466580531042,0.08629126170919253,-0.001806595903882116
2798,0.08656234256682177,0.08700213957464303,-0.0004397970078212632
2799,0.09268635028605995,0.08954938383487251,0.0031369664511874396
2800,0.09068607092509479,0.08686666416621507,0.0038194067588797204
2801,0.08679154230274591,0.089711454715047,-0.0029199124123010928
2802,0.08684001612914012,0.08388899730988536,0.002951018819254761
2803,0.08859841080815097,0.08618359551461095,0.0024148152935400125
2804,0.09506098868042182,0.09606461140840629,-0.001003622727984474
2805,0.09355391464596077,0.0870959668159901,0.006457947829970667
2806,0.09156575301406548,0.08853238649326747,0.0030333665207980115
2807,0.09533232127297839,0.09183038042639775,0.003501940846580634
2808,0.08921316300172924,0.08744056481437804,0.0017725981873512042
2809,0.09024045911215917,0.08930363695290912,0.0009368221592500475
2810,0.07673576243724076,0.07474904719263045,0.0019867152446103042
2811,0.09299946323839157,0.08918371150107299,0.0038157517373185873
2812,0.09135126387674594,0.0903156790359595,0.0010355848407864465
2813,0.0840271065549978,0.08523238784216142,-0.0012052812871636148
2814,0.08292017719774182,0.08206504331283312,0.0008551338849086959
2815,0.08736578839221106,0.08779979450219522,-0.00043400610998416134
2816,0.08616592620018099,0.08545391320607888,0.0007120129941021042
2817,0.08439264727762691,0.08209546538192104,0.002297181895705866
2818,0.07767769448800843,0.08002863274598189,-0.002350938257973459
2819,0.08849205049268109,0.0872488338910596,0.001243216601621494
2820,0.0946594468593771,0.09373356279574918,0.0009258840636279242
2821,0.08968891415094032,0.09104738322917034,-0.0013584690782300207
2822,0.07712002153691401,0.0729360352745624,0.004183986262351613
2823,0.08328097799605028,0.08382367682223153,-0.0005426988261812565
2824,0.08312154463794887,0.08315639872021768,-3.485408226881759e-05
2825,0.09251956866740849,0.09044142867482242,0.0020781399925860616
2826,0.08265325158939216,0.07996820606273612,0.0026850455266560352
2827,0.08033556493283878,0.07856409978369135,0.0017714651491474304
2828,0.0881950820933303,0.08674352768247108,0.0014515544108592154
2829,0.08360124841165681,0.08345279543238684,0.00014845297926996404
2830,0.08085789122812213,0.08350547384442274,-0.0026475826163006033
2831,0.10248646258409495,0.09693277417169247,0.005553688412402488
2832,0.08997257364386019,0.08611742742469218,0.003855146219168007
2833,0.0902616228726135,0.09162011953208186,-0.0013584966594683695
2834,0.0885705110035977,0.08778980935528244,0.0007807016483152573
2835,0.09652625039048089,0.0936877340001877,0.002838516390293186
2836,0.09057183405195426,0.08853396541173024,0.002037868640224025
2837,0.09420667886836556,0.0910330474388805,0.0031736314294850687
2838,0.09244688253120198,0.09297019844180629,-0.0005233159106043106
2839,0.08097711891328456,0.08236866151708981,-0.0013915426038052514
2840,0.08967914922573464,0.0878198771567143,0.0018592720690203401
2841,0.09035323268118463,0.08879931091677129,0.001553921764413338
2842,0.08691689473256987,0.0855456865409007,0.0013712081916691793
2843,0.08373559910468743,0.0833184280560517,0.0004171710486357283
2844,0.09387153077426531,0.09319740722328161,0.0006741235509837018
2845,0.0849061118748835,0.08564892407484359,-0.0007428121999600856
2846,0.09420712033732478,0.09119046500456113,0.003016655332763657
2847,0.0903413177743096,0.08662599389250816,0.003715323881801444
2848,0.09284262597711107,0.08868289695130396,0.004159729025807107
2849,0.09376162530204488,0.0922284517384304,0.0015331735636144733
2850,0.10239837812659572,0.09565169656066276,0.006746681565932958
2851,0.08907720296444555,0.0848314313478332,0.00424577161661234
2852,0.08436303817620588,0.08189258230594282,0.0024704558702630663
2853,0.0870027363447239,0.08454532158175064,0.002457414762973259
2854,0.09426222216637768,0.08817013817091716,0.006092083995460518
2855,0.08786529085065602,0.08311895143074413,0.004746339419911885
2856,0.08657729328752774,0.08515269722961055,0.0014245960579171851
2857,0.1074477000536679,0.10280047651037758,0.004647223543290321
2858,0.09159302256169881,0.08947843921020818,0.0021145833514906315
2859,0.09509584387145036,0.09282486684935204,0.0022709770220983166
2860,0.09589004428419545,0.0930156096034152,0.0028744346807802468
2861,0.09681352032176507,0.09862066475844707,-0.0018071444366819928
2862,0.08306574110438869,0.079820232127178,0.0032455089772106954
2863,0.08849262419724943,0.08464596234349375,0.0038466618537556785
2864,0.09128007970508745,0.08874488798799021,0.002535191717097235
2865,0.08710772602834535,0.08353623842368996,0.0035714876046553934
2866,0.0970655351403132,0.0916667757908372,0.005398759349476007
2867,0.09343490980527847,0.08896936722469785,0.004465542580580614
2868,0.09538118551223951,0.09097474436806906,0.00440644114417045
2869,0.0812065202125236,0.0783132001840536,0.002893320028469995
2870,0.08384368350882124,0.08157416049577641,0.0022695230130448246
2871,0.09061933153754821,0.08991451818531199,0.0007048133522362249
2872,0.07418561073614094,0.0715910438428591,0.002594566893281844
2873,0.09440701141383542,0.09185222783368714,0.0025547835801482816
2874,0.08855458564432596,0.08507934071911064,0.0034752449252153234
2875,0.0889295811551744,0.0877196594221577,0.0012099217330166917
2876,0.09298350679610427,0.08908370518955636,0.0038998016065479174
2877,0.07840456602929602,0.07752115757495309,0.0008834084543429266
2878,0.0835031609637791,0.08147444751683366,0.0020287134469454404
2879,0.09303299810662495,0.08949833965418409,0.0035346584524408586
2880,0.0862572763628424,0.08421374343972153,0.002043532923120872
2881,0.08777294431818132,0.08466551562295993,0.0031074286952213898
2882,0.09179928394580937,0.08990602058453166,0.0018932633612777083
2883,0.09396943935711553,0.09258371373129266,0.00138572562582287
2884,0.08535399579363298,0.08279534340483613,0.0025586523887968504
2885,0.0813456296047776,0.07969498020378177,0.0016506494009958378
2886,0.08981547368236574,0.08601104626327383,0.003804427419091913
2887,0.09013034851712005,0.08578078166397718,0.004349566853142875
2888,0.09044134105401282,0.08793810569744623,0.0025032353565665882
2889,0.0877636177966513,0.08585009056950704,0.00191352722714426
2890,0.08292070475433047,0.08082009243604886,0.002100612318281611
2891,0.08882902012777748,0.08663209789391367,0.0021969222338638073
2892,0.0960676397618687,0.09393609521798621,0.0021315445438824937
2893,0.10000831541116026,0.09866950520097956,0.001338810210180702
2894,0.08951441827370869,0.08977171847686166,-0.00025730020315296864
2895,0.08055701898877773,0.07822258983426941,0.0023344291545083218
2896,0.08860883002062193,0.08668026424584463,0.001928565774777305
2897,0.0839430347055214,0.0820554776558788,0.0018875570496426075
2898,0.09145172410774824,0.09100641963160455,0.0004453044761436875
2899,0.10197097705567972,0.09911514537186888,0.0028558316838108305
2900,0.088378137910083,0.08685212993045298,0.0015260079796300258
2901,0.09467190322684807,0.09163591700298071,0.0030359862238673596
2902,0.10149624026846009,0.1003935022376556,0.0011027380308044898
2903,0.08746239514859078,0.08571672141192323,0.0017456737366675495
2904,0.07786153807101998,0.08108679851256924,-0.003225260441549263
2905,0.08359637830629733,0.08032335148052505,0.003273026825772282
2906,0.08283716198005346,0.08405577748985374,-0.0012186155098002777
2907,0.08892941377186633,0.08527929870405294,0.0036501150678133892
2908,0.09140473580801133,0.08801002765510724,0.0033947081529040884
2909,0.0953805693202768,0.08939836226999565,0.0059822070502811575
2910,0.08770901235205525,0.0820178578601723,0.005691154491882955
2911,0.08654090390420871,0.08712451247541125,-0.000583608571202543
2912,0.08895045937917441,0.08642404185656571,0.0025264175226086955
2913,0.09131507327963585,0.0868719734237387,0.004443099855897151
2914,0.09389149732280351,0.09276930697035571,0.0011221903524478022
2915,0.09247986231047388,0.08818100950108165,0.004298852809392226
2916,0.08930263063126283,0.08536021803472157,0.003942412596541253
2917,0.09660700450182362,0.09211557366078457,0.0044914308410390485
2918,0.09505861216479491,0.08914501992420117,0.0059135922405937486
2919,0.07965001209521544,0.07676309509405381,0.002886917001161629
2920,0.08313655756082246,0.08260630725920405,0.0005302503016184068
2921,0.08901078344521347,0.08879252851419685,0.00021825493101662596
2922,0.09607204750447992,0.09281800864560473,0.003254038858875194
2923,0.07971013082717789,0.07986569612569834,-0.00015556529852045475
2924,0.08395802740146119,0.07941100924944777,0.004547018152013416
2925,0.09355441330683299,0.09109199416796555,0.002462419138867439
2926,0.08882688995555256,0.08644492085905937,0.002381969096493186
2927,0.08536390320149258,0.08941011344241571,-0.004046210240923137
2928,0.08555075461450466,0.0854350878722694,0.00011566674223525975
2929,0.0763823100061749,0.07741474322498858,-0.0010324332188136748
2930,0.07805596575142519,0.07685619453793568,0.001199771213489506
2931,0.1001935778124496,0.09656379554166775,0.0036297822707818533
2932,0.08310548394841567,0.08004684417786649,0.003058639770549182
2933,0.0915467306207192,0.0858573439221529,0.005689386698566307
2934,0.07978333160386313,0.07711799525484965,0.002665336349013475
2935,0.08608869177852273,0.08335422116232405,0.002734470616198678
2936,0.09409191611696707,0.09314500937215818,0.0009469067448088925
2937,0.09325786617063406,0.08931871057922088,0.003939155591413182
2938,0.09163759499630408,0.08967974544548855,0.0019578495508155297
2939,0.07991902616451847,0.07867359301312282,0.0012454331513956501
2940,0.0865874130585356,0.08723140213811861,-0.0006439890795830183
2941,0.09356360385307447,0.09156367056532834,0.001999933287746128
2942,0.08780806743013166,0.08612145383303356,0.0016866135970980967
2943,0.0800527507220022,0.07916320756688859,0.000889543155113609
2944,0.10361441295698191,0.10040057830020627,0.0032138346567756465
2945,0.10191242654060732,0.09431666005769947,0.007595766482907856
2946,0.08529177527091326,0.08131286776011237,0.0039789075108008914
2947,0.1002718842044821,0.09602982877981073,0.004242055424671376
2948,0.0792014455949682,0.07959956406313848,-0.0003981184681702832
2949,0.09064402773751691,0.08997833441606061,0.000665693321456301
2950,0.08391817015189401,0.08152437074765298,0.0023937994042410315
2951,0.09920179746600384,0.09641005067182279,0.002791746794181052
2952,0.08861977920787661,0.08993627528204473,-0.0013164960741681164
2953,0.09121384706109019,0.08764702490419946,0.003566822156890734
2954,0.08517414052325126,0.0884968790004901,-0.0033227384772388374
2955,0.08659755289680346,0.08487856426278739,0.0017189886340160665
2956,0.09721964018596638,0.09447606999287675,0.0027435701930896284
2957,0.0857308611141907,0.08307560325622053,0.0026552578579701752
2958,0.07882373974707634,0.07695732701143562,0.0018664127356407129
2959,0.084772224644475,0.08347800630272974,0.0012942183417452569
2960,0.09435296408341512,0.09071670356760174,0.0036362605158133804
2961,0.08127171107536509,0.0803891078645406,0.0008826032108244924
2962,0.09629629776076858,0.09023498706880935,0.006061310691959226
2963,0.09244405313096013,0.08639270212587005,0.006051351005090078
2964,0.08158357830340518,0.08506059141247271,-0.003477013109067534
2965,0.0854594923820524,0.0866135523150529,-0.0011540599330004953
2966,0.08556043248050907,0.08067537871057227,0.004885053769936795
2967,0.08491981093133155,0.08408700250261661,0.0008328084287149429
2968,0.09639701221956345,0.09597889293232852,0.00041811928723493874
2969,0.09240784456802968,0.0886754412494556,0.003732403318574079
2970,0.09663931330344129,0.09570649324754603,0.0009328200558952615
2971,0.08971237099312553,0.08705835198085647,0.0026540190122690543
2972,0.09499196269003252,0.09063832052366927,0.004353642166363247
2973,0.0947275557315895,0.09291044567480339,0.0018171100567861143
2974,0.08495576602625637,0.08084889108946122,0.004106874936795152
2975,0.09982062602021122,0.0979718675384442,0.001848758481767021
2976,0.09201378310641459,0.08730053862880872,0.004713244477605863
2977,0.09977221230448491,0.09981164999206404,-3.9437687579135794e-05
2978,0.08829804728209321,0.08635613623717424,0.0019419110449189758
2979,0.08703797446501946,0.08382860074614447,0.003209373718874989
2980,0.09182636759941394,0.09172356445467245,0.0001028031447414951
2981,0.08467285836083115,0.0836565450205077,0.001016313340323441
2982,0.06907024861392226,0.0698676350570581,-0.0007973864431358446
2983,0.09319463269113887,0.0877445292818223,0.0054501034093165646
2984,0.0913445456816662,0.08941887408535788,0.001925671596308312
2985,0.08695733017089892,0.08578621207811526,0.0011711180927836545
2986,0.09523336672506148,0.09330585303957742,0.001927513685484064
2987,0.09281079179054012,0.09016882497226564,0.0026419668182744854
2988,0.09518256383163311,0.09164009549152863,0.0035424683401044793
2989,0.08920476441258705,0.08622681382852568,0.0029779505840613757
2990,0.09105470176008122,0.09041497209150674,0.0006397296685744791
2991,0.09018764969602473,0.08827226246893151,0.0019153872270932237
2992,0.08319546316974158,0.08413920323274453,-0.0009437400630029485
2993,0.08686366338467086,0.08479285963139654,0.002070803753274314
2994,0.07241962449288177,0.07058563090755578,0.001833993585325988
2995,0.0955869304261907,0.09556929904350042,1.7631382690272424e-05
2996,0.08160566510020112,0.07849294505815252,0.0031127200420486
2997,0.08127613358268462,0.07841619237803746,0.002859941204647165
2998,0.10273295854415951,0.10156974466739549,0.0011632138767640188
2999,0.09834048684423737,0.09660883474897568,0.0017316520952616876
3000,0.09269425425342132,0.08888077717345552,0.0038134770799657935
3001,0.09194494297944152,0.08842875114458151,0.0035161918348600024
3002,0.09583322781774081,0.09449125878228162,0.0013419690354591896
3003,0.0941841488345865,0.09436238509678092,-0.00017823626219441724
3004,0.08661172425664905,0.08604048446974578,0.0005712397869032659
3005,0.08781625293250069,0.08494311481867516,0.0028731381138255296
3006,0.09081501322828217,0.08788846780249247,0.002926545425789698
3007,0.08857931526842278,0.08580448322893243,0.0027748320394903464
3008,0.08901308190177397,0.09016411397896515,-0.0011510320771911803
3009,0.09412589908592607,0.09317439738863373,0.0009515016972923424
3010,0.07991241602296481,0.07836101423590996,0.0015514017870548458
3011,0.09783120361331067,0.0985247500042867,-0.0006935463909760325
3012,0.09086935305435662,0.08720137001429909,0.0036679830400575264
3013,0.08720841795926951,0.08645571006309648,0.0007527078961730299
3014,0.08057011217847442,0.07524816235659786,0.005321949821876559
3015,0.10580223093469789,0.10398110902065773,0.001821121914040158
3016,0.0943893693613793,0.0934205034301033,0.0009688659312760001
3017,0.08870519884086947,0.08451843343305358,0.004186765407815887
3018,0.0976332587799987,0.09390617229133995,0.003727086488658757
3019,0.09380169060370525,0.09039667738076307,0.003405013222942177
3020,0.07270798835446764,0.0783171815575352,-0.005609193203067561
3021,0.08879462208620184,0.08805179084607645,0.0007428312401253911
3022,0.08512555831599886,0.08415756363517823,0.0009679946808206219
3023,0.09439978092482924,0.0920924043598404,0.0023073765649888472
3024,0.08379475189524059,0.08462090840247652,-0.0008261565072359284
3025,0.08412058853297502,0.08320851686983613,0.0009120716631388914
3026,0.09288058569128801,0.09104947274799512,0.001831112943292898
3027,0.09546044377774106,0.09127068969057062,0.004189754087170441
3028,0.10177114250085757,0.09754325198629744,0.004227890514560129
3029,0.08736917912831613,0.08926004861591037,-0.0018908694875942461
3030,0.08642194823525619,0.08587268535372485,0.0005492628815313427
3031,0.0842069619056545,0.07914313060794925,0.005063831297705254
3032,0.08666868992873025,0.08662156000941432,4.71299193159358e-05
3033,0.09592346436261834,0.09385911391288645,0.002064350449731883
3034,0.09035293170669555,0.08716627136767205,0.0031866603390234977
3035,0.08127586986617791,0.07740727722587463,0.0038685926403032728
3036,0.08642278453032472,0.08636999426187163,5.2790268453090095e-05
3037,0.09731883840249109,0.09270735281284795,0.004611485589643138
3038,0.08201126856857702,0.07798184612357237,0.004029422445004649
3039,0.09531339489807457,0.09446464512862153,0.0008487497694530388
3040,0.09299181012846687,0.091239040502786,0.0017527696256808695
3041,0.1011348282079278,0.09538007399643794,0.005754754211489854
3042,0.07890317242869109,0.0780752226624465,0.00082794976624459
3043,0.0891149539886623,0.08495992394815176,0.004155030040510543
3044,0.08149802765209237,0.07960355017200078,0.0018944774800915831
3045,0.07392927165398282,0.07283861057848962,0.0010906610754932017
3046,0.08978301143127695,0.08816778933460642,0.0016152220966705322
3047,0.09363572910323575,0.08692619751036078,0.006709531592874976
3048,0.08679637456125076,0.08424672415703488,0.0025496504042158835
3049,0.08494681940517983,0.08343758138609647,0.001509238019083356
3050,0.08016300083986495,0.0791074020943519,0.0010555987455130589
3051,0.09178724452846368,0.08990746993690668,0.0018797745915569986
3052,0.09633295027106793,0.09253823152180997,0.0037947187492579637
3053,0.08331039427790703,0.0802926564814895,0.0030177377964175217
3054,0.09176559845947423,0.09219720351051285,-0.00043160505103861935
3055,0.08769555535404373,0.09366805202356696,-0.005972496669523222
3056,0.07692056397197819,0.07632330305885238,0.0005972609131258133
3057,0.09033000984005743,0.08722431748558272,0.0031056923544747067
3058,0.09046169360522592,0.08859105623163065,0.0018706373735952742
3059,0.09131029191557843,0.08849201508080531,0.00281827683477312
3060,0.08809206286778117,0.08728289842088655,0.0008091644468946196
3061,0.0914122565167253,0.0868290825570668,0.004583173959658501
3062,0.09509707656338971,0.09208166759268532,0.003015408970704389
3063,0.09338534360198378,0.0884583431779774,0.0049270004240063725
3064,0.0989915464243451,0.09701949775515054,0.001972048669194565
3065,0.09014250752622342,0.08600346318022319,0.004139044346000237
3066,0.08555407684679177,0.08312228717119974,0.0024317896755920304
3067,0.08432076508297509,0.08588082559028658,-0.0015600605073114865
3068,0.0805815312605983,0.08120348030139445,-0.0006219490407961409
3069,0.09075715725960472,0.08906227954289397,0.0016948777167107437
3070,0.0825560420270457,0.08516811131525828,-0.0026120692882125873
3071,0.0889070194506495,0.08889008615396889,1.693329668060739e-05
3072,0.08186782547399346,0.08116119520521692,0.0007066302687765424
3073,0.08622639832476148,0.08560003008805693,0.000626368236704547
3074,0.09392360351237942,0.09404870935770258,-0.00012510584532315905
3075,0.08195701710103863,0.08299174336494076,-0.001034726263902136
3076,0.09381938575306936,0.09056468201763675,0.0032547037354326153
3077,0.0976206343067755,0.09819123506970227,-0.0005706007629267679
3078,0.08407669291480227,0.08139188482229905,0.002684808092503224
3079,0.08744866054974466,0.08525751944111118,0.0021911411086334848
3080,0.08669362910325511,0.08605421894108542,0.0006394101621696874
3081,0.09176348956251958,0.09102215624543049,0.0007413333170890879
3082,0.08729013486283177,0.08583322027189046,0.0014569145909413134
3083,0.1005838157556892,0.09780449229986943,0.002779323455819771
3084,0.0880798321727541,0.08583608914942102,0.002243743023333078
3085,0.08047678969896925,0.0814074069929828,-0.0009306172940135443
3086,0.09314447256595863,0.09125166282823725,0.0018928097377213793
3087,0.09317371850351167,0.08926736385183905,0.003906354651672619
3088,0.08223210357477946,0.08161772929390909,0.0006143742808703695
3089,0.08997818078668882,0.08901710851062644,0.0009610722760623747
3090,0.0890574809210342,0.08653419416969549,0.002523286751338713
3091,0.07976490643342564,0.07579294092605193,0.0039719655073737065
3092,0.0911280770455947,0.08804115442221225,0.0030869226233824487
3093,0.08878119706492796,0.08790752154939327,0.0008736755155346887
3094,0.09174821071008328,0.08840510765218196,0.0033431030579013227
3095,0.09265068245690412,0.09034602745259766,0.0023046550043064606
3096,0.08519494808907871,0.08422635421793274,0.0009685938711459646
3097,0.0819640476646048,0.08091553972060306,0.001048507944001742
3098,0.07954352091828193,0.08264959370479175,-0.003106072786509817
3099,0.09548404991830599,0.09300382234035139,0.0024802275779546024
3100,0.0905868266984449,0.08775192474012775,0.0028349019583171486
3101,0.08949370839981166,0.087416876807509,0.0020768315923026665
3102,0.08805452485163343,0.08543033311517792,0.0026241917364555056
3103,0.08291594981046405,0.08329296517433736,-0.0003770153638733148
3104,0.09286814354490142,0.08922314826710684,0.003644995277794577
3105,0.09556484359657019,0.09274557424217077,0.0028192693543994257
3106,0.08170792529799674,0.07810354742413736,0.0036043778738593796
3107,0.10120611918132456,0.09734974369023197,0.0038563754910925924
3108,0.10156689335524594,0.10068148812190686,0.0008854052333390761
3109,0.10095998193615108,0.09761995377921517,0.0033400281569359036
3110,0.09222581026541617,0.09073567849304509,0.0014901317723710755
3111,0.09301082360000555,0.09148034953441112,0.0015304740655944366
3112,0.09265359233027497,0.08656273923937187,0.006090853090903098
3113,0.09431730474491735,0.08986555272377766,0.0044517520211396905
3114,0.08779703120281863,0.08821723090943787,-0.00042019970661923145
3115,0.08885620566571398,0.08914361369290431,-0.0002874080271903362
3116,0.09847835894933013,0.09170522436637946,0.006773134582950674
3117,0.0837262103535292,0.08056907641195292,0.0031571339415762817
3118,0.08209326675078957,0.08422804518131508,-0.002134778430525508
3119,0.0801027481196718,0.08265755366615149,-0.002554805546479688
3120,0.09258287223964674,0.0927245858633421,-0.0001417136236953609
3121,0.08745063496220554,0.08428088017722932,0.0031697547849762198
3122,0.08344457862102762,0.08035358973511943,0.003090988885908197
3123,0.08998722278525367,0.08841128498880683,0.0015759377964468385
3124,0.0954892355730841,0.09306230871393627,0.002426926859147832
3125,0.0867797236459683,0.08686152545752239,-8.180181155409416e-05
3126,0.07813600113525762,0.08058514913726383,-0.002449148002006213
3127,0.09605971261555675,0.094441493149527,0.0016182194660297466
3128,0.09280892891223659,0.09200609835971764,0.0008028305525189516
3129,0.0899429259903037,0.09065649822844186,-0.0007135722381381715
3130,0.09339883072669845,0.0924633682915677,0.0009354624351307489
3131,0.08963211790236109,0.08696448899553261,0.0026676289068284786
3132,0.07895692760160648,0.07992978333936313,-0.0009728557377566421
3133,0.09063071082409227,0.09036300306239833,0.00026770776169393606
3134,0.08896947243908353,0.08441599099979691,0.004553481439286619
3135,0.0818227383280709,0.07686052135773336,0.004962216970337538
3136,0.09148736256777364,0.08947204540332299,0.00201531716445065
3137,0.08829101415676169,0.08752873318493933,0.0007622809718223628
3138,0.08548713323358237,0.08431339845407294,0.001173734779509425
3139,0.08498080193224646,0.08683105536586883,-0.0018502534336223703
3140,0.09151385828518885,0.09065188644087835,0.0008619718443104996
3141,0.07484674128913055,0.074754675127696,9.206616143454804e-05
3142,0.08472622287113435,0.08696684909005328,-0.002240626218918934
3143,0.08761460997291909,0.0851995953891317,0.0024150145837873865
3144,0.08242618467618727,0.08227780855391621,0.00014837612227106
3145,0.08309052174937717,0.07900790941415635,0.004082612335220823
3146,0.08878230822706455,0.08555741180307287,0.00322489642399168
3147,0.09615051642184663,0.09777908246489894,-0.0016285660430523097
3148,0.09177363053631281,0.0898910057246288,0.001882624811684011
3149,0.0826379678715355,0.08088657472169866,0.0017513931498368412
3150,0.095798594282227,0.09250387373351565,0.003294720548711355
3151,0.09883205528125868,0.0975659596477544,0.0012660956335042856
3152,0.09215630560543635,0.0883487849367383,0.00380752066869805
3153,0.09120857247428803,0.09276777067162623,-0.001559198197338199
3154,0.08906324283897848,0.08674881480324469,0.002314428035733798
3155,0.09015749754382578,0.08585558562900851,0.004301911914817269
3156,0.07657965936942922,0.0774579743188312,-0.0008783149494019787
3157,0.09118391253940551,0.08687080362826011,0.004313108911145405
3158,0.09666411318481227,0.09218722011052857,0.0044768930742837
3159,0.08329339291972912,0.07878337065351962,0.004510022266209501
3160,0.08774471771977406,0.08476867806998815,0.0029760396497859054
3161,0.08363338972121684,0.08318226857962956,0.00045112114158728234
3162,0.0955767382229496,0.09612355550132788,-0.0005468172783782838
3163,0.10289779127301556,0.09796574539282692,0.00493204588018864
3164,0.0841309189207937,0.08153917198091844,0.002591746939875267
3165,0.09313404354585925,0.09086719250116362,0.0022668510446956225
3166,0.07333710082124079,0.07335173096087805,-1.4630139637261674e-05
3167,0.08691274605520276,0.08619743296927232,0.0007153130859304385
3168,0.09255202032517308,0.09019200813058705,0.0023600121945860364
3169,0.09060131013229011,0.08774510270096679,0.0028562074313233238
3170,0.08341519048288057,0.07999084327326876,0.0034243472096118083
3171,0.09712562309979794,0.09471411549647499,0.0024115076033229543
3172,0.09270641913707611,0.09027672252942999,0.002429696607646123
3173,0.08967933956778167,0.08603439480768048,0.0036449447601011875
3174,0.08637442073226198,0.0837756503748738,0.002598770357388175
3175,0.09274795175741675,0.08816729108169397,0.004580660675722784
3176,0.08627173326648988,0.08291734782414953,0.0033543854423403463
3177,0.08144690258768966,0.07650632410770393,0.004940578479985733
3178,0.08708402701794078,0.08587580243660185,0.0012082245813389292
3179,0.0928451856445275,0.09445323799532553,-0.0016080523507980282
3180,0.08734597406035527,0.08685945595874466,0.00048651810161061404
3181,0.0794072295654357,0.07870719824299097,0.0007000313224447274
3182,0.08976395396756223,0.08678711476114345,0.00297683920641878
3183,0.09610854123965588,0.09531793779093153,0.0007906034487243502
3184,0.08501342043198273,0.08014145916090595,0.00487196127107678
3185,0.0902007817842532,0.0856559001035155,0.004544881680737703
3186,0.09107292205235483,0.08884965551708901,0.0022232665352658193
3187,0.08485934065587115,0.08118663412721801,0.003672706528653147
3188,0.09015168018523688,0.09037798925724186,-0.0002263090720049793
3189,0.08763104874285642,0.08270807832103744,0.004922970421818981
3190,0.09376638124080058,0.09308605456429993,0.000680326676500656
3191,0.08807619969971628,0.08723334175288422,0.0008428579468320596
3192,0.09701356102344004,0.096816823553181,0.00019673747025904242
3193,0.08942785548036139,0.08439470245209141,0.005033153028269982
3194,0.09245672705536023,0.08883775923947126,0.003618967815888968
3195,0.08696378804166584,0.08566875893924537,0.001295029102420464
3196,0.08583999841112817,0.08863842822365559,-0.0027984298125274115
3197,0.07447878970396594,0.07374101172578268,0.0007377779781832655
3198,0.08516806092448562,0.08501281248927597,0.00015524843520964282
3199,0.09147269913191591,0.08934656979951884,0.0021261293323970726
3200,0.09341710932800185,0.09370739391383598,-0.00029028458583413297
3201,0.09203489274620781,0.08907028671633951,0.002964606029868297
3202,0.09011983434017158,0.08486095461220389,0.005258879727967694
3203,0.09294228206842374,0.09127251573890582,0.001669766329517916
3204,0.07715548967473443,0.07882250982734411,-0.00166702015260968
3205,0.09938470168566325,0.09392276042627185,0.005461941259391409
3206,0.08485683985419055,0.0834191705859686,0.001437669268221961
3207,0.09782370376310282,0.09657353598803496,0.0012501677750678536
3208,0.09008872833012573,0.08707901715683236,0.003009711173293364
3209,0.06910901253841516,0.07082595811611249,-0.001716945577697332
3210,0.09108785386356147,0.08904538885791162,0.002042465005649849
3211,0.08690154813684868,0.08660774764314308,0.000293800493705601
3212,0.08011223278509222,0.08069818882609266,-0.0005859560410004377
3213,0.08663068705632089,0.08918780715145765,-0.0025571200951367556
3214,0.08681350563512444,0.08328439674130772,0.003529108893816718
3215,0.08875708998392198,0.08545049672545797,0.0033065932584640106
3216,0.08645938870606662,0.08499526811647694,0.001464120589589682
3217,0.08753860137236799,0.08572127511342101,0.001817326258946983
3218,0.10063235815640033,0.0969492946931649,0.0036830634632354226
3219,0.08979418955170411,0.08835671841627074,0.0014374711354333686
3220,0.09489969564246198,0.09421556391076426,0.0006841317316977208
3221,0.08986895117102778,0.08733747477259635,0.0025314763984314315
3222,0.09448017320730512,0.09356362754240749,0.0009165456648976278
3223,0.0915449421306387,0.09380330836311167,-0.002258366232472969
3224,0.08118503612840042,0.07911043505682566,0.0020746010715747554
3225,0.08445901459169271,0.08675407992379995,-0.0022950653321072434
3226,0.0880523343588521,0.08667928779597364,0.001373046562878455
3227,0.0901864948007796,0.08789406861366147,0.0022924261871181267
3228,0.09530891281569752,0.09093588786914159,0.004373024946555934
3229,0.0880910924556147,0.08487322980648969,0.0032178626491250056
3230,0.08201788155022356,0.07904748809909172,0.002970393451131842
3231,0.07686074800773023,0.0733831907512465,0.0034775572564837293
3232,0.0881589176003871,0.08662034243194984,0.0015385751684372645
3233,0.08352293783606062,0.08104765490160125,0.0024752829344593663
3234,0.09398693425131496,0.09295769089103526,0.001029243360279708
3235,0.09316604943016207,0.09219971908931089,0.000966330340851182
3236,0.08886276302370624,0.08482197441243416,0.004040788611272078
3237,0.08506868409411779,0.08074639647298933,0.004322287621128462
3238,0.08868333613335992,0.0861212462036163,0.002562089929743619
3239,0.08422519513637644,0.08004554748979781,0.0041796476465786325
3240,0.09202640376853521,0.08710201651310195,0.00492438725543326
3241,0.08611332183435881,0.08099838921451305,0.005114932619845761
3242,0.09001552725868782,0.08845037371939962,0.0015651535392881971
3243,0.09872117323375607,0.09831140104994977,0.0004097721838062923
3244,0.08823461129772103,0.08418666900943876,0.004047942288282272
3245,0.08816482096071697,0.08643483204840043,0.0017299889123165435
3246,0.08916864904334663,0.0852861172815479,0.00388253176179873
3247,0.0908899382452636,0.08847485576162034,0.0024150824836432633
3248,0.08899779688531828,0.0856187753729442,0.0033790215123740835
3249,0.09861049094896254,0.09280142583792499,0.005809065111037556
3250,0.0916108340620071,0.08983828573030103,0.0017725483317060642
3251,0.08051998451520805,0.07899876449421211,0.001521220020995931
3252,0.10253452130420751,0.1029492619668054,-0.00041474066259789
3253,0.08672015534553612,0.08874882311607492,-0.0020286677705387973
3254,0.0863011549537094,0.08628879943565147,1.2355518057921566e-05
3255,0.08463397714438459,0.08174433744508668,0.0028896396992979106
3256,0.08622431625398115,0.08279721156410783,0.0034271046898733254
3257,0.0946777674912021,0.09566992783987917,-0.0009921603486770653
3258,0.08707014856858206,0.08314302220760106,0.003927126360980998
3259,0.08409636136260612,0.08379686157972438,0.0002994997828817403
3260,0.08662320885489799,0.08613790921378357,0.00048529964111442003
3261,0.09897138394057309,0.09575748249905564,0.0032139014415174527
3262,0.09014407909493083,0.08750651656952864,0.00263756252540219
3263,0.08463876480152119,0.08302211632797449,0.0016166484735467002
3264,0.08341198439709918,0.08047063520486195,0.002941349192237236
3265,0.08171140772726648,0.07846769995153179,0.003243707775734697
3266,0.09372626334815955,0.09278324051050582,0.0009430228376537259
3267,0.08446031041924378,0.08010963813438186,0.004350672284861912
3268,0.09484747188434384,0.09400208214564956,0.0008453897386942744
3269,0.08714259633469945,0.08672888676009986,0.00041370957459958835
3270,0.09764305389994624,0.09467863056691782,0.002964423333028418
3271,0.09236745066939712,0.0903871724526171,0.0019802782167800265
3272,0.08947163224619506,0.08616477483845653,0.0033068574077385338
3273,0.09483123312592716,0.09384164676836561,0.0009895863575615504
3274,0.09247266321382192,0.08974791214973118,0.00272475106409073
3275,0.09411559198450382,0.09308535638916267,0.0010302355953411557
3276,0.08758069118653097,0.08572364116909967,0.0018570500174313054
3277,0.09680537226243349,0.09371867129038734,0.0030867009720461497
3278,0.08614714458585217,0.0859455226613905,0.00020162192446167293
3279,0.10320897368077364,0.1013336008045395,0.001875372876234141
3280,0.07214830282096557,0.07429761902035818,-0.002149316199392612
3281,0.08886034725975044,0.08496665259721853,0.0038936946625319074
3282,0.09095990010642455,0.08745296598788982,0.003506934118534727
3283,0.09420141744305473,0.09068148902517827,0.003519928417876461
3284,0.08751286051305157,0.08360822960753797,0.003904630905513601
3285,0.08589823002981989,0.08317384172204009,0.002724388307779796
3286,0.09104543928535068,0.08752188063583985,0.00352355864951083
3287,0.09114451461890907,0.09210060617383585,-0.0009560915549267773
3288,0.08638236025369239,0.08151903264830007,0.00486332760539232
3289,0.10200038992724396,0.0981894897444526,0.0038109001827913574
3290,0.08607970307628023,0.086142841025022,-6.313794874177048e-05
3291,0.09591335801549414,0.09115375858739028,0.004759599428103861
3292,0.0797033872795693,0.08559696184181806,-0.00589357456224876
3293,0.09335220734622694,0.08855935884922424,0.004792848497002705
3294,0.08913181086012573,0.08856576223267786,0.000566048627447871
3295,0.10064989342285044,0.10051027582268868,0.00013961760016176217
3296,0.08340839961472198,0.08367060354498619,-0.0002622039302642154
3297,0.08567904022334759,0.08566970056775255,9.339655595033691e-06
3298,0.09111046976519256,0.08737936148997545,0.00373110827521711
3299,0.09191549942476865,0.09186491232823996,5.058709652869253e-05
3300,0.08408565721880612,0.08261827070094653,0.0014673865178595896
3301,0.07952896217142126,0.08223702960749993,-0.0027080674360786677
3302,0.08995803738703609,0.08932311376342457,0.0006349236236115191
3303,0.08456367241319561,0.08049847121078964,0.004065201202405971
3304,0.09652719733424776,0.09438561942037514,0.002141577913872622
3305,0.07780841267931723,0.07733915244632165,0.0004692602329955803
3306,0.08064299869704149,0.07920295743131017,0.001440041265731315
3307,0.09089780161469754,0.08927577563038103,0.0016220259843165163
3308,0.08362799880510566,0.07865872000036835,0.004969278804737312
3309,0.08888674611922408,0.088061674453749,0.0008250716654750745
3310,0.08441786641964555,0.08014788209561007,0.0042699843240354834
3311,0.09319584420511419,0.09477260231040974,-0.0015767581052955476
3312,0.08816994189490712,0.08890816832604782,-0.0007382264311407011
3313,0.08978923866991108,0.08470356018037287,0.005085678489538212
3314,0.09098640321836766,0.08787990376507412,0.0031064994532935403
3315,0.08700104082560303,0.0845979494937152,0.0024030913318878327
3316,0.10004794138347559,0.09444663822561486,0.005601303157860726
3317,0.08834586057519944,0.08484323375524847,0.003502626819950977
3318,0.09294893960032678,0.08806623452901631,0.0048827050713104725
3319,0.08795261796699341,0.08749156072105885,0.0004610572459345652
3320,0.09332996445148228,0.0874120283298729,0.005917936121609388
3321,0.09217608839443782,0.08823820086371258,0.0039378875307252426
3322,0.09379100600917878,0.09365173416274478,0.0001392718464340026
3323,0.0862024229490309,0.0866433517364587,-0.0004409287874278106
3324,0.09172710138013647,0.08970353219585818,0.00202356918427829
3325,0.09599869845472757,0.08983509722111378,0.006163601233613786
3326,0.0858302723804275,0.08272991581727038,0.0031003565631571167
3327,0.08072709430045834,0.08034533556546522,0.00038175873499311785
3328,0.0931386027499031,0.09024148698222519,0.002897115767677913
3329,0.10143992771860483,0.09668754201471678,0.004752385703888043
3330,0.08599325522095083,0.08387876503739192,0.0021144901835589147
3331,0.07525132110437374,0.07665685027767853,-0.0014055291733047898
3332,0.08892607872900887,0.08712175431765101,0.0018043244113578605
3333,0.09437861950705635,0.09237480490891627,0.0020038145981400857
3334,0.08663866357049545,0.08409233513627161,0.002546328434223838
3335,0.09592408557158467,0.09188834479168626,0.00403574077989842
3336,0.09177697447789543,0.08846396695539364,0.0033130075225017847
3337,0.08514770232026773,0.08482124590279506,0.0003264564174726703
3338,0.08331080979443613,0.08451447348545962,-0.001203663691023496
3339,0.09712271741068108,0.09557287810114747,0.0015498393095336183
3340,0.0864605769515267,0.08353157923325694,0.0029289977182697657
3341,0.08703457999504204,0.08554061235157619,0.0014939676434658489
3342,0.09596224603763445,0.09345129903599932,0.002510947001635136
3343,0.09327393789267815,0.08917773118785335,0.004096206704824801
3344,0.08177282320414894,0.07986629068993571,0.00190653251421323
3345,0.10008880267683971,0.09553914084902088,0.004549661827818838
3346,0.08817225264246448,0.08745259406612144,0.0007196585763430408
3347,0.0855756380058196,0.08256663491710213,0.003009003088717474
3348,0.09142383582959605,0.08989860563495378,0.001525230194642277
3349,0.08487733607772066,0.0870343486324757,-0.0021570125547550334
3350,0.08482363100273009,0.0878078853798612,-0.0029842543771311097
3351,0.08335215812623756,0.08249888587000032,0.0008532722562372419
3352,0.08684943015986211,0.08782552686273615,-0.0009760967028740325
3353,0.09463031650937957,0.09118739969522888,0.0034429168141506955
3354,0.09525832846692812,0.09571507941456209,-0.0004567509476339632
3355,0.09317809278215888,0.08972033740835372,0.0034577553738051603
3356,0.08743508876565112,0.08762006650503182,-0.0001849777393806984
3357,0.09160921632533614,0.08855844928815948,0.0030507670371766604
3358,0.0877039586888229,0.08484713851562938,0.002856820173193525
3359,0.08335426557932785,0.0798221612591192,0.0035321043202086455
3360,0.09543097109879255,0.0936565955135658,0.0017743755852267507
3361,0.09237641945898048,0.09156231938786404,0.0008141000711164442
3362,0.10094261769381549,0.10066415946789964,0.0002784582259158508
3363,0.08441880544883859,0.08377114342352461,0.0006476620253139803
3364,0.0874113820143805,0.08545680991379845,0.001954572100582058
3365,0.07991385354276344,0.07622666492483492,0.003687188617928522
3366,0.09267842680550586,0.08931816926097073,0.0033602575445351307
3367,0.08682648975098092,0.08431766917667001,0.002508820574310913
3368,0.09380452742242128,0.09162305944036385,0.002181467982057428
3369,0.08553524667956518,0.08323347766206945,0.0023017690174957223
3370,0.09558713952616368,0.09437807814675699,0.0012090613794066979
3371,0.09081214061447185,0.09226314035728492,-0.0014509997428130694
3372,0.0928603449671616,0.08918243555621812,0.0036779094109434807
3373,0.09330515850094934,0.08929546358172231,0.004009694919227022
3374,0.09258272913759677,0.08782155540370541,0.004761173733891358
3375,0.0936451196564711,0.09154135712458111,0.0021037625318899855
3376,0.08897756106699313,0.08446448641492142,0.004513074652071708
3377,0.08724744955830895,0.08559616815046492,0.0016512814078440269
3378,0.08607808494118772,0.0822810319714285,0.0037970529697592265
3379,0.0935797143400024,0.09140388533038324,0.002175829009619157
3380,0.09212256840746044,0.08840666733021588,0.0037159010772445655
3381,0.10413993006373076,0.0989633163680786,0.0051766136956521575
3382,0.086824133489792,0.08392070972264407,0.0029034237671479307
3383,0.08742230204538681,0.08452060760994426,0.0029016944354425533
3384,0.08944122430869658,0.08820126113554859,0.0012399631731479926
3385,0.09320576180452936,0.09433716115729045,-0.0011313993527610894
3386,0.08677706340675118,0.08588835988475907,0.0008887035219921069
3387,0.08390182000588657,0.08407420744615196,-0.00017238744026538966
3388,0.08581788312590087,0.08170494807593806,0.00411293504996281
3389,0.09521247450572791,0.09554431830220789,-0.0003318437964799775
3390,0.09084256990293338,0.08894550877443955,0.0018970611284938321
3391,0.10151783138034663,0.09957336771221643,0.0019444636681301974
3392,0.09272673257505509,0.09303593638356096,-0.00030920380850586737
3393,0.08566763551886138,0.08032420868932703,0.005343426829534342
3394,0.09698061141490721,0.09516638112595643,0.00181423028895078
3395,0.0820960248778135,0.0784170940717709,0.0036789308060426046
3396,0.09260853461238715,0.09037578537605882,0.002232749236328324
3397,0.09570299597923236,0.0910129914499676,0.004690004529264755
3398,0.10319794162384834,0.09777050863977452,0.005427432984073818
3399,0.08292090430653322,0.07971387137469187,0.0032070329318413526
3400,0.08630049277200355,0.08582061609789193,0.00047987667411161783
3401,0.08131948468992216,0.08060948324927444,0.0007100014406477145
3402,0.10401516856373463,0.10347219876640977,0.0005429697973248632
3403,0.08295136547971531,0.08073247277010907,0.002218892709606235
3404,0.0944907983893387,0.09328153158587045,0.0012092668034682508
3405,0.08409114551894614,0.08439879360448958,-0.00030764808554344103
3406,0.08781160901384631,0.08421904448309812,0.003592564530748188
3407,0.09308396308908856,0.09112247607876744,0.001961487010321117
3408,0.09600739834659087,0.08969863407621866,0.006308764270372219
3409,0.08691693159361306,0.08551898720735691,0.0013979443862561503
3410,0.09031984742868755,0.08777296495643501,0.002546882472252543
3411,0.09369565775401899,0.08833667581863194,0.005358981935387044
3412,0.0812290193504303,0.08028855347369986,0.0009404658767304397
3413,0.08252571729975158,0.08365538252155622,-0.0011296652218046321
3414,0.08717354693539388,0.08427821644627902,0.0028953304891148612
3415,0.07234926113191747,0.07294451388227445,-0.0005952527503569754
3416,0.08420224413506248,0.07920409878675658,0.004998145348305907
3417,0.10076360322954803,0.09494937223046115,0.005814230999086872
3418,0.08835139370576657,0.08820646561894574,0.0001449280868208308
3419,0.08229235171935494,0.07915734429575258,0.0031350074236023567
3420,0.08709386827442707,0.08084110776740482,0.006252760507022254
3421,0.09779141735287875,0.09614588222438863,0.001645535128490111
3422,0.09287986028057481,0.08872246628238108,0.004157393998193731
3423,0.08810243843970703,0.08526521622252575,0.0028372222171812733
3424,0.09027229106295606,0.08987416289366446,0.0003981281692916061
3425,0.08115593399676437,0.08317600508396406,-0.00202007108719969
3426,0.09656218506604347,0.09354201744934276,0.0030201676167007085
3427,0.08269207500313892,0.07994159593285423,0.002750479070284695
3428,0.09531258425705126,0.09616727202971068,-0.0008546877726594154
3429,0.0913732785563049,0.08971171025514521,0.0016615683011596827
3430,0.0909387428298528,0.08725095219010917,0.0036877906397436294
3431,0.08247000470915819,0.080525034973629,0.001944969735529184
3432,0.082927052468098,0.08095110052532882,0.0019759519427691857
3433,0.09170882795742104,0.08774613029682587,0.003962697660595163
3434,0.09273987464522904,0.09107342545784697,0.0016664491873820686
3435,0.08521875126909252,0.0840171450154811,0.0012016062536114175
3436,0.0873785046700287,0.08414048853337332,0.003238016136655378
3437,0.08206044769190614,0.07914665553927275,0.0029137921526333904
3438,0.08823438159198456,0.08936704435696975,-0.0011326627649851928
3439,0.08800046831691981,0.0830444723340836,0.004955995982836206
3440,0.0858748345758489,0.08476495515455593,0.001109879421292967
3441,0.08636917830177833,0.08458223103038306,0.0017869472713952644
3442,0.09275999400703408,0.09262674627153245,0.00013324773550163482
3443,0.0850126024752547,0.08200144323268138,0.003011159242573322
3444,0.08668914509506213,0.0845317923379335,0.002157352757128639
3445,0.09911364592822267,0.10247362190632231,-0.003359975978099644
3446,0.09194247413544072,0.09073111728757677,0.0012113568478639564
3447,0.09343785505690802,0.09235241358127641,0.00108544147563161
3448,0.08871994990729297,0.08677923823189702,0.0019407116753959452
3449,0.07667302921029316,0.0749609090440857,0.001712120166207462
3450,0.09754515816211413,0.09459257348882781,0.0029525846732863237
3451,0.08674851925873038,0.08378115689706433,0.0029673623616660455
3452,0.09050129262533016,0.08611214623303456,0.004389146392295595
3453,0.08922285475211812,0.08576886220746485,0.00345399254465327
3454,0.08894925788727884,0.08593479000516233,0.0030144678821165116
3455,0.09575301274027981,0.09027996083252521,0.0054730519077546
3456,0.09093969976499734,0.08867761066381347,0.0022620891011838756
3457,0.07951640075076818,0.07724971804197488,0.002266682708793308
3458,0.0812534348720748,0.07791752095053266,0.003335913921542144
3459,0.0910262486897938,0.08793792598806087,0.0030883227017329262
3460,0.0797282391006214,0.08261664108518166,-0.0028884019845602515
3461,0.09711166135364052,0.09141929204590742,0.0056923693077331056
3462,0.08031355847735008,0.07893434205705879,0.0013792164202912904
3463,0.08675005724567196,0.08297531055848464,0.0037747466871873164
3464,0.08778282922224423,0.0861208040834315,0.0016620251388127366
3465,0.09002796576988716,0.08541712868136658,0.004610837088520572
3466,0.10122780776529865,0.0974639567424444,0.003763851022854245
3467,0.08929158046161395,0.08666765671008815,0.0026239237515258
3468,0.08685696906038977,0.0877816896548318,-0.0009247205944420273
3469,0.07801303444316103,0.07714450641047084,0.0008685280326901912
3470,0.09100730390264462,0.0880358742004282,0.0029714297022164216
3471,0.10331145410018502,0.09990905109329504,0.003402403006889987
3472,0.09591252811714289,0.09179422166069284,0.0041183064564500466
3473,0.09044578869100264,0.08967827357949747,0.0007675151115051765
3474,0.09819265700108448,0.0986055153898144,-0.00041285838872991143
3475,0.08463331698702456,0.08227430884083196,0.0023590081461925955
3476,0.10320755338070133,0.09824093093889484,0.004966622441806484
3477,0.08500412098258818,0.08155676727342226,0.0034473537091659207
3478,0.07750983023410585,0.07890667191862707,-0.0013968416845212273
3479,0.09187401194860458,0.08826860893653496,0.0036054030120696162
3480,0.08097129481340193,0.07802151279434856,0.002949782019053368
3481,0.08193738559207465,0.0806136053452429,0.00132378024683176
3482,0.08687596749665201,0.0834376476530186,0.0034383198436334084
3483,0.0882654265294602,0.0854479819660327,0.0028174445634275014
3484,0.10253813319514504,0.09801105702278105,0.004527076172363989
3485,0.09035601906222596,0.08738664211260237,0.002969376949623584
3486,0.09102217486181041,0.08968745576460027,0.0013347190972101408
3487,0.09709611211656868,0.0899412691179567,0.007154842998611979
3488,0.08931868924458262,0.09159274507207688,-0.0022740558274942507
3489,0.09099805951531824,0.0859471512463248,0.005050908268993445
3490,0.09207518604405546,0.09291589383333304,-0.0008407077892775838
3491,0.0860298890405895,0.08400463253229074,0.0020252565082987672
3492,0.09534244583091979,0.09239266818529239,0.0029497776456273994
3493,0.09950347946122784,0.0970300974431026,0.0024733820181252336
3494,0.08335675998218472,0.08036035794236038,0.0029964020398243474
3495,0.08892839269671919,0.08713858501812621,0.0017898076785929778
3496,0.09135302998592128,0.08541144160428042,0.0059415883816408555
3497,0.09369443303759092,0.0919548974059706,0.0017395356316203259
3498,0.09364131583048468,0.09251283355273265,0.0011284822777520298
3499,0.08746435854519208,0.0853492080529093,0.00211515049228278
3500,0.08581454043261222,0.08665690563114148,-0.0008423651985292602
3501,0.08286220190835931,0.08418061991770934,-0.0013184180093500225
3502,0.08937237477522876,0.08922641153752235,0.00014596323770640907
3503,0.09705490677110652,0.09675198194897044,0.0003029248221360775
3504,0.07779903134844815,0.07909008610787144,-0.001291054759423288
3505,0.09927883239863747,0.09586490379443485,0.003413928604202615
3506,0.08887133435092487,0.08729994619216822,0.0015713881587566536
3507,0.09451624026494329,0.09517582557666784,-0.0006595853117245531
3508,0.10047226253290759,0.09524589565986179,0.0052263668730457985
3509,0.08355607939212488,0.07911072089667918,0.004445358495445695
3510,0.10064986787310869,0.09654253087489399,0.0041073369982146946
3511,0.08618814374845332,0.08180104951548851,0.004387094232964808
3512,0.097259480660572,0.09393880747121262,0.0033206731893593716
3513,0.07723189244612161,0.0769261296432556,0.0003057628028660109
3514,0.08446808979248611,0.08346011594807128,0.001007973844414839
3515,0.08683832954043856,0.08479363111186054,0.002044698428578018
3516,0.09485863826101161,0.09188134704741407,0.0029772912135975355
3517,0.09220231719109688,0.09206744373663997,0.00013487345445691024
3518,0.08544649661295216,0.08250492843644255,0.002941568176509604
3519,0.08363350335824914,0.08330547965667585,0.0003280237015732823
3520,0.0824724783773343,0.08188629194576802,0.0005861864315662851
3521,0.09539031850959995,0.09299712565771766,0.0023931928518822893
3522,0.09375856149208658,0.09306481676756154,0.0006937447245250472
3523,0.08953597948935042,0.0831275132345025,0.006408466254847922
3524,0.0913046584298235,0.08762741678495277,0.003677241644870724
3525,0.08477070571468576,0.08360081361593391,0.0011698920987518457
3526,0.09719635469004666,0.0911523458887744,0.00604400880127226
3527,0.07938509643470087,0.07740785956484869,0.0019772368698521836
3528,0.08971943302229507,0.08871841261714142,0.001001020405153652
3529,0.0941384340201789,0.08935365560730335,0.004784778412875543
3530,0.09375633024360563,0.09296221124588624,0.0007941189977193897
3531,0.09939693332992292,0.09684711457058073,0.0025498187593421817
3532,0.0917038268397605,0.08892402154276609,0.0027798052969944115
3533,0.09193178467379122,0.09074244754673126,0.0011893371270599584
3534,0.09789513664898618,0.09169131969153739,0.006203816957448788
3535,0.09449607402479486,0.09321382872005145,0.0012822453047434124
3536,0.09277001289337344,0.08853315317603451,0.004236859717338934
3537,0.10189226524251034,0.09757355332097416,0.0043187119215361836
3538,0.10345421722395472,0.098469356727269,0.004984860496685714
3539,0.08984955766906533,0.08913459842458872,0.0007149592444766067
3540,0.08864597848562401,0.08750368674823646,0.0011422917373875574
3541,0.08170209526305094,0.07851226500075219,0.0031898302622987568
3542,0.08061406671435313,0.07836018008871617,0.0022538866256369555
3543,0.08196786461314051,0.08121759339096485,0.0007502712221756636
3544,0.09489345338811789,0.0902049399737335,0.004688513414384393
3545,0.08086491965539451,0.08221841764015497,-0.0013534979847604628
3546,0.09098812579499874,0.08846888964167299,0.002519236153325749
3547,0.09541376648603886,0.09295421455693045,0.0024595519291084056
3548,0.09090418360282781,0.08716067601364826,0.0037435075891795594
3549,0.08971538691827383,0.08724467034877628,0.002470716569497544
3550,0.09564285878434872,0.09240564308928267,0.003237215695066048
3551,0.08713896436470539,0.0860947182572807,0.0010442461074246928
3552,0.08708725697071522,0.08354505821641693,0.003542198754298287
3553,0.0812170517189014,0.07975034998864894,0.0014667017302524565
3554,0.10780598196849085,0.10602003562654562,0.0017859463419452326
3555,0.08344013147625454,0.08459644887191274,-0.0011563173956582046
3556,0.08086587746654547,0.08247140969608156,-0.0016055322295360913
3557,0.0947477925042618,0.09231412641514551,0.002433666089116285
3558,0.09644320571560622,0.09126872089895242,0.005174484816653793
3559,0.08377937726215649,0.08292663741551903,0.0008527398466374597
3560,0.08890749480499142,0.08442812747572159,0.004479367329269832
3561,0.09976679882572585,0.09610737452578089,0.003659424299944966
3562,0.07796834413709484,0.07831823992029675,-0.00034989578320190895
3563,0.09271688554777499,0.08883917825295952,0.0038777072948154717
3564,0.09805482506097603,0.09394074746100416,0.0041140775999718715
3565,0.09253623787530044,0.08608901392547849,0.006447223949821945
3566,0.09486792623797476,0.09638604908353816,-0.0015181228455634077
3567,0.08372487325001234,0.08372161549986672,3.2577501456187985e-06
3568,0.09024839822481392,0.08939828925713791,0.000850108967676011
3569,0.09440098509338868,0.09193647981138792,0.002464505282000762
3570,0.08888969728251213,0.08890349338771773,-1.3796105205604592e-05
3571,0.08914942533236686,0.08872415495430672,0.0004252703780601441
3572,0.09047380998603706,0.08611400120513786,0.004359808780899199
3573,0.09921387603147148,0.09332974065655092,0.0058841353749205655
3574,0.09289451653631423,0.0912083796771083,0.0016861368592059195
3575,0.09415391436332166,0.0898794774099024,0.004274436953419253
3576,0.09226921965748502,0.0891251722195543,0.0031440474379307304
3577,0.08082712664655725,0.07990284357595585,0.0009242830706013977
3578,0.09001274589924729,0.08574840429449994,0.004264341604747354
3579,0.09217481568599634,0.09007878229135374,0.0020960333946425935
3580,0.07996258968534367,0.07657057064748944,0.0033920190378542298
3581,0.09130022884262083,0.09081403126201781,0.00048619758060301776
3582,0.09423272891245488,0.09113777623284608,0.003094952679608798
3583,0.08207736782465186,0.08167488184789963,0.00040248597675222875
3584,0.10079217287179072,0.09986022321966091,0.0009319496521298098
3585,0.09388946041710255,0.09066740844514898,0.0032220519719535767
3586,0.08082450283059982,0.07970702886238569,0.0011174739682141277
3587,0.0816412927062151,0.07688770835315273,0.004753584353062376
3588,0.09472216818546625,0.09391603364237165,0.0008061345430945971
3589,0.08482719886848435,0.08562859909145307,-0.0008014002229687206
3590,0.09635114978369357,0.09449008666362388,0.0018610631200696864
3591,0.08826335526403105,0.083814509521785,0.004448845742246049
3592,0.09580372765169173,0.09309885275800422,0.002704874893687509
3593,0.09088230111027759,0.08744964679351283,0.0034326543167647605
3594,0.09080940330596937,0.08709684956349625,0.003712553742473118
3595,0.09315078145628745,0.08975309070263943,0.0033976907536480278
3596,0.09174519104115704,0.08956611587327042,0.002179075167886624
3597,0.09532497899069116,0.0912669961318846,0.004057982858806555
3598,0.095498867764192,0.09299645344518973,0.0025024143190022774
3599,0.08598243173997502,0.08245216137406844,0.003530270365906585
3600,0.09473087085267996,0.09247138066823159,0.002259490184448376
3601,0.09615640571257983,0.09426439621588219,0.0018920094966976414
3602,0.08532011204264336,0.08616842076650513,-0.0008483087238617681
3603,0.08730434852464103,0.08785323288399291,-0.0005488843593518811
3604,0.08653672288350527,0.08386665245335387,0.0026700704301513972
3605,0.08481189285252543,0.08362137189404216,0.0011905209584832654
3606,0.09365537346327284,0.0858161140324098,0.007839259430863041
3607,0.08022305239968203,0.08193447941661626,-0.0017114270169342333
3608,0.09274539019563059,0.0900599527486244,0.002685437447006195
3609,0.0920541888004685,0.08968391063116132,0.002370278169307183
3610,0.08827080007053975,0.08866357892363687,-0.00039277885309711713
3611,0.09420382497000507,0.08891606765878485,0.00528775731122022
3612,0.0974695617946111,0.09309100393961721,0.004378557854993886
3613,0.07976078287419741,0.07639108870396917,0.0033696941702282407
3614,0.0829211605446606,0.07767082426529116,0.005250336279369439
3615,0.08591735828836078,0.08939682068252731,-0.0034794623941665354
3616,0.08016529986246425,0.08040244790708083,-0.0002371480446165808
3617,0.09193771213461754,0.08798336114813794,0.003954350986479602
3618,0.10060805388825952,0.09661034086885424,0.003997713019405283
3619,0.09143113036259122,0.0879907071317602,0.003440423230831019
3620,0.08145784069962486,0.0788491827446458,0.0026086579549790684
3621,0.09007183347420436,0.08922860957341093,0.00084322390079343
3622,0.08911238044527041,0.08694352697730935,0.002168853467961057
3623,0.09731690075331764,0.0947897848459123,0.0025271159074053418
3624,0.08510477625916402,0.08277706233771662,0.0023277139214473996
3625,0.08817680388983677,0.08804216543720296,0.0001346384526338118
3626,0.09103310274586837,0.08656749013906229,0.004465612606806085
3627,0.08259932583637933,0.07786233016014663,0.004736995676232703
3628,0.08922711498599352,0.08720690213939367,0.002020212846599853
3629,0.09433434091914238,0.0896008136266625,0.004733527292479875
3630,0.08444902719360278,0.08154611156427974,0.002902915629323044
3631,0.09256968017220575,0.09427284501629135,-0.0017031648440856
3632,0.08714772169084596,0.08889257366799763,-0.0017448519771516707
3633,0.0963660341179853,0.0907867826052968,0.00557925151268851
3634,0.08553256022489793,0.08394964930002406,0.0015829109248738649
3635,0.09362705096809228,0.0897720403869765,0.0038550105811157725
3636,0.0932870872986325,0.09021650918449133,0.003070578114141173
3637,0.09403608110228345,0.09270110266904837,0.0013349784332350872
3638,0.09478897020968562,0.09186315390848057,0.0029258163012050448
3639,0.09465880127206316,0.08996140323141863,0.004697398040644535
3640,0.09694335808210348,0.09593770882634274,0.0010056492557607433
3641,0.09611021128815127,0.09141851641049303,0.004691694877658234
3642,0.09251629322060344,0.09407170399365289,-0.001555410773049451
3643,0.07867812847974331,0.07733953094394261,0.0013385975358007063
3644,0.09125538526618902,0.08599566847004379,0.005259716796145231
3645,0.07865826880868435,0.07776250597912646,0.000895762829557889
3646,0.08063649186484276,0.07938150062290175,0.0012549912419410059
3647,0.09299430279604948,0.08965167202235613,0.0033426307736933447
3648,0.08875461468715094,0.0875541624046858,0.0012004522824651392
3649,0.08971584269551956,0.08610809018954556,0.0036077525059740045
3650,0.0973809981634127,0.09716936871725043,0.00021162944616226476
3651,0.08497368019706117,0.08355296742017447,0.0014207127768866984
3652,0.08102795866174578,0.08064332137818632,0.0003846372835594608
3653,0.0835120889263217,0.08088578315326321,0.0026263057730584877
3654,0.08416826639689189,0.08595422390095074,-0.001785957504058855
3655,0.09147442952806935,0.08831136449957486,0.003163065028494491
3656,0.09818912583192065,0.0970168191990301,0.0011723066328905435
3657,0.09429857057153902,0.08874732680427437,0.005551243767264652
3658,0.08654780972208762,0.08448603622168155,0.0020617735004060667
3659,0.0941104559046543,0.09167440475148683,0.0024360511531674733
3660,0.09339254408648456,0.09596699436563161,-0.0025744502791470447
3661,0.08994683283535715,0.08761400230278246,0.0023328305325746868
3662,0.08565269884682597,0.08324919133132985,0.002403507515496117
3663,0.08664241052573417,0.08494689497291467,0.0016955155528194932
3664,0.10252738883369163,0.09704136090767176,0.0054860279260198624
3665,0.09294937015389834,0.092541514303425,0.00040785585047334316
3666,0.0875540443749353,0.09099459864036039,-0.003440554265425083
3667,0.08694019786062193,0.08641728618298909,0.0005229116776328396
3668,0.08429356675182496,0.08396165369031561,0.0003319130615093563
3669,0.0903518757337627,0.08569211684298635,0.004659758890776355
3670,0.08520451461172968,0.082315263217699,0.0028892513940306785
3671,0.09524881345238984,0.09320026818594677,0.002048545266443061
3672,0.08548590833145112,0.08283212681579315,0.0026537815156579686
3673,0.09363604768755418,0.0915507035164856,0.002085344171068579
3674,0.08325453342268319,0.08287844180940829,0.00037609161327489815
3675,0.0951195920183117,0.09202269807033715,0.0030968939479745494
3676,0.08485624743675636,0.0837529975567254,0.0011032498800309654
3677,0.08991060842697676,0.08976367094224513,0.0001469374847316296
3678,0.08899100797838892,0.08657382559201732,0.002417182386371605
3679,0.08554909530190882,0.081534816143494,0.0040142791584148185
3680,0.08169251822064211,0.07681031428814916,0.004882203932492946
3681,0.08236085679256144,0.07810020457417476,0.004260652218386687
3682,0.08996936247364277,0.08648756154468736,0.0034818009289554197
3683,0.09159618932890166,0.09225751889502823,-0.0006613295661265645
3684,0.08957620640107841,0.08802066372867046,0.0015555426724079557
3685,0.08671671500838829,0.08510513071429694,0.0016115842940913477
3686,0.09160267521328465,0.08354112055607127,0.00806155465721338
3687,0.07842055379583568,0.07531614121008841,0.003104412585747271
3688,0.0876621164983837,0.08701942808424841,0.000642688414135284
3689,0.09612496877241225,0.09679999497961654,-0.0006750262072042906
3690,0.10826695408350893,0.10575802513613976,0.0025089289473691767
3691,0.09010734183620205,0.08945213657343581,0.0006552052627662314
3692,0.09143196307689776,0.09096442340975004,0.000467539667147715
3693,0.08604974036621482,0.08435066964508156,0.0016990707211332612
3694,0.09541233925751702,0.09018850014534091,0.00522383911217611
3695,0.09105455294879541,0.08780157877053724,0.003252974178258178
3696,0.08537492421102037,0.08266005066397326,0.0027148735470471086
3697,0.08806303585164646,0.08491850487358049,0.003144530978065968
3698,0.0720061479886866,0.07209499007051616,-8.884208182956266e-05
3699,0.08003190778623451,0.0816164566187089,-0.0015845488324743862
3700,0.08531804551001324,0.08593716914312677,-0.000619123633113533
3701,0.0826842232691433,0.08684640400578521,-0.004162180736641902
3702,0.08731157989527136,0.08813937004953008,-0.0008277901542587257
3703,0.09545389592920586,0.09205339431649544,0.0034005016127104243
3704,0.09415541294394147,0.0906866956012998,0.003468717342641675
3705,0.09349043645529855,0.0956783316527754,-0.0021878951974768496
3706,0.09297248741335876,0.09021596185253773,0.0027565255608210243
3707,0.09020900986378412,0.0858582081977134,0.004350801666070714
3708,0.08520507041482481,0.08454540476358871,0.0006596656512360966
3709,0.08817355279579436,0.08781290699165871,0.0003606458041356536
3710,0.0972501488561136,0.09311231779205247,0.00413783106406114
3711,0.09229167718891187,0.08730491754541124,0.004986759643500635
3712,0.0856159814522304,0.0856232927889126,-7.311336682205849e-06
3713,0.09435170031488979,0.09610322094973488,-0.0017515206348450857
3714,0.07267518795245613,0.07424117440742403,-0.001565986454967902
3715,0.08812546088491736,0.08807334926130107,5.211162361629107e-05
3716,0.08361348649073405,0.07933196080986332,0.004281525680870729
3717,0.08460132101246506,0.08496128722772847,-0.00035996621526340755
3718,0.09645726202536292,0.09480351104865459,0.0016537509767083347
3719,0.10001487655519745,0.09730198572742163,0.0027128908277758157
3720,0.0899470761609787,0.08405161748921257,0.005895458671766135
3721,0.08579708423724229,0.08381776245067994,0.001979321786562349
3722,0.07990675592564746,0.0806704307169168,-0.0007636747912693476
3723,0.07187544942522213,0.07500773065359904,-0.0031322812283769152
3724,0.08822184966077674,0.08545909000731997,0.0027627596534567783
3725,0.09671747874194567,0.09307841155970989,0.003639067182235778
3726,0.08659175356100399,0.08487568229353551,0.0017160712674684775
3727,0.0978594873406089,0.09489873137274667,0.0029607559678622303
3728,0.09467829833482998,0.09030607800246519,0.004372220332364785
3729,0.10542659744676544,0.10680688693421898,-0.0013802894874535426
3730,0.08390352560694472,0.07946145364852071,0.004442071958424013
3731,0.10198339449829745,0.09581314939054686,0.006170245107750591
3732,0.08826640774361404,0.08710972955948622,0.0011566781841278184
3733,0.08138593947332548,0.0815006381861878,-0.00011469871286232114
3734,0.078632830346887,0.07961840182975384,-0.0009855714828668344
3735,0.09341212544472947,0.08848649327239001,0.004925632172339461
3736,0.08088555936959622,0.08340259487414099,-0.002517035504544768
3737,0.08858844554761383,0.08552575666375062,0.0030626888838632127
3738,0.09265875881675696,0.0916541929739228,0.0010045658428341625
3739,0.08863699733498774,0.087975171691623,0.0006618256433647413
3740,0.09574410102474373,0.09280881061511198,0.0029352904096317523
3741,0.08892503044255835,0.08729491989638878,0.001630110546169572
3742,0.0830525208226476,0.07861737878292889,0.004435142039718704
3743,0.0949383470903303,0.09219185611117622,0.0027464909791540815
3744,0.08174698591643774,0.08077498336480887,0.0009720025516288672
3745,0.085455351090637,0.08247938199553023,0.0029759690951067647
3746,0.09130219977815733,0.08599488339155495,0.0053073163866023815
3747,0.08344837849652958,0.0801580224898111,0.003290356006718481
3748,0.0880903114611778,0.08375670879842702,0.004333602662750777
3749,0.08169147217534124,0.0780413282409727,0.0036501439343685493
3750,0.0935798917301008,0.0920369604701405,0.0015429312599603007
3751,0.07996076660611619,0.07677496518799339,0.0031858014181228023
3752,0.08717268207015731,0.08643374974090591,0.0007389323292514016
3753,0.0815131747368299,0.08100296138081127,0.0005102133560186267
3754,0.08048771726949025,0.08347275097721713,-0.002985033707726875
3755,0.08197791828274154,0.08188356764842941,9.435063431212365e-05
3756,0.09108324454353804,0.08789989197037988,0.0031833525731581602
3757,0.09263759790345752,0.09201465380549115,0.0006229440979663714
3758,0.08042890029312237,0.0766756153630557,0.003753284930066672
3759,0.08627696637543054,0.08421769338883328,0.002059272986597263
3760,0.09529412576700798,0.09024904786208716,0.005045077904920814
3761,0.0778708762960384,0.07441730683939037,0.0034535694566480285
3762,0.1010677921230732,0.09713606224346653,0.00393172987960666
3763,0.09370027203595734,0.09002019682511454,0.0036800752108427925
3764,0.10079321558117164,0.09754623541809714,0.0032469801630745088
3765,0.08972663071530959,0.09001783435480457,-0.00029120363949497463
3766,0.09484117837750543,0.09375031077147349,0.0010908676060319422
3767,0.09875170263661423,0.09393581363837088,0.004815888998243353
3768,0.08566782313053914,0.08428310572858268,0.0013847174019564618
3769,0.08485634687631798,0.08029705386928074,0.004559293007037238
3770,0.07892014422510595,0.07396110745114454,0.004959036773961409
3771,0.08649864475432127,0.0863443905935452,0.00015425416077606557
3772,0.09425328196377475,0.09352075530980027,0.0007325266539744829
3773,0.09166726468382658,0.08689772172369875,0.004769542960127826
3774,0.0939506676654046,0.09036872640835482,0.0035819412570497755
3775,0.08524465508141583,0.08314829328546045,0.00209636179595539
3776,0.08505351610458398,0.0868103975540502,-0.00175688144946623
3777,0.10308853023705994,0.09676871238265826,0.00631981785440168
3778,0.09396066788525341,0.09310944454298441,0.000851223342269003
3779,0.08500984281421226,0.08296612524832012,0.002043717565892139
3780,0.08993959364312061,0.08493491312699218,0.005004680516128429
3781,0.08702316195964015,0.08603462126987707,0.000988540689763076
3782,0.0928201831521355,0.08729551190875741,0.00552467124337809
3783,0.07691321663109112,0.07931252111329407,-0.002399304482202949
3784,0.09231827627238026,0.09054871734802661,0.0017695589243536536
3785,0.08492749036794425,0.08682862727767798,-0.0019011369097337305
3786,0.09027181255377352,0.08836772729177983,0.0019040852619936904
3787,0.08214725927670902,0.07850731377709703,0.0036399454996119823
3788,0.08955246748508718,0.0901459003954048,-0.0005934329103176178
3789,0.0770426746089227,0.07626361228755031,0.0007790623213723841
3790,0.10112510432474509,0.09883792526192753,0.002287179062817557
3791,0.08916694844906299,0.08705858251064026,0.0021083659384227293
3792,0.08992235588029446,0.08799866478087243,0.0019236910994220313
3793,0.08546342756988988,0.0850688972982482,0.0003945302716416854
3794,0.08331555925702537,0.08140983352246574,0.0019057257345596323
3795,0.07938206504038973,0.0768034083194179,0.0025786567209718364
3796,0.0968926056217414,0.09359405111625733,0.0032985545054840665
3797,0.09712453153949284,0.096162311935373,0.0009622196041198378
3798,0.089074004586197,0.08772043540200797,0.001353569184189038
3799,0.09102752173501112,0.08592845120426008,0.0050990705307510376
3800,0.0876429553084168,0.08899545790892541,-0.0013525026005086066
3801,0.08392998906782034,0.08204303558182896,0.0018869534859913828
3802,0.08468987051052243,0.08185409819622377,0.002835772314298657
3803,0.09519951483518754,0.09066079495263125,0.0045387198825562886
3804,0.08981642501883684,0.08780284145010457,0.002013583568732269
3805,0.08958511206474898,0.0865607990003691,0.003024313064379877
3806,0.08303674137935162,0.08311402417675688,-7.728279740526478e-05
3807,0.08548207269634703,0.0828486627281436,0.0026334099682034234
3808,0.10020908157366712,0.0994484784311867,0.0007606031424804149
3809,0.0895675915057718,0.08253493741338828,0.007032654092383517
3810,0.07923917477104465,0.07736984828781066,0.001869326483233999
3811,0.08233416630137413,0.0811177740151145,0.0012163922862596377
3812,0.08519798594360477,0.08282147872552484,0.002376507218079929
3813,0.07867353710351559,0.07499572879782229,0.0036778083056932948
3814,0.09213897638275868,0.08686385918994712,0.005275117192811568
3815,0.08389562930374803,0.08077430337636637,0.003121325927381652
3816,0.08309166819235954,0.08371373911933054,-0.0006220709269710023
3817,0.08389914674033026,0.07927448223542845,0.004624664504901815
3818,0.08502415840196709,0.08076942472068972,0.0042547336812773645
3819,0.08817899645133784,0.0861700570057057,0.0020089394456321436
3820,0.09319467636497934,0.08855010286401606,0.004644573500963284
3821,0.0926878477830858,0.08888147860752327,0.0038063691755625267
3822,0.0930613951099063,0.09083466136669485,0.0022267337432114453
3823,0.08669927207075906,0.08498268443487769,0.001716587635881367
3824,0.07808199770674945,0.07687280514212871,0.0012091925646207369
3825,0.09196103878095535,0.08925288207678793,0.002708156704167422
3826,0.08507251441951218,0.0868905188568927,-0.0018180044373805188
3827,0.09088229067172492,0.08829271887713144,0.002589571794593473
3828,0.09076602398015322,0.08652169854605701,0.0042443254340962105
3829,0.09281005907038808,0.09130583235622419,0.001504226714163892
3830,0.08719085397594464,0.08607598174498395,0.0011148722309606979
3831,0.08760296316459484,0.08383916059838796,0.0037638025662068836
3832,0.08606146663698297,0.08420054710967845,0.001860919527304522
3833,0.09734224801931887,0.09319700798403778,0.004145240035281092
3834,0.08747039418060776,0.0842924982804573,0.003177895900150454
3835,0.09551350346683304,0.08982279697250323,0.005690706494329817
3836,0.09132307425624446,0.08652324638327412,0.004799827872970341
3837,0.08540773503666838,0.08335565804147697,0.0020520769951914014
3838,0.08200855016730141,0.08117498554726071,0.0008335646200406943
3839,0.08865897132962816,0.08380378531278738,0.004855186016840776
3840,0.08857398435633941,0.08354063765898488,0.005033346697354529
3841,0.08897359920266419,0.08614512156310801,0.0028284776395561817
3842,0.09793961334155302,0.09430616057548276,0.003633452766070258
3843,0.10243915944198054,0.09613648058660465,0.006302678855375887
3844,0.08172355940848322,0.08030081288324012,0.0014227465252431015
3845,0.09586744136781662,0.0917343273253172,0.004133114042499428
3846,0.08903680395850616,0.08947529075088753,-0.00043848679238137067
3847,0.09856405782687744,0.09636676940150699,0.0021972884253704528
3848,0.08711150872522931,0.08592199760155567,0.001189511123673645
3849,0.0949511594976258,0.09372373981902896,0.0012274196785968389
3850,0.08682330943242772,0.08648570526866248,0.0003376041637652427
3851,0.08569939257956843,0.0862339441150713,-0.0005345515355028724
3852,0.09480433961632645,0.0926311959327494,0.0021731436835770446
3853,0.08838823027719424,0.08400842168139122,0.004379808595803017
3854,0.08121809929238054,0.07956799880662781,0.0016501004857527313
3855,0.08393519724489289,0.07920774539346,0.00472745185143289
3856,0.08354174790162892,0.08263000107247594,0.0009117468291529873
3857,0.0850791325974928,0.08362380498894313,0.0014553276085496614
3858,0.08195037323995931,0.07857498966601394,0.003375383573945373
3859,0.094068942005325,0.09198238852415361,0.0020865534811713993
3860,0.09197607257136434,0.08642111407768123,0.005554958493683107
3861,0.08948489609686934,0.08574611183093919,0.003738784265930148
3862,0.09462314394293257,0.092155735049328,0.0024674088936045696
3863,0.07917374008902493,0.07726945917666217,0.001904280912362763
3864,0.0845559059207593,0.08401649053615579,0.0005394153846035171
3865,0.0795980280273371,0.07808191560240102,0.0015161124249360863
3866,0.08478135695728681,0.08237105719689979,0.002410299760387022
3867,0.09118644907705392,0.0887320474155891,0.0024544016614648223
3868,0.09378760353303918,0.09251105089154639,0.0012765526414927897
3869,0.09057199722247312,0.0878228714094213,0.0027491258130518254
3870,0.08137649853068685,0.07992356447737628,0.0014529340533105672
3871,0.08262917740297074,0.08009683782975839,0.002532339573212347
3872,0.08402310375395398,0.08246665998695601,0.0015564437669979697
3873,0.09221746727174192,0.09378396781161091,-0.0015665005398689952
3874,0.09050857964656009,0.08542374870915143,0.005084830937408663
3875,0.09383474461259064,0.09541554993590927,-0.0015808053233186264
3876,0.09622829659836908,0.09436658626807365,0.0018617103302954324
3877,0.08276123142427565,0.08153145563581166,0.001229775788463991
3878,0.08951788111864473,0.08969318991759376,-0.00017530879894903095
3879,0.08820470970001706,0.08250111353496309,0.005703596165053976
3880,0.09915396216973776,0.09788664691564426,0.0012673152540935012
3881,0.08955044387403649,0.08926155321176277,0.00028889066227372195
3882,0.08299463124978862,0.08242385695991522,0.0005707742898733992
3883,0.09472961070358743,0.09527433964969055,-0.0005447289461031207
3884,0.0923409622492502,0.09314943106050526,-0.0008084688112550559
3885,0.10717083808374923,0.10537846110205797,0.0017923769816912682
3886,0.09372368630718778,0.091338412338,0.002385273969187779
3887,0.07992127104668166,0.0789517321701072,0.0009695388765744578
3888,0.08817660241474305,0.08327922232404851,0.004897380090694542
3889,0.07760842026420578,0.07606962325456133,0.0015387970096444464
3890,0.08688874264245744,0.08407459402927761,0.002814148613179829
3891,0.09246233985898855,0.08952688649763205,0.002935453361356505
3892,0.07392587872414172,0.07631787804621601,-0.0023919993220742897
3893,0.09094078546152169,0.0867174553433277,0.004223330118193994
3894,0.08093210399132884,0.07747716390416627,0.0034549400871625724
3895,0.10047654090555178,0.10064163428111894,-0.00016509337556716575
3896,0.08920001274851481,0.09004156743204852,-0.0008415546835337101
3897,0.08887511163226622,0.0890958429806383,-0.00022073134837208297
3898,0.08917813163864216,0.08575586332380777,0.003422268314834387
3899,0.09535134364997033,0.09436520305216911,0.0009861405978012217
3900,0.09025795163672604,0.08973134154295098,0.000526610093775054
3901,0.09792080256404351,0.09388581693590474,0.004034985628138768
3902,0.0885003969660039,0.08823401443249256,0.0002663825335113418
3903,0.0888893456236181,0.08276486001814312,0.006124485605474975
3904,0.08485164787010188,0.08104201519189591,0.003809632678205971
3905,0.09029462910454163,0.09044629071007555,-0.00015166160553392594
3906,0.08211192274385908,0.08225844214176893,-0.00014651939790985558
3907,0.09321157888081914,0.08942008260222915,0.0037914962785899897
3908,0.08515976128007272,0.08147958524703859,0.0036801760330341243
3909,0.0918207405401661,0.08820322724641086,0.003617513293755245
3910,0.09000463170051894,0.08635770279424515,0.003646928906273786
3911,0.08984816102027504,0.08957161333783402,0.00027654768244102235
3912,0.08571388174429329,0.08475758228964428,0.0009562994546490067
3913,0.0918759821800228,0.08848322445709277,0.0033927577229300315
3914,0.08409343279701573,0.08495281560790464,-0.0008593828108889173
3915,0.08951721685648806,0.08705772753987906,0.002459489316608998
3916,0.0811448011612667,0.08320005682303913,-0.0020552556617724344
3917,0.0800909013256534,0.08037709384676876,-0.00028619252111536375
3918,0.08031910610599172,0.07916391441854329,0.0011551916874484314
3919,0.09792745800577202,0.09417389803325552,0.0037535599725165014
3920,0.08915603063545455,0.08473370827781684,0.0044223223576377035
3921,0.0934711121262586,0.09086147682933086,0.0026096352969277314
3922,0.09051466296515544,0.09219680340490978,-0.0016821404397543427
3923,0.08409579883932701,0.08340659239341806,0.0006892064459089464
3924,0.09358375544137627,0.09191310927003515,0.0016706461713411197
3925,0.08706916641572224,0.08808224666379093,-0.0010130802480686901
3926,0.09350611256994341,0.0891070379136225,0.004399074656320917
3927,0.08812112624779708,0.08604205482393804,0.002079071423859047
3928,0.0908845860812663,0.08839200408563049,0.0024925819956358175
3929,0.08254694772593511,0.08178544457774291,0.0007615031481922052
3930,0.08786324751556372,0.09125457321244818,-0.0033913256968844535
3931,0.07632238161928014,0.0817237266737992,-0.005401345054519058
3932,0.09634808958552843,0.09414784636803936,0.002200243217489073
3933,0.0934015060936572,0.09266034165958396,0.0007411644340732382
3934,0.09954014110031915,0.0950501797833035,0.0044899613170156505
3935,0.09181661256619464,0.08685599804730647,0.004960614518888171
3936,0.08237650553264927,0.07982061447685707,0.0025558910557922088
3937,0.08644297960288272,0.0821901629764406,0.004252816626442113
3938,0.08701242802899456,0.08732680967949598,-0.0003143816505014191
3939,0.0854616564023119,0.08411186769350255,0.001349788708809349
3940,0.10113311024604561,0.09654946765994879,0.004583642586096823
3941,0.08534154474783874,0.08171840333871619,0.0036231414091225517
3942,0.0949978869692692,0.08983846604163913,0.005159420927630068
3943,0.09360624970338734,0.09242033428059418,0.0011859154227931573
3944,0.09097040547675653,0.0897454490410907,0.0012249564356658221
3945,0.08809040859291202,0.08277463750705054,0.0053157710858614815
3946,0.08124905296446636,0.08088152275170792,0.00036753021275844067
3947,0.08364237912885394,0.08240762220334945,0.001234756925504496
3948,0.09035391459086377,0.08940383672993121,0.000950077860932555
3949,0.08540747035549741,0.0864419808776976,-0.0010345105222001882
3950,0.08858807612119363,0.08594070474692082,0.0026473713742728028
3951,0.07728148401693904,0.07620171156097469,0.0010797724559643562
3952,0.09081870781274679,0.08830068172344467,0.002518026089302114
3953,0.09617140240824396,0.09206315704102862,0.004108245367215338
3954,0.08008230863838159,0.0821210774233065,-0.002038768784924913
3955,0.08606076991194675,0.08176101449144377,0.004299755420502982
3956,0.08595519491690502,0.08524202030487649,0.0007131746120285359
3957,0.09402060698845133,0.09182183066499049,0.002198776323460841
3958,0.08121110010190426,0.07915833517043673,0.0020527649314675267
3959,0.09297954701830262,0.09215073492900346,0.0008288120892991635
3960,0.09271254410461169,0.08919144259957967,0.003521101505032015
3961,0.0902207531188742,0.08686910903228869,0.0033516440865855174
3962,0.08860627573147926,0.08780524738936235,0.0008010283421169134
3963,0.08570962701636867,0.08768108610934422,-0.0019714590929755527
3964,0.08930706469461294,0.08728738489943806,0.0020196797951748807
3965,0.0825200940773007,0.08131474527521497,0.0012053488020857261
3966,0.08475663416159909,0.08310621131445656,0.0016504228471425353
3967,0.10702537228127192,0.1032131551626482,0.0038122171186237147
3968,0.08884563684373896,0.08604623288363787,0.002799403960101088
3969,0.08882662641745023,0.08842556180921829,0.00040106460823194356
3970,0.09564424046603094,0.09371158454559908,0.001932655920431861
3971,0.08614225475361618,0.08153494347206813,0.004607311281548052
3972,0.08617720354493007,0.08416541856183465,0.002011784983095413
3973,0.08730312820245108,0.08271357984567519,0.0045895483567758855
3974,0.08912694514722674,0.08511132736822698,0.004015617778999767
3975,0.0972639587034773,0.09638510008484233,0.0008788586186349728
3976,0.09122730914260506,0.0864177248378013,0.004809584304803757
3977,0.09250962189179193,0.08627988427449783,0.006229737617294104
3978,0.08707769323570543,0.08449707890404587,0.002580614331659556
3979,0.10048365107441808,0.09770844327759981,0.002775207796818266
3980,0.08864407443633031,0.08617249950998726,0.002471574926343048
3981,0.08965249263284134,0.08909308618506517,0.0005594064477761618
3982,0.09654559316033039,0.09224987989895224,0.004295713261378148
3983,0.08756315379690183,0.09083148786374372,-0.003268334066841891
3984,0.09931831286802006,0.09706080480048836,0.0022575080675317077
3985,0.09109381842875815,0.08829927649611878,0.002794541932639366
3986,0.07446058513625099,0.07508226586705584,-0.0006216807308048466
3987,0.07040377875319168,0.07560773022727577,-0.00520395147408409
3988,0.08609455300471464,0.08539357306105147,0.0007009799436631658
3989,0.079234888689745,0.07858995361217369,0.0006449350775713097
3990,0.08753992567200088,0.08191087613982143,0.00562904953217945
3991,0.07984831839990977,0.07914677828438159,0.0007015401155281847
3992,0.09045491112768585,0.08748575110557326,0.002969160022112588
3993,0.09588990820979316,0.09197063217556833,0.003919276034224831
3994,0.09765493835094949,0.09289363416120423,0.004761304189745255
3995,0.09054881589799489,0.08687951331505979,0.0036693025829351023
3996,0.08984762784623898,0.08958382930138489,0.00026379854485408805
3997,0.09135041558487618,0.09286825421973847,-0.0015178386348622952
3998,0.08828746751837564,0.08915356310230199,-0.000866095583926349
3999,0.0903622693713761,0.08704438696406966,0.0033178824073064467
4000,0.08957614499861355,0.08694437857901688,0.0026317664195966706
4001,0.08338189188784915,0.08218349136181649,0.0011984005260326641
4002,0.08811426453701583,0.0845648306854632,0.0035494338515526386
4003,0.08691921914016057,0.08613046759804012,0.00078875154212045
4004,0.09259965306263905,0.08944516571319502,0.0031544873494440268
4005,0.08626055440006618,0.08471299511888422,0.0015475592811819566
4006,0.08621559584743577,0.08622158404994523,-5.9882025094659674e-06
4007,0.09284756817393343,0.0880742205565145,0.004773347617418933
4008,0.08405206654854498,0.08193119782314222,0.0021208687254027636
4009,0.09384357028845307,0.09558437474892804,-0.0017408044604749762
4010,0.07811406792208472,0.07994320339792782,-0.0018291354758430967
4011,0.09053516078281272,0.08946545937657964,0.0010697014062330812
4012,0.08739411020167176,0.0852177521682407,0.002176358033431053
4013,0.09010127253521324,0.08753690240398425,0.0025643701312289963
4014,0.08565926863633953,0.08526989071389514,0.00038937792244439495
4015,0.08518411781620092,0.08744883171067733,-0.002264713894476411
4016,0.09504968011950948,0.0890535801265577,0.005996099992951781
4017,0.092080663993791,0.09182796324439522,0.00025270074939577614
4018,0.09493844939292408,0.09229542857016329,0.002643020822760786
4019,0.09071775941971424,0.08857518644051715,0.0021425729791970938
4020,0.09448090782305936,0.09387956948022004,0.0006013383428393193
4021,0.0947363085403867,0.09446477822278099,0.00027153031760571156
4022,0.07930423732645246,0.0776650787323348,0.0016391585941176595
4023,0.09071830280165323,0.08776970018775415,0.002948602613899079
4024,0.08629903789478231,0.08480152716757496,0.0014975107272073573
4025,0.08976638686174342,0.08649519638152628,0.003271190480217137
4026,0.09788610923465575,0.09421141880318606,0.0036746904314696877
4027,0.08901715638913217,0.08732625898963663,0.0016908973994955445
4028,0.08051053078070995,0.08063518959290512,-0.00012465881219517194
4029,0.08493107788414277,0.08693929444133124,-0.002008216557188469
4030,0.08017254305744644,0.07716967014714353,0.003002872910302906
4031,0.09680680603111759,0.09093950313900533,0.005867302892112264
4032,0.08389745918774033,0.0846681457559623,-0.000770686568221976
4033,0.0896693186393647,0.0847242683606016,0.004945050278763102
4034,0.0860701511894789,0.08879337433720698,-0.0027232231477280766
4035,0.08426786966145508,0.08560014956786645,-0.0013322799064113683
4036,0.08552210309686119,0.08468462100502919,0.0008374820918320008
4037,0.08296053053899911,0.08128610430201613,0.0016744262369829815
4038,0.08218662659811042,0.08386490913735294,-0.001678282539242515
4039,0.0971925321488254,0.09408908957739782,0.00310344257142757
4040,0.08518972687874952,0.07929048412227005,0.005899242756479475
4041,0.09434970393594103,0.09147405826749759,0.0028756456684434356
4042,0.09764153389544102,0.09524346486497898,0.0023980690304620383
4043,0.08827623770693925,0.08620632474582035,0.0020699129611189
4044,0.0886192251913353,0.08899191583824696,-0.0003726906469116581
4045,0.09077103273574778,0.08766126846604236,0.0031097642697054256
4046,0.0852119209543685,0.08551345630739425,-0.00030153535302575307
4047,0.0869114309145859,0.08632031471049205,0.0005911162040938556
4048,0.08305564842489084,0.0824963071426008,0.0005593412822900434
4049,0.08372713008562416,0.07981900319785726,0.0039081268877668995
4050,0.08717726639820732,0.08142791392456111,0.005749352473646205
4051,0.08580951439973283,0.08202531935719937,0.003784195042533467
4052,0.08791511980919715,0.08473608277716811,0.0031790370320290418
4053,0.07670534281279628,0.07570019850018712,0.0010051443126091603
4054,0.09387762393090487,0.09506462694420546,-0.0011870030133005888
4055,0.09611393989409212,0.09019160701268326,0.005922332881408851
4056,0.09291176666917995,0.0886307466807146,0.004281019988465348
4057,0.0797505597258388,0.08230264628749923,-0.0025520865616604216
4058,0.08927814245080276,0.08387215218976916,0.005405990261033597
4059,0.09066201600376944,0.08554205538308184,0.005119960620687605
4060,0.08918971670276234,0.0910145257330317,-0.001824809030269367
4061,0.09163647498459272,0.08728695235562658,0.004349522628966138
4062,0.09295802451138237,0.09095193409037883,0.0020060904210035396
4063,0.08861987795463054,0.08762744157424841,0.000992436380382128
4064,0.08399030704210947,0.08065978198557378,0.0033305250565356936
4065,0.08962018630216602,0.08830424166982309,0.0013159446323429275
4066,0.08741134416287248,0.08537470463074825,0.0020366395321242264
4067,0.08491454812605893,0.08389741641484637,0.0010171317112125655
4068,0.08027825912136323,0.07907086460138583,0.001207394519977395
4069,0.10010180774539902,0.09485846600484146,0.005243341740557558
4070,0.09669373417798917,0.09138570662828023,0.005308027549708938
4071,0.09005864930990645,0.08496394792964884,0.00509470138025761
4072,0.07983517063982572,0.08168649701331018,-0.001851326373484466
4073,0.09369941105183018,0.0922331052700322,0.0014663057817979747
4074,0.09009792569699006,0.08575067119957311,0.00434725449741695
4075,0.08546159269010797,0.08543606090136331,2.553178874466211e-05
4076,0.09440920379156977,0.09180992759620821,0.002599276195361558
4077,0.10109354893467756,0.09641313723036725,0.004680411704310314
4078,0.08848934109720008,0.08507305436874778,0.003416286728452303
4079,0.08735388426269565,0.08689800715284436,0.00045587710985128815
4080,0.08159629405132623,0.08398363274286506,-0.002387338691538829
4081,0.08298933069121898,0.08097654214353564,0.0020127885476833446
4082,0.08511686220397954,0.08502531469217951,9.154751180003029e-05
4083,0.08415478718321727,0.08435322403804901,-0.00019843685483174334
4084,0.08509164867115901,0.08157168408037355,0.0035199645907854626
4085,0.08556844801833535,0.08459311479115161,0.0009753332271837389
4086,0.09607056667399579,0.08902683922706635,0.0070437274469294375
4087,0.09757999944171139,0.09673524713870328,0.0008447523030081089
4088,0.08882258893387486,0.08528962948465255,0.0035329594492223143
4089,0.08817309249135838,0.08453711758436437,0.003635974906994008
4090,0.09131256235781257,0.087453528847087,0.0038590335107255708
4091,0.09142997300067518,0.08998146897009987,0.0014485040305753094
4092,0.08416391082586075,0.08831851996539519,-0.004154609139534443
4093,0.09210395561789336,0.08964326116121597,0.0024606944566773897
4094,0.08856009979351073,0.08558542864082039,0.0029746711526903447
4095,0.09667863763780302,0.09321065514185742,0.0034679824959455985
4096,0.07873959760876131,0.07518826458407532,0.003551333024685993
4097,0.09238003110221726,0.09126868697934805,0.001111344122869215
4098,0.08853408554808817,0.08526813462860328,0.0032659509194848946
4099,0.08157509980800798,0.08072249294814958,0.0008526068598583986
4100,0.08088717788916527,0.08026512019046704,0.0006220576986982335
4101,0.09477917172786243,0.09594642964621336,-0.001167257918350928
4102,0.07971329909158513,0.08033367103845786,-0.0006203719468727276
4103,0.0871874971204075,0.08060772584182138,0.0065797712785861245
4104,0.08730268087903578,0.08352357622188145,0.0037791046571543363
4105,0.09477663210063617,0.0941163017597257,0.0006603303409104672
4106,0.09430523564138905,0.09011522200770071,0.004190013633688344
4107,0.09127297199191896,0.08715398298129508,0.00411898901062388
4108,0.09022520957216126,0.08662583571706815,0.0035993738550931104
4109,0.0896801912296935,0.08852572211279977,0.001154469116893736
4110,0.0910712644741505,0.08481950500509855,0.006251759469051946
4111,0.09649631982775067,0.09252486455226537,0.0039714552754853
4112,0.0991673434552233,0.09474431364009384,0.004423029815129459
4113,0.08699782093108233,0.08511875572466722,0.0018790652064151064
4114,0.09952849237195445,0.09744460695293576,0.0020838854190186884
4115,0.0751666351736638,0.07017310089400719,0.004993534279656611
4116,0.08736396650759021,0.08493336886120441,0.0024305976463857987
4117,0.08423559361253487,0.08500818231927441,-0.0007725887067395465
4118,0.0843093975054288,0.08260065495421356,0.0017087425512152393
4119,0.0926267075900084,0.09134082795045652,0.0012858796395518873
4120,0.09486281533548291,0.09343903107836832,0.0014237842571145909
4121,0.10242228798504222,0.09297962094387771,0.009442667041164504
4122,0.09328080007999703,0.09020959321453956,0.0030712068654574765
4123,0.09008408620685913,0.08952130362231217,0.0005627825845469642
4124,0.09581738465980218,0.09338602687613841,0.002431357783663768
4125,0.08825374561458567,0.08563003835849332,0.0026237072560923447
4126,0.09704698312477739,0.09544830927537712,0.0015986738494002672
4127,0.08270161276918364,0.08192911621579166,0.0007724965533919825
4128,0.08134219945886642,0.08018458700481057,0.0011576124540558508
4129,0.09338074863107633,0.08888164812720048,0.00449910050387585
4130,0.09592526544236869,0.09035733721221731,0.005567928230151384
4131,0.09080844797479817,0.09318284937304973,-0.002374401398251555
4132,0.0913892611621446,0.0904810750776709,0.0009081860844736972
4133,0.09502311285212398,0.09273062263724441,0.0022924902148795667
4134,0.08491251956102723,0.08077912540206561,0.00413339415896162
4135,0.08424884728395698,0.08525970019339882,-0.001010852909441834
4136,0.08606276671794552,0.0834782291218331,0.002584537596112421
4137,0.08192589659605042,0.08112923349554123,0.0007966631005091873
4138,0.08353245368912636,0.080293083824487,0.003239369864639366
4139,0.10215510558383452,0.09960978881120632,0.0025453167726282033
4140,0.07799631307135599,0.0768005931227384,0.0011957199486175851
4141,0.09175933650143356,0.08916709409188187,0.0025922424095516927
4142,0.08704840825136766,0.0847143405280452,0.0023340677233224527
4143,0.07854681874230024,0.07851147365590078,3.53450863994631e-05
4144,0.07672292645702079,0.07691703665628111,-0.00019411019926031392
4145,0.07937476980283556,0.07881399818400099,0.0005607716188345685
4146,0.10135855584800813,0.09801749622668117,0.0033410596213269556
4147,0.0829330982529405,0.08440512637412863,-0.0014720281211881292
4148,0.07664791351643926,0.07693249337272363,-0.0002845798562843699
4149,0.09371703945887049,0.08990474478728355,0.0038122946715869327
4150,0.08757491205067237,0.08248754596821138,0.005087366082460992
4151,0.10920668531547716,0.103842122509709,0.00536456280576815
4152,0.0969025356976605,0.0960105452983251,0.0008919903993353934
4153,0.09863599775525621,0.09423967508574725,0.004396322669508956
4154,0.09266502805291826,0.09643766092785096,-0.0037726328749326937
4155,0.09706066297984574,0.0921566827923976,0.004903980187448143
4156,0.09312843379677532,0.0894428181891889,0.003685615607586429
4157,0.08685759749877944,0.08498374266799147,0.0018738548307879743
4158,0.07985500933005177,0.08014371308587341,-0.00028870375582164265
4159,0.08225962100621877,0.08401627509567011,-0.0017566540894513455
4160,0.08825630421635183,0.08570512960883686,0.002551174607514972
4161,0.08614547265097966,0.0820750591850851,0.004070413465894554
4162,0.09126724347439967,0.09008681056881304,0.0011804329055866286
4163,0.0942112761400897,0.09117013347506918,0.0030411426650205214
4164,0.08879067444976303,0.08740831390161334,0.0013823605481496914
4165,0.09264756450513656,0.08759587755639378,0.0050516869487427785
4166,0.08916437786703478,0.08727878939312997,0.0018855884739048118
4167,0.08720518868541029,0.0874078564886557,-0.00020266780324541822
4168,0.08793274155324776,0.08692165524601352,0.0010110863072342463
4169,0.09411852792885757,0.09215040205390554,0.0019681258749520286
4170,0.08072632269103551,0.08199497203429826,-0.0012686493432627483
4171,0.07919451137457151,0.08061214943779915,-0.0014176380632276442
4172,0.08332918081032334,0.08418707948019112,-0.0008578986698677821
4173,0.08678147784082117,0.08491519515033576,0.0018662826904854157
4174,0.08230379685075734,0.0804147691540732,0.0018890276966841424
4175,0.08704169238088172,0.08450112280282021,0.002540569578061508
4176,0.08971839332473668,0.08724665538546932,0.00247173793926736
4177,0.08443482811891866,0.08247751379235242,0.001957314326566234
4178,0.10086222213216037,0.09877284411669567,0.002089378015464702
4179,0.08891591672515962,0.08664403443693725,0.0022718822882223794
4180,0.08913940147111318,0.09052340136968534,-0.001383999898572158
4181,0.09586487993300807,0.094852741069286,0.0010121388637220757
4182,0.09176562850060967,0.09425809211174355,-0.00249246361113388
4183,0.09312358703372411,0.0908109758382947,0.002312611195429415
4184,0.09145922022564809,0.09148945158061161,-3.0231354963522472e-05
4185,0.08897283285716891,0.08757864580362958,0.0013941870535393308
4186,0.08056023757980678,0.07772397019459368,0.002836267385213101
4187,0.09422955216153829,0.09096033834085168,0.003269213820686609
4188,0.09497678912538199,0.0912957574991299,0.003681031626252093
4189,0.08252926412805689,0.08128487883154878,0.0012443852965081104
4190,0.0875065352096957,0.08354040545215197,0.003966129757543735
4191,0.08550155799822923,0.0872776955784082,-0.0017761375801789714
4192,0.1014714738495876,0.10023515787486227,0.00123631597472533
4193,0.09267426926809225,0.0907971387026695,0.001877130565422741
4194,0.07772832563486744,0.07724384300368661,0.00048448263118082424
4195,0.08132661825225225,0.08129431114345677,3.230710879548182e-05
4196,0.0911956229025306,0.08672368144688349,0.00447194145564711
4197,0.08808599194346622,0.08777402079942283,0.00031197114404339643
4198,0.0779102403883569,0.07945577034180222,-0.0015455299534453265
4199,0.0919280299904944,0.08761090203653932,0.0043171279539550855
4200,0.08797600112223795,0.08802171126579626,-4.571014355830849e-05
4201,0.08472248110506275,0.08204474853257393,0.0026777325724888223
4202,0.09427425667259177,0.09704318383043929,-0.002768927157847517
4203,0.0961559623786053,0.09708131752140693,-0.0009253551428016343
4204,0.0903864861992073,0.09521381198710979,-0.004827325787902487
4205,0.09535282125152125,0.09389771915244405,0.0014551020990772046
4206,0.09022973601996447,0.08619771852350115,0.004032017496463314
4207,0.08881380140155827,0.0897690972131864,-0.0009552958116281346
4208,0.08754131446460335,0.08585183037924413,0.0016894840853592247
4209,0.08263080538676228,0.08233569468067821,0.0002951107060840674
4210,0.08740283090832396,0.08408295430811531,0.003319876600208646
4211,0.09058393283967676,0.08757779464298843,0.0030061381966883377
4212,0.0852129951825618,0.08363523311436188,0.0015777620681999144
4213,0.09986209090155007,0.09447932581450598,0.005382765087044092
4214,0.06995467539371993,0.07077156801875419,-0.0008168926250342601
4215,0.09151941848064031,0.0885373191002984,0.0029820993803419127
4216,0.08317074464365268,0.08435874813163485,-0.0011880034879821755
4217,0.09158085657217598,0.09112482066965566,0.0004560359025203159
4218,0.09599477506933259,0.09456052149015418,0.00143425357917841
4219,0.09513762086057297,0.09251798952831215,0.0026196313322608134
4220,0.08581571518272868,0.08540431409996863,0.0004114010827600545
4221,0.08618833123436294,0.08484172393128799,0.0013466073030749537
4222,0.08174883065796992,0.08073854660585991,0.001010284052110011
4223,0.09455845138768851,0.09015594716090183,0.004402504226786674
4224,0.08868377587711507,0.08809092361046227,0.0005928522666528019
4225,0.07620004368876236,0.07511361359403185,0.0010864300947305144
4226,0.10221092468233739,0.09812730704171173,0.004083617640625661
4227,0.10270911642253999,0.10008697856514162,0.002622137857398371
4228,0.08635713050946696,0.08093037593496298,0.005426754574503978
4229,0.09659793237210984,0.09261008240709721,0.003987849965012627
4230,0.08588608650815376,0.08435004905110421,0.001536037457049541
4231,0.07928219294245759,0.08256361476485137,-0.0032814218223937847
4232,0.08941279855341529,0.09175231253781413,-0.0023395139843988416
4233,0.08766507607055571,0.08772999163251236,-6.49155619566466e-05
4234,0.0966675566567745,0.09621647453990848,0.0004510821168660223
4235,0.10107906163198861,0.10028138038063776,0.0007976812513508513
4236,0.08673902840575466,0.0873513993907506,-0.000612370984995933
4237,0.09163169770094182,0.08832965050463448,0.003302047196307334
4238,0.0824543013008728,0.08030159279116977,0.002152708509703033
4239,0.08461884111267921,0.08388569155329079,0.0007331495593884269
4240,0.08071352224453496,0.07784174203269029,0.002871780211844671
4241,0.08156327725104409,0.07991162691723949,0.0016516503338045996
4242,0.08617008789201328,0.08312509609285555,0.003044991799157723
4243,0.09540110898198405,0.08961851269379545,0.005782596288188599
4244,0.0831979717381313,0.08403966952513373,-0.0008416977870024239
4245,0.09097558699318781,0.0891084353156077,0.0018671516775801006
4246,0.08800305113141432,0.08389348235840158,0.004109568773012745
4247,0.083519935756895,0.08129258855630056,0.0022273472005944345
4248,0.10158536401075091,0.09912898800146883,0.002456376009282085
4249,0.08354934585520554,0.07882534956132145,0.004723996293884092
4250,0.10417104323541962,0.09866503121746285,0.005506012017956766
4251,0.08225623228992587,0.07983168690664995,0.002424545383275925
4252,0.09002679412264639,0.08690315763236049,0.0031236364902858943
4253,0.09573010450528757,0.09358014865517064,0.0021499558501169302
4254,0.08496910356874411,0.08237153954539908,0.002597564023345031
4255,0.0978670140176811,0.09480958100885602,0.003057433008825078
4256,0.08583136519815518,0.08165995778714485,0.004171407411010325
4257,0.09752695237552894,0.0986578244354995,-0.0011308720599705613
4258,0.08501383267850485,0.08490135942526493,0.00011247325323991697
4259,0.08300699821314066,0.08338808271759914,-0.00038108450445847875
4260,0.08453921813058864,0.08485646706093937,-0.0003172489303507331
4261,0.09085141431052539,0.08780983317451517,0.0030415811360102185
4262,0.08403580006298814,0.08464994367132002,-0.0006141436083318824
4263,0.08366496615016644,0.08564150743334108,-0.001976541283174635
4264,0.08088477634360833,0.08011973898529692,0.0007650373583114045
4265,0.0955743400578844,0.09461403204217567,0.0009603080157087329
4266,0.0938197286175652,0.09042356484347354,0.0033961637740916595
4267,0.07926921676978664,0.07986423587915308,-0.0005950191093664348
4268,0.09577878381774632,0.0925570205780752,0.0032217632396711188
4269,0.09117242208003008,0.08816364044882921,0.0030087816312008714
4270,0.09162810147461539,0.08866443164976809,0.0029636698248473037
4271,0.09574831495108127,0.09272843773517522,0.003019877215906047
4272,0.092348434305205,0.09210409667832686,0.00024433762687813
4273,0.08487319205062821,0.08283620085867686,0.0020369911919513456
4274,0.09263900147099244,0.09247973259858985,0.0001592688724025848
4275,0.07368096040592428,0.0768450448516965,-0.0031640844457722223
4276,0.09862243248020525,0.0971533737926897,0.0014690586875155398
4277,0.09771166630072671,0.09405251434151893,0.003659151959207782
4278,0.08777188192140481,0.08295590620160505,0.004815975719799762
4279,0.0870140710322702,0.086557576251486,0.0004564947807842029
4280,0.08547092254886558,0.08435447144342086,0.0011164511054447268
4281,0.0893949047082477,0.08391710391875278,0.005477800789494919
4282,0.09820630127832893,0.0951685935137504,0.003037707764578526
4283,0.0946331462526401,0.09332016877926769,0.0013129774733724175
4284,0.0926451352083182,0.08926557760856764,0.00337955759975056
4285,0.08324873080913683,0.08221320989236473,0.0010355209167721008
4286,0.08833047651499373,0.08614734534240534,0.002183131172588393
4287,0.08945906132995875,0.08421120608901371,0.005247855240945037
4288,0.08883040537336379,0.08800313253865974,0.0008272728347040459
4289,0.08758010542383872,0.0855994796466688,0.0019806257771699254
4290,0.09163562871259198,0.08666118236779968,0.004974446344792299
4291,0.09166022565375756,0.08937737419667854,0.002282851457079016
4292,0.08128788329003905,0.07823463987591393,0.0030532434141251202
4293,0.084296332030203,0.08256949300835681,0.0017268390218461854
4294,0.09014887170550813,0.09030844391774137,-0.00015957221223324158
4295,0.10300148556405074,0.10286301363428833,0.00013847192976240708
4296,0.0811699498322696,0.0809820357711718,0.00018791406109780473
4297,0.08710325119547778,0.0880595331709319,-0.0009562819754541235
4298,0.09163784705483771,0.08974078221344975,0.0018970648413879632
4299,0.08779084487152199,0.08513708098743686,0.002653763884085128
4300,0.08959935830483098,0.08637196785168204,0.0032273904531489456
4301,0.08182271868091567,0.08002616805914799,0.0017965506217676869
4302,0.09396211978920671,0.09262662389137669,0.0013354958978300246
4303,0.09930706692398304,0.09772969205653516,0.0015773748674478838
4304,0.09844849579267616,0.09229033627162755,0.006158159521048603
4305,0.08920793471228405,0.08949768198660596,-0.0002897472743219054
4306,0.08447571427518367,0.079466604089971,0.005009110185212676
4307,0.08039827570897758,0.08483244290108627,-0.004434167192108693
4308,0.09101757293359682,0.08931029047609898,0.0017072824574978357
4309,0.10386635272312542,0.10219671004267944,0.0016696426804459763
4310,0.08710613264821898,0.08480085218672398,0.0023052804614950018
4311,0.08763693720029747,0.08260811403355235,0.005028823166745119
4312,0.08782193531958762,0.08674413492304524,0.001077800396542386
4313,0.07883193190466875,0.0839335073666824,-0.005101575462013647
4314,0.09127918021720373,0.08729689553283522,0.003982284684368509
4315,0.08205473049043523,0.0835999804805779,-0.0015452499901426747
4316,0.08948254093565619,0.08977074173889714,-0.0002882008032409483
4317,0.08151450865493749,0.08009325378401565,0.0014212548709218453
4318,0.09923230258250428,0.09148604853282052,0.007746254049683751
4319,0.08827335396940487,0.08653068599029115,0.001742667979113724
4320,0.08303197710809265,0.08063047864975015,0.0024014984583425047
4321,0.09486997108453721,0.09533197888242513,-0.0004620077978879228
4322,0.07849207709151634,0.07648127584296936,0.002010801248546981
4323,0.08946824069298911,0.08572596373079229,0.003742276962196825
4324,0.09044868493864679,0.08613389770735679,0.0043147872312900015
4325,0.08208931028072577,0.08102231227133816,0.0010669980093876152
4326,0.09202081932558726,0.0895600965941046,0.0024607227314826507
4327,0.08582605280275238,0.0885636118162008,-0.0027375590134484235
4328,0.08944000003324797,0.08812453491074497,0.0013154651225029956
4329,0.08523342029262436,0.0818967716119925,0.003336648680631854
4330,0.07894929208876081,0.075918523415203,0.00303076867355781
4331,0.08334274342864871,0.08141143657921847,0.0019313068494302421
4332,0.08936836430821511,0.08712486835768173,0.0022434959505333862
4333,0.08525490239758053,0.08202438517155226,0.0032305172260282677
4334,0.08930372703287236,0.08802976339529194,0.001273963637580422
4335,0.09284809828768505,0.09159709303484999,0.001251005252835058
4336,0.0800052905517064,0.07801476541577954,0.00199052513592686
4337,0.08088270045018572,0.07872633794724121,0.0021563625029445144
4338,0.08501853671000047,0.08268191209851934,0.002336624611481125
4339,0.09285680509332322,0.0882848541850824,0.004571950908240821
4340,0.08796755678034272,0.08670455856296534,0.0012629982173773813
4341,0.08817377926334256,0.0839016793830157,0.004272099880326868
4342,0.10204992338896915,0.09564530338116346,0.006404620007805686
4343,0.07833015108811994,0.07807807474023792,0.0002520763478820187
4344,0.08358877456289653,0.08128168001475587,0.0023070945481406535
4345,0.08866775856875653,0.08509332130835903,0.003574437260397495
4346,0.09202951040519644,0.08819440458238216,0.0038351058228142804
4347,0.09214219922037595,0.08762813075619655,0.004514068464179399
4348,0.0907448449712805,0.09003077587204934,0.0007140690992311627
4349,0.08181345893967291,0.08180274840902249,1.0710530650423489e-05
4350,0.09988431779779501,0.09928788284679554,0.0005964349509994665
4351,0.07700538289712143,0.07752424558121879,-0.000518862684097357
4352,0.09139119975388516,0.09171502460839007,-0.0003238248545049116
4353,0.10250504233770555,0.10067325023083148,0.001831792106874064
4354,0.09495633075554578,0.09278443867049056,0.0021718920850552215
4355,0.08272271337570197,0.08209605711980125,0.0006266562559007205
4356,0.08318200988904242,0.07784464086170334,0.005337369027339084
4357,0.09384805568101134,0.09107164813182116,0.002776407549190188
4358,0.08097642164779434,0.08341091702239588,-0.002434495374601539
4359,0.08495148403004008,0.08150839059014314,0.0034430934398969326
4360,0.080154563866684,0.08026260242760384,-0.0001080385609198431
4361,0.09341452127984715,0.08637326271478349,0.007041258565063657
4362,0.0911709089075731,0.08702054989262983,0.004150359014943261
4363,0.09303445735419988,0.08924190525560106,0.0037925520985988143
4364,0.08379987190543303,0.08246839534816743,0.0013314765572656068
4365,0.09202872351394249,0.08637306259626362,0.00565566091767887
4366,0.09114747241030133,0.09017089689777198,0.0009765755125293457
4367,0.08071485464904989,0.08137821266754207,-0.0006633580184921828
4368,0.08948915037090363,0.08582656136798823,0.003662589002915398
4369,0.09525838247989307,0.09055470134847352,0.004703681131419557
4370,0.08023182335390858,0.08237732343374718,-0.0021455000798386026
4371,0.0967903003908302,0.09483595971982293,0.0019543406710072625
4372,0.0855983783419081,0.08403043068525214,0.0015679476566559658
4373,0.08465814229517067,0.08497746031297189,-0.0003193180178012178
4374,0.08173665643891628,0.0813337310344073,0.0004029254045089803
4375,0.09220260403720537,0.08916052032764157,0.0030420837095637976
4376,0.08614045720658534,0.08236767857893124,0.0037727786276540998
4377,0.08195434193546022,0.08168785741107129,0.00026648452438893244
4378,0.10661464281823026,0.10370867306328586,0.002905969754944393
4379,0.09396749752262795,0.0922955038797526,0.0016719936428753468
4380,0.09831660032573394,0.0933494352242739,0.004967165101460044
4381,0.08862119378722641,0.0839553109910634,0.004665882796163007
4382,0.09095488333962448,0.08817653046017372,0.00277835287945076
4383,0.08640314276739444,0.08325701044144009,0.0031461323259543567
4384,0.08480445124315178,0.08221607823555616,0.0025883730075956235
4385,0.07983955883031375,0.07834794281043328,0.0014916160198804734
4386,0.08737551920724074,0.08785068714046308,-0.0004751679332223452
4387,0.08438463767257551,0.08396448329533451,0.00042015437724099436
4388,0.08480109193153552,0.081309032145957,0.0034920597855785246
4389,0.09232038863163915,0.09330723635707165,-0.0009868477254325048
4390,0.09063035969197825,0.08874003256504445,0.001890327126933794
4391,0.08777816700710152,0.08604628809643332,0.0017318789106681998
4392,0.08252374532588365,0.07767220904417149,0.004851536281712157
4393,0.09957926672596333,0.09803507666229173,0.0015441900636715966
4394,0.09014961551125365,0.08828649261714733,0.0018631228941063255
4395,0.09535779124496023,0.091722316192443,0.003635475052517226
4396,0.09907367550311104,0.09845478144359797,0.0006188940595130699
4397,0.08131345030713177,0.07923989899908435,0.0020735513080474277
4398,0.08922014078121593,0.08708320556630446,0.00213693521491147
4399,0.09531864854967517,0.08953957363948889,0.005779074910186283
4400,0.0855063902637986,0.08567202869322221,-0.0001656384294236174
4401,0.09114331587893805,0.09072548316757409,0.0004178327113639607
4402,0.10262085419598259,0.099358769658434,0.0032620845375485874
4403,0.09410019714602869,0.09120525272205479,0.002894944423973894
4404,0.09800709791371802,0.09423973224825175,0.003767365665466274
4405,0.09336327447965763,0.0910638990931618,0.0022993753864958277
4406,0.10059934659068316,0.09459005586613814,0.006009290724545022
4407,0.08773607799436521,0.08991474459805045,-0.0021786666036852365
4408,0.08731916794836511,0.08346245497944078,0.003856712968924328
4409,0.09532598102145365,0.09155966831607987,0.003766312705373781
4410,0.08501457132801751,0.08493704578499338,7.75255430241345e-05
4411,0.08550736764939876,0.08236150587044465,0.0031458617789541093
4412,0.0985716346807424,0.09857080789806226,8.267826801383604e-07
4413,0.09132386405349222,0.08899482627634403,0.002329037777148185
4414,0.09715195610024545,0.09555984349089915,0.0015921126093463023
4415,0.08638467413475198,0.08565862996627345,0.0007260441684785318
4416,0.0918017456721594,0.08964153420324619,0.002160211468913209
4417,0.08035436846750321,0.08042324503219644,-6.887656469323211e-05
4418,0.0948696280602407,0.09398003666123704,0.0008895913990036586
4419,0.0984416349236186,0.09738999917547583,0.0010516357481427652
4420,0.09677282285980864,0.09667214701200519,0.00010067584780344696
4421,0.09546195489062267,0.09173006452547634,0.0037318903651463314
4422,0.08371403034408102,0.0798242619758469,0.0038897683682341255
4423,0.0895255353993614,0.08476575126082964,0.0047597841385317585
4424,0.0779991217787722,0.0780349503564112,-3.582857763899383e-05
4425,0.09805224273907913,0.09310155717656886,0.004950685562510271
4426,0.0914670410444618,0.08824583404552395,0.0032212069989378395
4427,0.10106499540005896,0.09898281565827975,0.002082179741779211
4428,0.09016100487279903,0.09276828859923268,-0.0026072837264336512
4429,0.08778604970677227,0.0851070901309684,0.0026789595758038715
4430,0.10268286436474122,0.0985594260674861,0.0041234382972551165
4431,0.08372559829406079,0.08048650940111145,0.0032390888929493405
4432,0.08624501389437683,0.08584498501926754,0.0004000288751092873
4433,0.08390815448434176,0.08329046425259845,0.0006176902317433092
4434,0.08342880286898036,0.08090056148762877,0.0025282413813515897
4435,0.08587679981391289,0.08439873508600922,0.001478064727903669
4436,0.08698575510122096,0.08673279851406081,0.00025295658716015246
4437,0.09276021903323947,0.0901538010685091,0.002606417964730365
4438,0.08919602547800641,0.08654022062903416,0.0026558048489722513
4439,0.08779887772019718,0.08427194456346945,0.003526933156727724
4440,0.08213242444047467,0.08186130402189513,0.00027112041857953184
4441,0.07923115542831238,0.07923356461798528,-2.4091896728972717e-06
4442,0.09205182860779249,0.08905108289969063,0.003000745708101854
4443,0.08546115048394752,0.08464521613683945,0.0008159343471080688
4444,0.09057789008276493,0.08745120632274452,0.003126683760020413
4445,0.0800387033049636,0.08000870451989364,2.999878506995679e-05
4446,0.08356296918401941,0.08363008599327842,-6.711680925901298e-05
4447,0.0948845722593551,0.09424395098792633,0.0006406212714287624
4448,0.08539896605421637,0.08418934898926343,0.001209617064952942
4449,0.09347965995367542,0.0891864857668575,0.004293174186817919
4450,0.08150400213475671,0.08174902030824378,-0.00024501817348707156
4451,0.08500349780319028,0.08783245955314713,-0.0028289617499568515
4452,0.08693419341122866,0.08637683327814172,0.0005573601330869371
4453,0.08134512266926115,0.0814025886411671,-5.746597190595115e-05
4454,0.08299240128356247,0.08265518612064167,0.00033721516292080367
4455,0.08298571246482823,0.08652127653723032,-0.0035355640724020893
4456,0.08421443211852007,0.08144035580655971,0.0027740763119603606
4457,0.08498028663319193,0.08327129490400871,0.0017089917291832207
4458,0.09468457877249725,0.09267499032119911,0.0020095884512981443
4459,0.07920823758694498,0.07695815871653447,0.00225007887041051
4460,0.09475107137443946,0.09344215257044027,0.0013089188039991928
4461,0.0887740291173034,0.08193537957680518,0.006838649540498218
4462,0.08734069479880288,0.08577247302193884,0.00156822177686404
4463,0.07883818490122621,0.08011454255284045,-0.0012763576516142405
4464,0.09152422739355723,0.08770964474496791,0.003814582648589318
4465,0.08323823662461897,0.08323641985672854,1.8167678904335016e-06
4466,0.08729276843829444,0.08182394556598493,0.005468822872309501
4467,0.09072392215114018,0.0863821285701144,0.00434179358102578
4468,0.09066469924944089,0.08831047413231694,0.002354225117123951
4469,0.08801318917031421,0.08449629745798252,0.003516891712331688
4470,0.09271938731785147,0.08678805751062396,0.005931329807227506
4471,0.08679263931936432,0.08797324715208178,-0.0011806078327174646
4472,0.08404860001569854,0.08196962318807657,0.0020789768276219672
4473,0.08832013317505483,0.08343913827235121,0.00488099490270362
4474,0.09664122482416682,0.09253312424539968,0.004108100578767135
4475,0.07696756936735684,0.08151027760916685,-0.004542708241810009
4476,0.08677903069409448,0.08474318593928688,0.0020358447548076003
4477,0.08926448804878478,0.0863402146493547,0.0029242733994300912
4478,0.08446615543255659,0.08680624513233953,-0.0023400896997829435
4479,0.09229254650579943,0.08949680355337386,0.002795742952425573
4480,0.08954189967278949,0.08870906230078011,0.0008328373720093707
4481,0.0926414274245166,0.08971442836312325,0.0029269990613933483
4482,0.09667434963493778,0.0939573832281381,0.0027169664067996785
4483,0.08722911547494214,0.0847751999580439,0.0024539155168982335
4484,0.08860140712055381,0.08439253765296445,0.00420886946758936
4485,0.09305069274587485,0.09134391213009373,0.0017067806157811255
4486,0.08901534081042183,0.08490084342182178,0.00411449738860005
4487,0.0831247788472061,0.08062948625172538,0.0024952925954807165
4488,0.09278989041326471,0.09031578628305086,0.0024741041302138583
4489,0.088101387109154,0.08654144072933453,0.0015599463798194602
4490,0.08630511975262443,0.08685167886111327,-0.000546559108488831
4491,0.1028599950212455,0.09942777705492974,0.003432217966315765
4492,0.09590553366135267,0.0934877283775196,0.0024178052838330633
4493,0.08555777097907134,0.08953377849192658,-0.003976007512855234
4494,0.08290961895056492,0.08086292488165861,0.002046694068906313
4495,0.09337238015080164,0.09177732843254839,0.0015950517182532487
4496,0.07815713407247192,0.0758396471798084,0.00231748689266352
4497,0.08817730079612943,0.08820489466934693,-2.7593873217504616e-05
4498,0.07345081073274257,0.07348446878699591,-3.365805425334378e-05
4499,0.08581376492582546,0.08169476614110918,0.004118998784716277
4500,0.08904295850577697,0.08829085742083392,0.0007521010849430437
4501,0.0836126423781641,0.08338591817402072,0.00022672420414338035
4502,0.10036027217777214,0.09726914682089341,0.003091125356878735
4503,0.07867392736263012,0.07508322326903218,0.003590704093597949
4504,0.08099684941081073,0.07607209386050498,0.004924755550305748
4505,0.08545093146348211,0.08297449214110893,0.0024764393223731807
4506,0.09463556076723136,0.0908635268995176,0.003772033867713756
4507,0.09187227963793013,0.0926750978234296,-0.0008028181854994737
4508,0.08779313934244586,0.0887774615003141,-0.000984322157868242
4509,0.08115806097810391,0.08680357762825591,-0.005645516650152005
4510,0.09457731429092264,0.08981331433862692,0.004763999952295719
4511,0.09486705062732255,0.08964415248992168,0.005222898137400872
4512,0.0893905503371406,0.08448925504504412,0.004901295292096486
4513,0.08502017561792921,0.08244721702829573,0.002572958589633481
4514,0.09393398080440446,0.09288966528600381,0.0010443155184006458
4515,0.09279130678210862,0.09269804838247446,9.325839963415794e-05
4516,0.09020693951372236,0.0862355239892689,0.003971415524453459
4517,0.08510564707792326,0.08255527514539032,0.0025503719325329355
4518,0.09071178225441534,0.08524251398633068,0.005469268268084665
4519,0.0831311352102038,0.08221836416744495,0.0009127710427588448
4520,0.10199513172820236,0.10033641075878351,0.0016587209694188532
4521,0.0892172900877518,0.09125137034205819,-0.002034080254306389
4522,0.09763001164324961,0.09706182050463813,0.0005681911386114791
4523,0.08871885605540049,0.08688164934413121,0.0018372067112692736
4524,0.08863138635216151,0.08785731526017354,0.000774071091987974
4525,0.08250515955356591,0.07799345412635224,0.004511705427213672
4526,0.0840570381623382,0.08342961902273853,0.0006274191395996692
4527,0.09110801847808712,0.08607989012937041,0.005028128348716715
4528,0.0968137842128672,0.09119350362578392,0.005620280587083276
4529,0.08725725105276293,0.08442077469590026,0.002836476356862669
4530,0.08278178291418378,0.08209368884892329,0.0006880940652604917
4531,0.08269031345873594,0.08184056371173397,0.000849749747001971
4532,0.10174254317639975,0.09785435038232805,0.003888192794071696
4533,0.09738873131501319,0.0945145082064571,0.00287422310855609
4534,0.09238071099910374,0.09060638764850497,0.0017743233505987666
4535,0.09588468488037889,0.08999973477046014,0.0058849501099187546
4536,0.08853081388401937,0.08715682790751486,0.0013739859765045104
4537,0.09806625686496896,0.09663517622609588,0.0014310806388730807
4538,0.09276370904637127,0.09167857661663262,0.00108513242973865
4539,0.09509948437119976,0.09532245803394168,-0.0002229736627419182
4540,0.0887422878722227,0.08656700758099202,0.00217528029123068
4541,0.08172425422750734,0.08438071919125671,-0.0026564649637493692
4542,0.09214626399954481,0.08743723149482821,0.004709032504716604
4543,0.09387608195227833,0.09176506423146583,0.0021110177208124997
4544,0.0826746864117351,0.08314034869879171,-0.0004656622870566063
4545,0.08966993264268609,0.08850778806745363,0.0011621445752324627
4546,0.08213494758422604,0.07902933369836286,0.0031056138858631815
4547,0.0938072542051432,0.09270065797575246,0.0011065962293907439
4548,0.09751708121846361,0.09461060093432892,0.002906480284134691
4549,0.07487360421344966,0.07879137839677991,-0.003917774183330253
4550,0.08039703729803085,0.07974900355158346,0.0006480337464473962
4551,0.08580247392616629,0.08344666745959753,0.002355806466568758
4552,0.09575449760262637,0.0903680028552349,0.005386494747391474
4553,0.08212046333978866,0.08350355812105947,-0.0013830947812708133
4554,0.09470654286604789,0.09249002969773713,0.0022165131683107575
4555,0.08941192859880204,0.08946177027849138,-4.984167968934139e-05
4556,0.08985551898525904,0.08806974235677502,0.0017857766284840176
4557,0.0966318662673954,0.09292290941090318,0.00370895685649221
4558,0.08792022513722446,0.08553658076212628,0.002383644375098179
4559,0.08477158370165519,0.08563240714087683,-0.0008608234392216418
4560,0.08563630188645135,0.08223540934588763,0.0034008925405637214
4561,0.10293100419864067,0.10288732383510941,4.368036353125104e-05
4562,0.08708323952717813,0.08406414752861778,0.003019091998560347
4563,0.0880263241611182,0.08341734640628885,0.004608977754829352
4564,0.09473869880191109,0.09306273942882452,0.0016759593730865663
4565,0.08659006106801607,0.08300605608626117,0.0035840049817549013
4566,0.08876906934390248,0.0858760416361824,0.0028930277077200833
4567,0.09155935654681208,0.08769762304697686,0.003861733499835221
4568,0.09402639239494537,0.09065371393007758,0.003372678464867787
4569,0.089875823432043,0.08784602895885191,0.002029794473191099
4570,0.08753939213880506,0.0847809133144853,0.00275847882431976
4571,0.08390335413908417,0.08265157628106706,0.0012517778580171113
4572,0.09234697650144175,0.09132829532498257,0.0010186811764591741
4573,0.09609344090285878,0.09334303973790357,0.002750401164955202
4574,0.09697808472504113,0.09542523234632969,0.0015528523787114445
4575,0.08668933569135473,0.08357394215475795,0.003115393536596775
4576,0.09781280786976089,0.09214380716965095,0.005669000700109936
4577,0.09314567439875057,0.0904216591400167,0.002724015258733878
4578,0.09283308033859153,0.09007207901539722,0.0027610013231943037
4579,0.0865405826696098,0.08794828213111718,-0.0014076994615073724
4580,0.08487248247369719,0.08496424386352332,-9.176138982612547e-05
4581,0.08107485904353381,0.07707363715509359,0.004001221888440223
4582,0.0912292292478844,0.09058793297038924,0.0006412962774951653
4583,0.08211313669623159,0.08194454993305007,0.00016858676318151633
4584,0.09301778068305018,0.08850461287325272,0.004513167809797464
4585,0.09376201765679161,0.09094795737870001,0.0028140602780915985
4586,0.09202261405892931,0.08932731957632009,0.0026952944826092173
4587,0.09716686062472232,0.09285772392109992,0.0043091367036224015
4588,0.08135237581713907,0.07886781411309292,0.002484561704046151
4589,0.07797542432739102,0.07647291004601865,0.0015025142813723663
4590,0.10164448141174724,0.09795734395597752,0.0036871374557697206
4591,0.09963848727137468,0.09673798140452092,0.002900505866853767
4592,0.09504424941282996,0.09554375871390436,-0.0004995093010743967
4593,0.09298984690017473,0.08697638858298838,0.006013458317186346
4594,0.09264767438737186,0.09213232829027022,0.0005153460971016322
4595,0.09393049607907725,0.0913612334152517,0.002569262663825553
4596,0.09093895502525501,0.08954483024070728,0.001394124784547729
4597,0.08811475846774604,0.0861963948659951,0.0019183636017509331
4598,0.09344572119960737,0.09058797717448128,0.002857744025126091
4599,0.0876053879068208,0.08517178086879336,0.0024336070380274466
4600,0.08848176604325257,0.08717758702787576,0.0013041790153768135
4601,0.09115569288035581,0.0904379261936651,0.0007177666866907129
4602,0.0984110197663264,0.0974644876691278,0.0009465320971985963
4603,0.07728828517311769,0.08178832183549078,-0.0045000366623731
4604,0.09030011921657491,0.08195538795307408,0.008344731263500826
4605,0.08557255583961598,0.08509955959816093,0.0004729962414550537
4606,0.09812856436264947,0.09477772980324609,0.0033508345594033817
4607,0.08962868305716873,0.08887287266588914,0.0007558103912795877
4608,0.09784752222252965,0.0959485275792364,0.001898994643293253
4609,0.09001162834041673,0.08697588100736174,0.0030357473330549917
4610,0.09387573957387042,0.09132170391904094,0.0025540356548294785
4611,0.07905795171351093,0.07701169248570752,0.0020462592278034097
4612,0.1007328549963224,0.0979531270593755,0.002779727936946891
4613,0.08911205587246121,0.0879668895722598,0.0011451663002014084
4614,0.10053175717770979,0.09874837222727338,0.001783384950436409
4615,0.08674861188666667,0.08470975786449085,0.0020388540221758233
4616,0.09161136988195445,0.09014509780409455,0.0014662720778599037
4617,0.0802735533030261,0.07896735065305503,0.0013062026499710694
4618,0.09693262021890835,0.09455967128255234,0.0023729489363560063
4619,0.07992786479186971,0.07832872262595295,0.0015991421659167643
4620,0.09543945024567273,0.09171982488831426,0.0037196253573584664
4621,0.08937167580932064,0.08729015060953063,0.0020815251997900047
4622,0.10091999110798806,0.09898652793039243,0.001933463177595629
4623,0.08767501616230548,0.08664364416236038,0.001031371999945102
4624,0.09420823428738342,0.09454637948767781,-0.0003381452002943902
4625,0.10240859785292948,0.09697191364386508,0.005436684209064402
4626,0.10284284394606487,0.09806807532173556,0.004774768624329309
4627,0.09048697731291135,0.0853913757385521,0.005095601574359246
4628,0.08411289754778041,0.08553972850605514,-0.0014268309582747274
4629,0.08623345702754506,0.08833896989927906,-0.0021055128717339944
4630,0.09335785840539092,0.09172619985811142,0.0016316585472794937
4631,0.08693472872999645,0.08080460366106014,0.006130125068936315
4632,0.07975326156481256,0.07746838670389043,0.0022848748609221314
4633,0.09137669504773394,0.09155403814432797,-0.0001773430965940348
4634,0.09340274885404495,0.08996031152986675,0.0034424373241782047
4635,0.08430244276686487,0.083233357714591,0.0010690850522738632
4636,0.09112640475641746,0.08847023592150206,0.002656168834915401
4637,0.09148457022316588,0.08914750853461474,0.002337061688551134
4638,0.09349561621377596,0.09403941000690746,-0.0005437937931315057
4639,0.08782000108834857,0.08750286588130823,0.0003171352070403394
4640,0.09550097002024029,0.09049602812137152,0.00500494189886877
4641,0.0909075049881216,0.08778289842828814,0.0031246065598334594
4642,0.08702099351981148,0.08709908417352726,-7.809065371577883e-05
4643,0.09244036958515807,0.08843553973921271,0.004004829845945357
4644,0.0992919870266829,0.09489230649048566,0.004399680536197242
4645,0.0925489323590616,0.08928242169580675,0.003266510663254854
4646,0.10241691605201314,0.09835058550363607,0.004066330548377073
4647,0.09580115823829896,0.09513626092602463,0.000664897312274329
4648,0.09753784690362619,0.09476618093328264,0.002771665970343548
4649,0.08799966558135366,0.08917587580266045,-0.0011762102213067893
4650,0.088852931131647,0.08813503562469246,0.0007178955069545301
4651,0.08403651453898944,0.08103374337919235,0.0030027711597970935
4652,0.08494512811770856,0.08236815349143528,0.002576974626273279
4653,0.08884906389398899,0.08784073246745347,0.0010083314265355164
4654,0.09194476449666591,0.09073493759243187,0.001209826904234046
4655,0.09739600405589195,0.09522657781433645,0.0021694262415555
4656,0.09106914612176453,0.0869102144716751,0.004158931650089431
4657,0.08318348738268919,0.0873421508994754,-0.004158663516786218
4658,0.09293970183080177,0.08765261867934779,0.005287083151453986
4659,0.08617868418724098,0.08247896867404775,0.0036997155131932302
4660,0.09366407218542569,0.09304937229853735,0.0006146998868883369
4661,0.08619807032338808,0.08530295033350505,0.0008951199898830364
4662,0.08793900893048959,0.08326701421848319,0.004671994712006397
4663,0.06974180554412956,0.07228812932605481,-0.00254632378192525
4664,0.0955544866282216,0.09113278256620179,0.0044217040620198045
4665,0.0989901174409815,0.09558470402798214,0.003405413412999367
4666,0.09167621628858096,0.08616671587706858,0.00550950041151238
4667,0.09235951662073602,0.09072532505157069,0.001634191569165333
4668,0.08295520199493847,0.08358582321392904,-0.0006306212189905736
4669,0.09675743286476744,0.0948049181559602,0.0019525147088072375
4670,0.08517137716257102,0.08048554233680426,0.00468583482576676
4671,0.09521152446571537,0.08976688264034706,0.005444641825368315
4672,0.08688285155332792,0.0844914771014929,0.0023913744518350155
4673,0.09935975296366882,0.09624037628836028,0.0031193766753085383
4674,0.08695910721763446,0.08369135223775802,0.0032677549798764416
4675,0.07778934881004619,0.07970874966055924,-0.0019194008505130505
4676,0.09935565437142185,0.09709744387870814,0.0022582104927137137
4677,0.08424983505569747,0.08137728719376228,0.002872547861935193
4678,0.09244939753846174,0.08944188721060427,0.0030075103278574683
4679,0.08982562179129572,0.0886138446100824,0.0012117771812133193
4680,0.09471401390644592,0.09140052605407685,0.003313487852369068
4681,0.09457986171353552,0.09020656277023147,0.0043732989433040576
4682,0.09476350106612418,0.09041983511171166,0.004343665954412518
4683,0.08123227268733728,0.07950599899854122,0.0017262736887960622
4684,0.09057105885796868,0.08599072177062,0.004580337087348674
4685,0.0980820329407503,0.096942604954914,0.0011394279858363
4686,0.08961067917659883,0.08769382789308372,0.0019168512835151114
4687,0.09196772013427515,0.0863193654725353,0.005648354661739852
4688,0.0870989167163297,0.08216289017280719,0.004936026543522515
4689,0.08595175881077838,0.08665665276031323,-0.0007048939495348516
4690,0.07898980960988482,0.07871719589889116,0.0002726137109936577
4691,0.09324455878206733,0.09156639186819805,0.0016781669138692806
4692,0.09365179312577712,0.09325011686853608,0.0004016762572410376
4693,0.07744692120660254,0.07981632714534956,-0.0023694059387470157
4694,0.09185864190573936,0.08954080968262104,0.0023178322231183213
4695,0.08675596615326239,0.08264486390411163,0.004111102249150761
4696,0.08041911905880421,0.08147068532621263,-0.0010515662674084186
4697,0.08764737313198685,0.08524508450864653,0.0024022886233403262
4698,0.08902130957731562,0.0896532536840563,-0.0006319441067406811
4699,0.08914623117530283,0.08594730489209663,0.0031989262832061993
4700,0.0929234981246639,0.09281638778785149,0.0001071103368124049
4701,0.08923241396164315,0.08779344504628162,0.0014389689153615354
4702,0.08908606157110424,0.08479579028685863,0.0042902712842456114
4703,0.09021276739085947,0.0870203181355221,0.0031924492553373623
4704,0.08748867950511116,0.0854923186450537,0.0019963608600574584
4705,0.09714071153970771,0.09231730115409917,0.004823410385608545
4706,0.08549835832831709,0.08320958113851361,0.002288777189803484
4707,0.0945962384150452,0.09393139004096741,0.0006648483740777922
4708,0.07561640991880028,0.07566851160108981,-5.210168228952927e-05
4709,0.0898063681257885,0.08467214310438383,0.005134225021404676
4710,0.08960052972341083,0.08310625555378177,0.006494274169629055
4711,0.0881855221039006,0.08581662916015986,0.0023688929437407358
4712,0.07777604778718478,0.07943806816210335,-0.0016620203749185686
4713,0.08865209078301631,0.08974560655759328,-0.0010935157745769752
4714,0.08727553900184508,0.08439338500481022,0.002882153997034856
4715,0.07907860225100256,0.07811577199647803,0.0009628302545245382
4716,0.08395645966592831,0.08575763701894991,-0.001801177353021599
4717,0.09028377416388295,0.08876769481109302,0.0015160793527899258
4718,0.09602103737267503,0.09410809311696551,0.0019129442557095228
4719,0.07926560321172262,0.07718687293599827,0.002078730275724347
4720,0.09113853418383785,0.0865654021570067,0.004573132026831156
4721,0.09212646976195078,0.09065478111314951,0.0014716886488012754
4722,0.09891488984495575,0.09794781223430918,0.0009670776106465717
4723,0.08732459350891013,0.08334399498147275,0.003980598527437373
4724,0.09598297301786646,0.09396118592636302,0.002021787091503441
4725,0.07977465684515384,0.07978337742694733,-8.72058179349211e-06
4726,0.09789064200224011,0.09668015571824543,0.0012104862839946856
4727,0.08421725243753848,0.08252057509574501,0.001696677341793476
4728,0.09410288985054124,0.09197073170113762,0.0021321581494036235
4729,0.08092231543937976,0.08045338245473037,0.00046893298464939503
4730,0.07830846391018477,0.07403487820574814,0.0042735857044366304
4731,0.0798826295027551,0.0788717412074336,0.0010108882953215048
4732,0.08090660765928119,0.08174119463622889,-0.0008345869769477016
4733,0.08856032460511032,0.08882867009238368,-0.0002683454872733637
4734,0.08053634718645104,0.08050923414477144,2.7113041679599492e-05
4735,0.09337502756270087,0.09316024026273688,0.00021478729996399215
4736,0.09567135930876126,0.09239210448799948,0.003279254820761787
4737,0.08576072831102022,0.08291927767744899,0.0028414506335712325
4738,0.09266010336130492,0.09074880480485423,0.0019112985564506968
4739,0.08876416433273665,0.08435772125394807,0.004406443078788583
4740,0.08869776208350402,0.08531547787903747,0.003382284204466554
4741,0.09134828196419686,0.08445502307768556,0.006893258886511308
4742,0.09893047441603198,0.0933945535194292,0.005535920896602778
4743,0.09062405751738126,0.08639341167670446,0.004230645840676797
4744,0.09266206795513225,0.08802096725833944,0.004641100696792813
4745,0.0893602609586145,0.08799058874518843,0.0013696722134260708
4746,0.08421717875328802,0.08173571360973356,0.002481465143554462
4747,0.09279206086955417,0.09177438255625082,0.0010176783133033496
4748,0.08745857069970017,0.0886816004371318,-0.0012230297374316301
4749,0.10217418619384806,0.09752225096996764,0.004651935223880424
4750,0.0791241975095416,0.0771227386576137,0.002001458851927901
4751,0.09856275608776902,0.09512532171110376,0.0034374343766652576
4752,0.09670886438762412,0.09357137060559707,0.0031374937820270454
4753,0.08215566077775242,0.07877106049334877,0.003384600284403655
4754,0.1009106234709979,0.09751032441308559,0.0034002990579123094
4755,0.0831872620889547,0.08389313006123382,-0.0007058679722791172
4756,0.08698923320693225,0.08467654476184934,0.0023126884450829083
4757,0.08797412181602272,0.08450283168365734,0.0034712901323653844
4758,0.10973362275669184,0.10776813801263457,0.0019654847440572637
4759,0.09491029077279582,0.09076219359576788,0.004148097177027937
4760,0.07244760560897173,0.07803949185647073,-0.005591886247498998
4761,0.08541471078038829,0.08142264607952217,0.003992064700866119
4762,0.08983677673739618,0.08661263703325331,0.00322413970414287
4763,0.08831016659048216,0.08465700721988134,0.003653159370600817
4764,0.08835164200197224,0.083479614204441,0.0048720277975312365
4765,0.09473802525079071,0.09314849361089758,0.0015895316398931297
4766,0.08092198763407017,0.07822330956321259,0.0026986780708575797
4767,0.07996189345177332,0.07941766937540835,0.0005442240763649658
4768,0.08384749098383322,0.0815354473255458,0.0023120436582874243
4769,0.08295306531667784,0.08003824812757057,0.0029148171891072716
4770,0.07698407821111944,0.08085812635907422,-0.0038740481479547784
4771,0.08954758236642653,0.0877004372254481,0.0018471451409784317
4772,0.08687584384129565,0.08267709014206588,0.004198753699229771
4773,0.08337871912537669,0.08200524011765137,0.0013734790077253173
4774,0.10942078015028159,0.104555206519135,0.004865573631146591
4775,0.08981060534023144,0.08455259947036062,0.005258005869870824
4776,0.09430579158865722,0.08848385668478513,0.005821934903872089
4777,0.0920346864047649,0.09225033334857963,-0.00021564694381472072
4778,0.0806976653269865,0.07647624072228691,0.0042214246046995835
4779,0.09284339788087977,0.09082915971463557,0.0020142381662442005
4780,0.08332550898080983,0.08302372754547101,0.0003017814353388215
4781,0.08058142430271704,0.07522030283485552,0.005361121467861524
4782,0.08851292461663314,0.08570387986124936,0.00280904475538378
4783,0.0868792217394142,0.086736090330129,0.00014313140928520762
4784,0.09255156619856324,0.09475228439107407,-0.002200718192510831
4785,0.08837110203443796,0.08480411810161745,0.003566983932820511
4786,0.0926481589777642,0.08892027783082308,0.0037278811469411144
4787,0.08484303637288416,0.08231373123385316,0.0025293051390310045
4788,0.07537099191541813,0.07450724443053336,0.0008637474848847693
4789,0.09377009974372899,0.08920583064393788,0.004564269099791116
4790,0.08844907694169635,0.08896252360491,-0.0005134466632136514
4791,0.08706160606378818,0.08575758883273943,0.0013040172310487541
4792,0.08839304069827852,0.08484789554149436,0.0035451451567841685
4793,0.08957263012358782,0.08848405056860748,0.0010885795549803456
4794,0.09722407024801658,0.09683047431042978,0.00039359593758679645
4795,0.09035984357496371,0.08783942113431595,0.0025204224406477627
4796,0.09248127620928234,0.08822040840881623,0.004260867800466112
4797,0.08609369903917874,0.08267594146166385,0.0034177575775148905
4798,0.09478893953059768,0.0922342019801337,0.0025547375504639813
4799,0.09506235417798406,0.09017428512712598,0.0048880690508580765
4800,0.08854784287477338,0.08495727482135518,0.0035905680534182027
4801,0.09457544709728577,0.09292689059002433,0.0016485565072614367
4802,0.08735622216418602,0.08603553366742257,0.0013206884967634502
4803,0.09571367713852606,0.09421558244317556,0.0014980946953505048
4804,0.09635957347006792,0.09145845261126878,0.004901120858799138
4805,0.09500281940417264,0.09113834393693795,0.0038644754672346876
4806,0.08472182568819141,0.08202502974698303,0.002696795941208377
4807,0.09201682113983223,0.08871238535127055,0.0033044357885616826
4808,0.08420566888107398,0.08367823972940462,0.0005274291516693536
4809,0.09756863901592516,0.09529376820399203,0.00227487081193313
4810,0.07703591134922567,0.0764415426831744,0.0005943686660512815
4811,0.0967713317065482,0.09345513772466599,0.0033161939818822095
4812,0.08551627996708722,0.0877437852290947,-0.0022275052620074898
4813,0.09040666373475172,0.08796971648954865,0.002436947245203061
4814,0.09535691840879174,0.0920278974556941,0.0033290209530976306
4815,0.0790805352292747,0.0780991896307495,0.00098134559852521
4816,0.08843105863489713,0.09252797616012062,-0.004096917525223495
4817,0.10113007558303708,0.09973180160473355,0.001398273978303527
4818,0.08776028567004443,0.09168201451289686,-0.003921728842852426
4819,0.08534391054178969,0.08600244029914024,-0.0006585297573505483
4820,0.09291073737936777,0.09044798780461152,0.002462749574756243
4821,0.08316852982590708,0.0826132178814307,0.0005553119444763888
4822,0.08967672803602764,0.08872091648661999,0.0009558115494076452
4823,0.0907987397035382,0.08917698896166124,0.0016217507418769678
4824,0.09833240039895914,0.09709283684458464,0.0012395635543745037
4825,0.08344917321557145,0.08472419295911972,-0.0012750197435482669
4826,0.08295230282465474,0.0804456203371621,0.0025066824874926397
4827,0.08933393484330827,0.08827766101943793,0.0010562738238703434
4828,0.08911910674327217,0.08733154486231649,0.0017875618809556765
4829,0.09410902658866416,0.09321063181156101,0.0008983947771031425
4830,0.08554860843756902,0.0853749568644344,0.00017365157313461999
4831,0.09477376661041405,0.09179812299255397,0.0029756436178600826
4832,0.08619430457103563,0.08333208291821394,0.0028622216528216976
4833,0.10377844752887035,0.1011589264989586,0.0026195210299117394
4834,0.09269009616077856,0.08962723762624453,0.00306285853453403
4835,0.09111816465951526,0.08942588871987035,0.0016922759396449105
4836,0.09084017700155923,0.08735113701078956,0.003489039990769674
4837,0.08786521492612971,0.08437705252785174,0.003488162398277969
4838,0.08982653898857317,0.08551296046373646,0.0043135785248367
4839,0.08679326326441682,0.08169735229524842,0.0050959109691683935
4840,0.08826192683661703,0.08660964260841766,0.001652284228199366
4841,0.0924286963348497,0.08679026330165344,0.0056384330331962496
4842,0.0802181195309855,0.07910843907832855,0.0011096804526569415
4843,0.09190663766100306,0.09069317811575843,0.0012134595452446273
4844,0.10803893091569874,0.1055250205703555,0.002513910345343248
4845,0.08434982149465617,0.08108912176236184,0.003260699732294328
4846,0.08615976845861563,0.08462147972385681,0.001538288734758822
4847,0.07865098408863615,0.0790732559378211,-0.0004222718491849464
4848,0.08930634261295822,0.088342433103835,0.0009639095091232286
4849,0.08424223577025713,0.08491352903542922,-0.0006712932651720821
4850,0.09000198137572375,0.08604110504761824,0.003960876328105517
4851,0.09016204112054488,0.08507287367295152,0.005089167447593357
4852,0.08715013567768275,0.08701890330983084,0.00013123236785191061
4853,0.08685885727992605,0.08576787950528159,0.0010909777746444665
4854,0.07903882610809226,0.07774810012613291,0.0012907259819593536
4855,0.08137189242825228,0.07830949921227146,0.003062393215980827
4856,0.08342956625137736,0.07908351512967375,0.004346051121703609
4857,0.08604640025047008,0.08302187462571836,0.0030245256247517227
4858,0.0882478264359351,0.08886342564270823,-0.0006155992067731347
4859,0.08363205148741447,0.08273123695108532,0.0009008145363291475
4860,0.09056580883181899,0.08823287616956396,0.0023329326622550245
4861,0.094133786643357,0.09206737459571794,0.002066412047639063
4862,0.09093411605979265,0.08921011164826785,0.0017240044115248015
4863,0.08998527793201698,0.08789409324207242,0.0020911846899445558
4864,0.07424290085718742,0.07498797472864965,-0.0007450738714622346
4865,0.08237504015294617,0.08475426248882197,-0.0023792223358757997
4866,0.09448172514111108,0.09141929555392583,0.0030624295871852503
4867,0.07528316036948307,0.0762778554042563,-0.0009946950347732297
4868,0.09168989310980721,0.08547989190186865,0.006210001207938562
4869,0.08699832142512617,0.08463105513376672,0.002367266291359457
4870,0.09148541375797795,0.09104662432724539,0.0004387894307325557
4871,0.0919691776390114,0.08517073881399974,0.00679843882501166
4872,0.08854824364644652,0.08366203490424862,0.004886208742197903
4873,0.08083346829008552,0.08091084018178965,-7.737189170413383e-05
4874,0.09319174360414513,0.08991422163639018,0.003277521967754951
4875,0.07437451299343678,0.07320732883173564,0.0011671841617011403
4876,0.08940457226441625,0.08641189378344342,0.0029926784809728296
4877,0.0945360961185013,0.09405718713373544,0.0004789089847658662
4878,0.07799916116324758,0.07699306017170279,0.0010061009915447866
4879,0.10525979700769758,0.10395463894590362,0.0013051580617939595
4880,0.08941180649783438,0.08942658933434278,-1.478283650839518e-05
4881,0.0957428048031881,0.09095891099391493,0.004783893809273174
4882,0.10219990555260094,0.09666865191662566,0.005531253635975286
4883,0.08838745280463317,0.08902532128336599,-0.000637868478732817
4884,0.09658056002636589,0.09101592611709929,0.005564633909266606
4885,0.09210088975184606,0.0858632475824025,0.006237642169443558
4886,0.08633572247427779,0.08653709683449529,-0.00020137436021749888
4887,0.08473066447263755,0.0797129542280245,0.005017710244613047
4888,0.07584806950855214,0.0750812238920901,0.0007668456164620363
4889,0.09446826092997732,0.09204960885041368,0.0024186520795636407
4890,0.08475211672114948,0.08354668512318836,0.001205431597961118
4891,0.08637341410144196,0.0845047639103469,0.001868650191095056
4892,0.0893845308606187,0.08447179907915014,0.00491273178146856
4893,0.08075909589167818,0.08123803849436974,-0.0004789426026915594
4894,0.09209353891927247,0.0893055424578262,0.002787996461446271
4895,0.0932339156713827,0.08943160673191887,0.0038023089394638304
4896,0.08562351144947566,0.08164650150736781,0.003977009942107854
4897,0.0823011222826029,0.07878044574655411,0.003520676536048789
4898,0.08999036202141568,0.08802345123901671,0.0019669107823989673
4899,0.08877490992616181,0.08552553089639248,0.0032493790297693365
4900,0.09347900259644222,0.09083201253361493,0.002646990062827287
4901,0.09421628417003544,0.08951061817882583,0.004705665991209612
4902,0.08479552727844684,0.08137288184627287,0.003422645432173979
4903,0.09770490504411598,0.09410084051545789,0.0036040645286580936
4904,0.09312022700207062,0.09120303059377372,0.0019171964082969062
4905,0.09594490673871257,0.09403150339394309,0.0019134033447694848
4906,0.0863860713034914,0.08624629715277683,0.00013977415071456112
4907,0.0902241642880853,0.08637350469366262,0.003850659594422684
4908,0.10085708590728272,0.09713723385149128,0.0037198520557914366
4909,0.08876900710785678,0.08566423498070937,0.0031047721271474094
4910,0.10012794033781172,0.09487251738600339,0.005255422951808336
4911,0.09552747078598296,0.09144156584801727,0.0040859049379656925
4912,0.09283798382080588,0.08848380545648014,0.0043541783643257365
4913,0.07957871853571369,0.07851573322603904,0.0010629853096746494
4914,0.1013269925287415,0.10003323741028393,0.0012937551184575707
4915,0.0908183925147407,0.09039061071757541,0.0004277817971652942
4916,0.08330638582052753,0.08358549441183033,-0.0002791085913027985
4917,0.09101085255117504,0.08981733666239484,0.0011935158887801944
4918,0.0883996477897202,0.08387421751882287,0.004525430270897329
4919,0.08019660859020647,0.07838043493536481,0.0018161736548416574
4920,0.08851594795676807,0.08622324831815525,0.0022926996386128107
4921,0.0823043542633787,0.08046240497423106,0.0018419492891476458
4922,0.08693548503597053,0.08797833264802778,-0.0010428476120572516
4923,0.08175678205837263,0.08119359760408383,0.0005631844542887954
4924,0.1071327958683151,0.10508217319509058,0.0020506226732245197
4925,0.09145869512755965,0.0896372695256245,0.001821425601935156
4926,0.08336718353524654,0.08187370851410962,0.0014934750211369197
4927,0.0802878351887698,0.08326469972033798,-0.002976864531568188
4928,0.08830137689797948,0.08580529732991161,0.002496079568067869
4929,0.1012837976577968,0.0995917753233296,0.0016920223344671914
4930,0.0945070751263837,0.09369455914583436,0.0008125159805493498
4931,0.0807463244798964,0.07644314354363065,0.004303180936265749
4932,0.08440962988109552,0.07961443815406777,0.004795191727027748
4933,0.09186817278857322,0.08856553703585729,0.0033026357527159295
4934,0.08625276949132292,0.08453878630050604,0.0017139831908168784
4935,0.09554205527694627,0.09308837461788055,0.0024536806590657184
4936,0.09237059133224813,0.09264196742076014,-0.000271376088512007
4937,0.0921720193203707,0.089629014309403,0.0025430050109677
4938,0.0938976951113565,0.09361367898593924,0.00028401612541725796
4939,0.08810369107958875,0.08548933349411038,0.002614357585478372
4940,0.09661692201690504,0.09211243131644381,0.004504490700461231
4941,0.0824330025394542,0.0828468175286095,-0.0004138149891553117
4942,0.08779562773782618,0.08257542160397069,0.005220206133855487
4943,0.09308003560207621,0.091426313732517,0.0016537218695592132
4944,0.08888249979659416,0.08755183655581328,0.0013306632407808772
4945,0.09309731187925728,0.0914465169630104,0.001650794916246881
4946,0.08339812163352688,0.08143633483005755,0.001961786803469326
4947,0.0836219274584037,0.08506240803799682,-0.0014404805795931175
4948,0.08730542618170772,0.08368601114881392,0.0036194150328937996
4949,0.0890392992568751,0.08653624734961411,0.0025030519072609947
4950,0.07548622912460652,0.07557471986625595,-8.849074164943294e-05
4951,0.08549713173369916,0.08043719562758023,0.005059936106118934
4952,0.08191099714504477,0.07853750673040409,0.0033734904146406758
4953,0.0934092483391954,0.09299366963767518,0.0004155787015202167
4954,0.08820983350794859,0.09112775143649451,-0.0029179179285459267
4955,0.09582041783865317,0.09384711328772778,0.001973304550925384
4956,0.09876139436368758,0.0941994060414412,0.004561988322246385
4957,0.09002413884179856,0.08923418128369326,0.0007899575581053059
4958,0.07525742218807127,0.0816871115594218,-0.006429689371350522
4959,0.09599059426429447,0.09027599106999866,0.005714603194295814
4960,0.09418511721671263,0.0929865231733514,0.0011985940433612285
4961,0.09272045733726082,0.0927927884368599,-7.233109959907391e-05
4962,0.08995429979808137,0.08816211791962099,0.0017921818784603777
4963,0.09501608603644449,0.09442090088247146,0.0005951851539730268
4964,0.08911048157455008,0.08733754349233191,0.0017729380822181645
4965,0.09101656957014914,0.089072287488444,0.0019442820817051482
4966,0.07835678828909369,0.07813312548517908,0.0002236628039146149
4967,0.09089129401534812,0.08728778678598381,0.003603507229364311
4968,0.07993944249559304,0.07604324756736419,0.0038961949282288466
4969,0.08279291874802604,0.08302946793091917,-0.00023654918289313376
4970,0.08981473902697495,0.08795080469818498,0.001863934328789979
4971,0.08448265381057483,0.08329903152756381,0.0011836222830110266
4972,0.08865951812597692,0.0819796554250967,0.00667986270088021
4973,0.08387882051446147,0.08180330459311318,0.0020755159213482893
4974,0.08893298820299585,0.09063917670705361,-0.0017061885040577651
4975,0.0782166780024797,0.07699099002017165,0.0012256879823080435
4976,0.08528625862977506,0.08147162412247769,0.003814634507297368
4977,0.08374023684531416,0.08075441587784554,0.0029858209674686192
4978,0.0898693662630044,0.09003537634023762,-0.00016601007723321404
4979,0.08809763577654427,0.08607551715002393,0.002022118626520339
4980,0.08913780777486846,0.08861543791799882,0.0005223698568696394
4981,0.09239795425584876,0.09276375145789947,-0.00036579720205071053
4982,0.08685617059572345,0.0870553717331754,-0.00019920113745194867
4983,0.09358513449237527,0.0937560037566995,-0.00017086926432423322
4984,0.08687798057288448,0.08473847176675522,0.002139508806129259
4985,0.08946903901546967,0.08719624801875703,0.0022727909967126397
4986,0.07589053235340516,0.07722812816681816,-0.0013375958134130006
4987,0.08894603723580953,0.08901742346180991,-7.13862260003778e-05
4988,0.07990255626704135,0.07953316622847985,0.00036939003856149843
4989,0.08769647501407783,0.0835155360849002,0.004180938929177633
4990,0.08115499639071333,0.07879138631965785,0.002363610071055483
4991,0.07671735486655394,0.07811391090424603,-0.0013965560376920927
4992,0.07896481313294433,0.08390586379226857,-0.0049410506593242365
4993,0.0918096187621591,0.0882463243709948,0.00356329439116429
4994,0.08641966932341281,0.08449757275606241,0.001922096567350401
4995,0.0905309069845174,0.09135841933610424,-0.0008275123515868316
4996,0.0917969114777614,0.08897459798841666,0.0028223134893447382
4997,0.08498620050837823,0.08306472321374274,0.0019214772946354874
4998,0.08552854701513898,0.08150443623570364,0.004024110779435347
4999,0.09564726105914871,0.09137488372082819,0.004272377338320518
5000,0.08627163793474465,0.08714871894471932,-0.0008770810099746618
5001,0.08504617247560242,0.08279121603651683,0.0022549564390855897
5002,0.09439989008334067,0.08942478640859594,0.004975103674744727
5003,0.09445151600924744,0.0890579779723103,0.005393538036937137
5004,0.09173367981280504,0.08541282855308496,0.006320851259720081
5005,0.08210800894183057,0.0821740566433417,-6.60477015111266e-05
5006,0.09020039485159428,0.08868808140859223,0.001512313443002053
5007,0.09823488136546767,0.09982751568523056,-0.0015926343197628923
5008,0.08739784082255957,0.08488674462938087,0.0025110961931786996
5009,0.08576839928007474,0.08266963779855269,0.00309876148152205
5010,0.09280022315914362,0.09235784325599787,0.0004423799031457454
5011,0.07987272910150973,0.07893004369048488,0.0009426854110248517
5012,0.07984932898998291,0.08063010250937162,-0.0007807735193887111
5013,0.0899563782924245,0.08503089674142897,0.004925481550995536
5014,0.08028640681573294,0.08044900973617605,-0.00016260292044310842
5015,0.08402985327499896,0.08485602503511798,-0.0008261717601190238
5016,0.09241057888765615,0.09039239080303975,0.0020181880846164013
5017,0.09248514700729295,0.09036262104468966,0.002122525962603289
5018,0.08585694574476777,0.08373539856192835,0.0021215471828394117
5019,0.09375332914689448,0.08968218257759125,0.004071146569303227
5020,0.08546538790529644,0.0808640851220354,0.004601302783261041
5021,0.08330846971129814,0.07798553250856072,0.005322937202737424
5022,0.09585417664272795,0.09147873438999396,0.004375442252733994
5023,0.0859443516192694,0.08741679445406385,-0.0014724428347944463
5024,0.08911694932459245,0.08963509820356902,-0.0005181488789765681
5025,0.09217909676378579,0.09228476263345972,-0.00010566586967393488
5026,0.08772058585357292,0.09014247514980717,-0.002421889296234242
5027,0.09193261352780038,0.08753767528346028,0.004394938244340105
5028,0.08302599889453398,0.07926232685041057,0.003763672044123409
5029,0.09366341148389663,0.09303195666139129,0.0006314548225053451
5030,0.09072652185206169,0.08793662055394791,0.002789901298113781
5031,0.09007811326445603,0.08911658934044688,0.0009615239240091528
5032,0.08116593795937675,0.0823085238014538,-0.0011425858420770485
5033,0.09528536987512391,0.09215137683135653,0.00313399304376738
5034,0.08258333565656074,0.08117045512161743,0.0014128805349433171
5035,0.08913022892614622,0.08785039555365522,0.0012798333724910044
5036,0.09465135167071699,0.09196863981668815,0.002682711854028838
5037,0.0923666793879296,0.09193661006732756,0.0004300693206020362
5038,0.09176268188789116,0.09067831245037732,0.0010843694375138463
5039,0.09700387580416985,0.09577360410420499,0.001230271699964855
5040,0.08230446491404676,0.08158042524407699,0.0007240396699697699
5041,0.08172176604667859,0.07784008952077422,0.003881676525904376
5042,0.08836183060947593,0.08496704924039736,0.0033947813690785728
5043,0.08196237795243513,0.08690390423761475,-0.004941526285179618
5044,0.07911394378505404,0.07980307662399849,-0.0006891328389444507
5045,0.08842052039488381,0.08564731021305673,0.0027732101818270793
5046,0.0946151328267292,0.09167760398225776,0.002937528844471446
5047,0.08175936296381035,0.08048678889854756,0.0012725740652627937
5048,0.09989212758508853,0.09539874654899659,0.00449338103609194
5049,0.0821709729969536,0.07921402200122944,0.0029569509957241558
5050,0.0899364847082335,0.08700658521105371,0.002929899497179783
5051,0.08763904704948837,0.08441772017293664,0.0032213268765517306
5052,0.09313387091867897,0.09352467198228241,-0.00039080106360343814
5053,0.09403266257845239,0.09205691512354015,0.001975747454912233
5054,0.08360934200887207,0.08316566134410501,0.0004436806647670627
5055,0.07934372846795087,0.07606805160305725,0.00327567686489362
5056,0.1084765064873572,0.10608294356640728,0.0023935629209499154
5057,0.10559323111186708,0.10205649505145117,0.003536736060415907
5058,0.08635656014843418,0.08369968962946356,0.002656870518970622
5059,0.08231464998384766,0.08697583678332484,-0.004661186799477177
5060,0.08339267851312578,0.08503454154740696,-0.0016418630342811824
5061,0.09807974538053392,0.09691062027008795,0.001169125110445965
5062,0.07815167059405327,0.08165637501435748,-0.0035047044203042055
5063,0.0881532300747709,0.08892394138518783,-0.0007707113104169355
5064,0.08649820347708549,0.08485406114183146,0.001644142335254034
5065,0.09542341301776297,0.09241174346910817,0.0030116695486547967
5066,0.10289138071997908,0.10133885054715976,0.0015525301728193247
5067,0.09500132478819473,0.09239295024352942,0.0026083745446653095
5068,0.08405240875513302,0.0828057605754943,0.0012466481796387235
5069,0.08973027453315288,0.08541294423660534,0.004317330296547545
5070,0.09094875475407363,0.08724438727729755,0.003704367476776077
5071,0.09003046658220303,0.08859706327546966,0.0014334033067333607
5072,0.07854347196765386,0.07403700573578989,0.004506466231863973
5073,0.0993693561782713,0.09636023320156638,0.0030091229767049282
5074,0.07795836942465532,0.08121242522052605,-0.0032540557958707222
5075,0.0877630213340111,0.08785280969874834,-8.978836473724772e-05
5076,0.07820445124471243,0.07528604045130535,0.0029184107934070724
5077,0.09307228138346284,0.09150822695905912,0.0015640544244037158
5078,0.08434355137956105,0.08053831916549493,0.0038052322140661177
5079,0.09375063866312341,0.08989449970294199,0.0038561389601814294
5080,0.0869686710591293,0.08670957888721378,0.00025909217191551204
5081,0.10052687377328877,0.09684115951149104,0.003685714261797729
5082,0.06999893338250782,0.07312208454596215,-0.003123151163454338
5083,0.08533308691596739,0.08308067279120922,0.0022524141247581703
5084,0.0942691935695249,0.09232593088597509,0.0019432626835498151
5085,0.08756044377630881,0.08817502509392473,-0.0006145813176159226
5086,0.08951345369744,0.08704965668326727,0.002463797014172736
5087,0.08381475796286006,0.08358700430294558,0.00022775365991448138
5088,0.07942108599706904,0.07696743535935179,0.0024536506377172557
5089,0.0931201422350922,0.08882019379477234,0.004299948440319862
5090,0.09532937656467842,0.09199350151812029,0.0033358750465581344
5091,0.09638153329308255,0.09453029345692056,0.0018512398361619914
5092,0.09256664910223844,0.08872569277504722,0.003840956327191225
5093,0.08779306215910815,0.08566481578998193,0.002128246369126216
5094,0.10115215248009568,0.09660715432434651,0.004544998155749172
5095,0.09327403396666178,0.08955774565437206,0.00371628831228972
5096,0.09289610081489276,0.088602649426752,0.004293451388140759
5097,0.08974561765748114,0.08609544898014011,0.003650168677341026
5098,0.08498562135728034,0.08135010434183874,0.0036355170154415972
5099,0.08783373780865794,0.08420373432971458,0.003630003478943364
5100,0.08643501287023017,0.08777948881091124,-0.0013444759406810725
5101,0.09825375469526268,0.09614992105281663,0.002103833642446054
5102,0.09632504542085282,0.09217124543352594,0.004153799987326887
5103,0.09784056529183677,0.0969666229212358,0.0008739423706009691
5104,0.09112827623459817,0.08653817335752059,0.004590102877077576
5105,0.07253907496122884,0.07597685522272726,-0.0034377802614984215
5106,0.08762523418848445,0.08108212738425852,0.006543106804225929
5107,0.07661189320147048,0.0740483495634836,0.002563543637986873
5108,0.07582120811422756,0.07163072109743823,0.0041904870167893266
5109,0.08342874877614591,0.08038881333641029,0.0030399354397356165
5110,0.0896687217970874,0.08866803836640558,0.0010006834306818257
5111,0.09217209862918635,0.08867493850202326,0.0034971601271630848
5112,0.08752895571856488,0.08504768270430528,0.0024812730142595996
5113,0.08846287182853378,0.0864315715897066,0.00203130023882718
5114,0.09128440547638711,0.089413899959155,0.0018705055172321128
5115,0.08427084575641142,0.0849117774461303,-0.0006409316897188766
5116,0.08948138742757948,0.09003128894254518,-0.0005499015149657005
5117,0.10139622481278247,0.09886562764200645,0.0025305971707760277
5118,0.08558105536694252,0.0839880763774106,0.0015929789895319235
5119,0.08081306120045431,0.08154790897894251,-0.0007348477784882013
5120,0.09666586289339685,0.09698719037263298,-0.00032132747923613314
5121,0.08532337109331325,0.08344752723876421,0.0018758438545490447
5122,0.09226313948696292,0.09067619548700225,0.0015869439999606771
5123,0.09556850835681108,0.09130767830127857,0.004260830055532502
5124,0.07433084074842156,0.07322359875107626,0.0011072419973452985
5125,0.09007491381219078,0.08687103226170952,0.0032038815504812634
5126,0.09395047800945751,0.09160192396127428,0.002348554048183224
5127,0.08887354607606669,0.08665049643327445,0.002223049642792241
5128,0.09343117500246886,0.089924393467058,0.003506781535410869
5129,0.08816486408688946,0.0891771042518342,-0.001012240164944736
5130,0.09083097239438553,0.08819300984911432,0.0026379625452712108
5131,0.08435933270268754,0.08585398504528834,-0.001494652342600794
5132,0.0956018927176938,0.09203787558298988,0.0035640171347039173
5133,0.08338782040717081,0.08534981129676897,-0.001961990889598156
5134,0.08284932333813715,0.07911484866940745,0.003734474668729698
5135,0.07960384703835613,0.08007199097827475,-0.00046814393991861936
5136,0.08498767729001787,0.08304757449584108,0.0019401027941767929
5137,0.08260668747386747,0.08050554415143692,0.0021011433224305542
5138,0.07919581257568643,0.07981979994757155,-0.0006239873718851124
5139,0.1004820356016085,0.09778891336437012,0.002693122237238374
5140,0.08403073351365994,0.08503907518089607,-0.0010083416672361234
5141,0.09314466101135764,0.08917931339017733,0.00396534762118031
5142,0.08620320089298228,0.0817764891777064,0.00442671171527588
5143,0.09248540158100112,0.08941560692910042,0.0030697946519007008
5144,0.08884984455826134,0.09010799907855543,-0.001258154520294097
5145,0.0849985267135862,0.08259501388601916,0.002403512827567039
5146,0.08021748617907076,0.07830920687349785,0.001908279305572913
5147,0.09609657052414668,0.09361298018087204,0.0024835903432746387
5148,0.09597803393849459,0.09162035451991743,0.004357679418577162
5149,0.08366653093536806,0.08362292511112315,4.360582424491055e-05
5150,0.08315724168910417,0.08220488012603613,0.0009523615630680354
5151,0.08716434494915257,0.08736235604140534,-0.0001980110922527728
5152,0.07752042530310253,0.07686255160307878,0.0006578737000237506
5153,0.07452200223520841,0.077767198846965,-0.0032451966117565817
5154,0.07989907693331934,0.0796338898522434,0.0002651870810759377
5155,0.09375012454975439,0.09130286502174656,0.002447259528007825
5156,0.09861688178219208,0.09618163267793568,0.0024352491042563956
5157,0.08144343022881972,0.08166700411933898,-0.00022357389051926024
5158,0.0891745649720404,0.08578438343342995,0.003390181538610454
5159,0.10423239586486777,0.10337089383966402,0.000861502025203742
5160,0.08405100997602709,0.08392865866350832,0.00012235131251876752
5161,0.09326611838799014,0.08684449162750832,0.006421626760481816
5162,0.0860763383916889,0.08990270046406476,-0.003826362072375855
5163,0.08547410149020088,0.08542116827391501,5.293321628586922e-05
5164,0.08550948400839352,0.08202482543576685,0.00348465857262667
5165,0.08912931342579102,0.08842077168492547,0.0007085417408655426
5166,0.09908617965899592,0.09379694399233313,0.005289235666662798
5167,0.09479730326443417,0.09429314474236178,0.0005041585220723899
5168,0.08323573909898732,0.08189778727223726,0.0013379518267500612
5169,0.09142549674519013,0.08878621482451389,0.002639281920676237
5170,0.08696102884452894,0.08465692918971067,0.002304099654818273
5171,0.07600889339733634,0.07606536299962732,-5.646960229098441e-05
5172,0.08801491284861189,0.08375858031826511,0.004256332530346782
5173,0.09964916866802269,0.0974473932906513,0.002201775377371387
5174,0.08144372962159392,0.08247383267279408,-0.0010301030512001597
5175,0.0850458955376235,0.08765925237143225,-0.0026133568338087554
5176,0.08065024836656473,0.07983166882767646,0.0008185795388882672
5177,0.08406881092306033,0.08151801214932196,0.002550798773738372
5178,0.08427990908850537,0.08115121109023188,0.0031286979982734914
5179,0.0957458584208499,0.09425599332431056,0.001489865096539339
5180,0.09194885608679458,0.09134836703143957,0.000600489055355008
5181,0.08123786047307265,0.08391825412934314,-0.0026803936562704994
5182,0.09641256992332158,0.09335072579069174,0.003061844132629832
5183,0.0837983803519705,0.08223073790690698,0.0015676424450635218
5184,0.09548931135275535,0.0920628464048915,0.003426464947863847
5185,0.09467373692639837,0.08960833561088724,0.005065401315511128
5186,0.09869624735956567,0.0992341351669385,-0.000537887807372836
5187,0.0903571198816974,0.0880150894167996,0.0023420304648977958
5188,0.09345621463383261,0.09072481433044999,0.0027314003033826195
5189,0.09482728892871474,0.0921422067834065,0.002685082145308243
5190,0.08673637000450801,0.0844848821845834,0.0022514878199246108
5191,0.08929285529275405,0.08907747232955698,0.00021538296319706385
5192,0.0770382685686256,0.07369474745583182,0.0033435211127937764
5193,0.0792037434139051,0.07555551026371772,0.003648233150187377
5194,0.09045219148959313,0.09231159543359208,-0.001859403943998944
5195,0.09294058654254977,0.09143923229916477,0.001501354243385003
5196,0.08409094715621146,0.08369824256972236,0.000392704586489101
5197,0.09867238089143322,0.09718025250455878,0.0014921283868744445
5198,0.09822712216232028,0.09615040046532228,0.0020767216969980046
5199,0.09127669833210429,0.08711387558527947,0.004162822746824821
5200,0.08120260524605019,0.08081594355461712,0.00038666169143307394
5201,0.09437730140224103,0.09235709922424104,0.0020202021779999885
5202,0.08831710450435891,0.0869936582991725,0.0013234462051864154
5203,0.09169442194282673,0.08567363660833176,0.006020785334494974
5204,0.08500100007599223,0.08312809151924253,0.0018729085567497084
5205,0.0907316123395032,0.08679812527288702,0.003933487066616184
5206,0.0829337083547243,0.0802313156471527,0.0027023927075715964
5207,0.08809362765735557,0.08137102625177099,0.0067226014055845745
5208,0.08272112379248671,0.0778905549475307,0.004830568844956015
5209,0.08100714503152717,0.07965125357195141,0.0013558914595757643
5210,0.08267442140809626,0.08422740553843033,-0.0015529841303340702
5211,0.08332292296633745,0.08388411775943397,-0.00056119479309652
5212,0.0841692495145412,0.08158370284066176,0.0025855466738794464
5213,0.08441187686017984,0.08742724528945976,-0.0030153684292799215
5214,0.0846064473498926,0.0851310079679686,-0.0005245606180760004
5215,0.08566154436594524,0.08322167955883676,0.002439864807108477
5216,0.0880088354015312,0.08604041928015944,0.0019684161213717605
5217,0.08287269689489823,0.0814228636608797,0.0014498332340185383
5218,0.0880504816642365,0.08539281426546845,0.002657667398768049
5219,0.0894753010451666,0.08396399416549524,0.005511306879671357
5220,0.09982674372647123,0.09566585896218315,0.004160884764288081
5221,0.08792659443843823,0.08409733593092164,0.0038292585075165864
5222,0.08443535491592795,0.08051799785240508,0.003917357063522864
5223,0.09295077528073303,0.09186028373184298,0.0010904915488900574
5224,0.09560831021329905,0.09077236607264301,0.004835944140656037
5225,0.09030901948443645,0.08705729493032924,0.003251724554107216
5226,0.0875739789462892,0.0855919801376864,0.0019819988086027945
5227,0.095144476030711,0.09359048454415457,0.0015539914865564247
5228,0.08376177230120979,0.08224444740047353,0.0015173249007362638
5229,0.09751222397804359,0.0972826273174698,0.0002295966605737887
5230,0.09215107817408459,0.09275043305363063,-0.0005993548795460435
5231,0.0908727736541758,0.08651197403867665,0.00436079961549915
5232,0.08079085949639013,0.08398079790702805,-0.003189938410637916
5233,0.09355586313466849,0.08959511360286704,0.00396074953180145
5234,0.10266242389958881,0.09834151131939521,0.004320912580193598
5235,0.09735600890944245,0.09661141000504617,0.0007445989043962792
5236,0.09207831337842,0.09116269733525303,0.0009156160431669641
5237,0.09409494748470645,0.09238807421287128,0.001706873271835177
5238,0.10013107703930502,0.09563552686435063,0.004495550174954385
5239,0.08913244503701778,0.08523345446213268,0.003898990574885103
5240,0.0916958859093477,0.09254479633843686,-0.0008489104290891614
5241,0.09828417032965653,0.0953765897720219,0.002907580557634626
5242,0.09016874564579443,0.08842162127809687,0.0017471243676975556
5243,0.0907758053040515,0.09096942327833377,-0.000193617974282273
5244,0.08057621674267439,0.08168351144944708,-0.0011072947067726907
5245,0.08386032540385167,0.07985011501858243,0.004010210385269247
5246,0.09092801109734737,0.08915541501522843,0.001772596082118938
5247,0.08208114692051621,0.0818127619190005,0.0002683850015157141
5248,0.08958964422367126,0.08568051937368393,0.0039091248499873305
5249,0.09153839170570792,0.08976617912720436,0.0017722125785035597
5250,0.08243868263622117,0.08062088610456802,0.0018177965316531486
5251,0.09417963436369435,0.09001815476590184,0.004161479597792506
5252,0.08869039281770956,0.08741691769648847,0.0012734751212210849
5253,0.0805482155898736,0.07930015596206655,0.0012480596278070522
5254,0.09320415997918399,0.09343670277992829,-0.00023254280074429257
5255,0.08967202927002625,0.08617215976592937,0.003499869504096878
5256,0.08938804337272091,0.0854098976184318,0.003978145754289106
5257,0.0895276485270713,0.08482699321283146,0.0047006553142398405
5258,0.08248471138297543,0.08239148656256758,9.322482040785562e-05
5259,0.08089712483870502,0.07913288470691003,0.0017642401317949918
5260,0.0910262505623505,0.08640294953362304,0.004623301028727461
5261,0.09527963141384443,0.09039956053420174,0.004880070879642692
5262,0.08397250239768594,0.08302642657735233,0.0009460758203336112
5263,0.08780131688505824,0.08296214280565638,0.004839174079401862
5264,0.08327439123800674,0.08257514905231507,0.0006992421856916731
5265,0.08913483656591385,0.08528777242773145,0.0038470641381824072
5266,0.08476729578735484,0.08399215763488524,0.000775138152469601
5267,0.08650489285169057,0.08460141418713099,0.0019034786645595742
5268,0.09506242392273803,0.09372502375581075,0.00133740016692728
5269,0.10065006024905485,0.0970698340315019,0.00358022621755294
5270,0.08015687216772545,0.08234257769549913,-0.002185705527773682
5271,0.07204336310418774,0.07352281421071806,-0.001479451106530319
5272,0.08232652773004767,0.08441994201430866,-0.0020934142842609915
5273,0.09030607125863635,0.09063483855246125,-0.00032876729382490255
5274,0.09398779679141063,0.09287653638171971,0.0011112604096909229
5275,0.08678070465981211,0.08738118383359236,-0.0006004791737802551
5276,0.08973582686688729,0.08643621936490482,0.0032996075019824656
5277,0.08632152903369501,0.08540221050415397,0.0009193185295410383
5278,0.0892150848172767,0.08618907001993645,0.003026014797340257
5279,0.08689549194559544,0.084227258764936,0.002668233180659438
5280,0.09056459576506831,0.08699234293167502,0.003572252833393297
5281,0.09186533028883756,0.08999795120879732,0.0018673790800402407
5282,0.07619514181193728,0.07478266630644606,0.0014124755054912147
5283,0.0972216022406451,0.09590904126902942,0.001312560971615681
5284,0.08677620036181857,0.08410469389735303,0.0026715064644655395
5285,0.10350817413615904,0.09779782496898717,0.005710349167171863
5286,0.09741635871785377,0.09692351306561969,0.000492845652234078
5287,0.08820266488531853,0.09082263829016517,-0.00261997340484664
5288,0.078633468866773,0.07713844548554558,0.0014950233812274227
5289,0.1003989593007079,0.09635999987098318,0.004038959429724723
5290,0.0953429596634384,0.09320189558707587,0.0021410640763625394
5291,0.09482401851207367,0.0925601607092279,0.00226385780284577
5292,0.09088166898059939,0.09051062228125509,0.00037104669934430456
5293,0.09763341014249557,0.09508696587604457,0.002546444266451009
5294,0.08918715276288156,0.08561952437458471,0.0035676283882968424
5295,0.09014736139838739,0.08573728120438319,0.004410080194004198
5296,0.08264404131976902,0.08504958798811767,-0.0024055466683486487
5297,0.08446949471428984,0.08890568398085154,-0.004436189266561696
5298,0.08513686318432756,0.08159355934647179,0.0035433038378557685
5299,0.0857988441911705,0.08421554247195223,0.0015833017192182636
5300,0.08413026014531236,0.07880150807344104,0.0053287520718713205
5301,0.1056591093898324,0.10208777303693618,0.0035713363528962205
5302,0.09860255773488186,0.09327250594731323,0.005330051787568624
5303,0.09507615042529419,0.08804356345020561,0.007032586975088573
5304,0.09456775255962838,0.0924039647390909,0.0021637878205374717
5305,0.1045537545975038,0.09992034794608451,0.004633406651419286
5306,0.09406335416199896,0.09000780518427334,0.004055548977725615
5307,0.0912555204797964,0.08779323873857604,0.0034622817412203605
5308,0.09568796388824521,0.09198953497630584,0.003698428911939375
5309,0.09148007879979181,0.08795316605177157,0.003526912748020236
5310,0.08882344050484116,0.08889247129001149,-6.903078517032923e-05
5311,0.08339628242887737,0.07967793627561233,0.003718346153265037
5312,0.09624206242452099,0.09389322809470213,0.0023488343298188608
5313,0.0872733258401042,0.08875022450114832,-0.0014768986610441265
5314,0.08728351587764242,0.08518417107919456,0.0020993447984478664
5315,0.09424271741384516,0.09636676504118727,-0.0021240476273421127
5316,0.09536252288857801,0.09066522689752818,0.00469729599104983
5317,0.08095395689414281,0.07934204814000949,0.0016119087541333205
5318,0.08298982144200902,0.08184999089264237,0.0011398305493666439
5319,0.09429149970092802,0.09146484367431554,0.002826656026612487
5320,0.0783456822148002,0.08037214055581603,-0.0020264583410158216
5321,0.08334510845885329,0.08281470627326598,0.0005304021855873087
5322,0.09446407965014528,0.09131486108676028,0.0031492185633850006
5323,0.08601341870108764,0.08337072486352569,0.002642693837561952
5324,0.0903364315861515,0.08599867202351584,0.004337759562635657
5325,0.09151797994238196,0.08815520803940506,0.003362771902976902
5326,0.08471427596309385,0.08407323778227652,0.0006410381808173299
5327,0.08142633079002397,0.08251555283035757,-0.0010892220403335984
5328,0.1090720603216715,0.10648218234486846,0.0025898779768030317
5329,0.09918680069137517,0.09513553145411535,0.004051269237259819
5330,0.07882016681548813,0.07366251301350393,0.005157653801984199
5331,0.0879843569874458,0.09152452146959815,-0.0035401644821523442
5332,0.0870957061775692,0.08482761262544675,0.0022680935521224577
5333,0.07875846661038687,0.08184348254095004,-0.0030850159305631786
5334,0.08946248109407107,0.0899094947348923,-0.0004470136408212394
5335,0.09403061445843178,0.09125735767823642,0.0027732567801953545
5336,0.08794226447790922,0.08709502663450414,0.0008472378434050826
5337,0.08530405328764358,0.08444365224134129,0.0008604010463022921
5338,0.09465919995485453,0.09532242606954666,-0.0006632261146921337
5339,0.08407681368091605,0.08021371935133158,0.0038630943295844683
5340,0.08802458365716234,0.08578332998011301,0.002241253677049332
5341,0.0870648340469632,0.08454508079430541,0.002519753252657797
5342,0.09165646248825096,0.09169518959915259,-3.872711090162351e-05
5343,0.08771876903082444,0.08335421291441214,0.004364556116412302
5344,0.09846382774293383,0.09793075388820273,0.0005330738547311004
5345,0.08755948185107987,0.08271891328664702,0.004840568564432851
5346,0.09253042965459966,0.08804157459739641,0.004488855057203256
5347,0.08490137912438807,0.08323096567179514,0.001670413452592931
5348,0.08381822284927778,0.08030049198028154,0.0035177308689962467
5349,0.07742143122285867,0.07897259190013534,-0.0015511606772766612
5350,0.08354406745826534,0.08363844055896445,-9.437310069911053e-05
5351,0.09726117874735102,0.09551733670629049,0.0017438420410605254
5352,0.09624056202837299,0.089334702202128,0.006905859826244989
5353,0.08484170173870681,0.08334360016255134,0.0014981015761554722
5354,0.089393517379465,0.08725708965377546,0.0021364277256895464
5355,0.09086120479490702,0.0927127938483134,-0.0018515890534063772
5356,0.09561598008998179,0.09320618334073807,0.0024097967492437145
5357,0.09434257637930515,0.0918576617642478,0.002484914615057357
5358,0.09475836717371652,0.09091582751627192,0.0038425396574446047
5359,0.09408420694245426,0.09172164059095937,0.0023625663514948853
5360,0.09733224153188477,0.09183211707311512,0.005500124458769656
5361,0.08021063613345096,0.07828364569549098,0.0019269904379599773
5362,0.0801551477235898,0.07815349251512788,0.0020016552084619194
5363,0.09142533784235381,0.09175426495428188,-0.00032892711192807067
5364,0.08951629308653357,0.08407978433217914,0.005436508754354433
5365,0.08462055852856082,0.08286539114765658,0.0017551673809042406
5366,0.08177588281539164,0.07794702402814992,0.0038288587872417207
5367,0.09339602804849166,0.09096070477483104,0.002435323273660625
5368,0.08584981189027233,0.08484523473206158,0.0010045771582107427
5369,0.09732610835324637,0.09347582510264692,0.003850283250599454
5370,0.0988091421335468,0.09438424057794573,0.004424901555601074
5371,0.09588292242550794,0.09317619274799385,0.0027067296775140914
5372,0.09282454656631407,0.09120894180424767,0.0016156047620664027
5373,0.08449765849355266,0.08104512864870902,0.0034525298448436353
5374,0.0851860212520726,0.08452191086710555,0.0006641103849670538
5375,0.08912259884368084,0.08392381785380397,0.005198780989876875
5376,0.08275795837178516,0.08103544259018687,0.0017225157815982939
5377,0.08229086267416497,0.0791718044455718,0.003119058228593166
5378,0.09703810375163525,0.094223337274367,0.002814766477268249
5379,0.09612847588456166,0.09230807071921156,0.0038204051653501075
5380,0.09417835204894266,0.09515195917519693,-0.0009736071262542723
5381,0.08458266984818907,0.08568438572527022,-0.001101715877081147
5382,0.08464013779712329,0.08043892135112994,0.004201216445993347
5383,0.08968988373323254,0.08613869187221321,0.0035511918610193344
5384,0.10313020029352417,0.10099850656540789,0.0021316937281162796
5385,0.09530631700729428,0.09218282955316938,0.0031234874541248986
5386,0.08079086646550318,0.08314622172281556,-0.002355355257312383
5387,0.07439812063719231,0.0711342135170954,0.003263907120096915
5388,0.09144894946619446,0.08858275905074882,0.002866190415445641
5389,0.0791976939118613,0.07760227279940726,0.0015954211124540318
5390,0.09849099613713977,0.09907199584365824,-0.0005809997065184674
5391,0.08501097330844552,0.08450481840924119,0.0005061548992043308
5392,0.10019533571563632,0.09597178795734197,0.004223547758294352
5393,0.09318010110646166,0.08886337701123179,0.0043167240952298735
5394,0.09805507997074482,0.09330785121465594,0.004747228756088878
5395,0.09288631433394756,0.08857861459215577,0.004307699741791793
5396,0.09149791873821536,0.08906683971519619,0.0024310790230191726
5397,0.08490246125046308,0.08421881022672215,0.0006836510237409332
5398,0.08786834415773531,0.08981853618599167,-0.001950192028256359
5399,0.08305563381051603,0.08221499827111609,0.0008406355393999476
5400,0.09043261720679066,0.08590508035352482,0.0045275368532658455
5401,0.08889703456460149,0.08331174456856447,0.005585289996037024
5402,0.08200381760638542,0.08545406417921546,-0.0034502465728300374
5403,0.09262018126338355,0.08977499686468406,0.0028451843986994907
5404,0.09396793837797744,0.08718295755237443,0.0067849808256030125
5405,0.0851023421342387,0.0809363717492727,0.004165970384965995
5406,0.08717065753843041,0.08200499188478945,0.005165665653640961
5407,0.08249522186539807,0.08459270592341071,-0.002097484058012647
5408,0.09137719831490583,0.08724182734448081,0.0041353709704250174
5409,0.08784799206005242,0.08418588267409002,0.0036621093859623977
5410,0.09042072379212523,0.08988785729899812,0.0005328664931271154
5411,0.07809655272831058,0.07797353013680658,0.00012302259150399897
5412,0.07916893614595966,0.07784564997052804,0.0013232861754316205
5413,0.09066046515432147,0.09007099928671089,0.000589465867610578
5414,0.08270256777457391,0.07784926168182511,0.004853306092748796
5415,0.08732038356420001,0.08267972018856881,0.004640663375631196
5416,0.09344570690437734,0.08925559735775279,0.004190109546624549
5417,0.09250297418452469,0.09011639133725279,0.0023865828472719036
5418,0.09427924376423678,0.09367171571504258,0.0006075280491942003
5419,0.0903585034333362,0.0854402231252789,0.004918280308057313
5420,0.09553718307704417,0.09309703151214871,0.0024401515648954653
5421,0.09084510970961722,0.09077439162385202,7.071808576519789e-05
5422,0.0832899275027178,0.0800540303267924,0.0032358971759254007
5423,0.08317855110690346,0.08393563460494803,-0.0007570834980445695
5424,0.0900622448973901,0.08776974079088085,0.0022925041065092605
5425,0.09181847749726224,0.08939569293862695,0.002422784558635288
5426,0.09216723451269436,0.09459469056698822,-0.0024274560542938556
5427,0.08176771034967775,0.08317456184347376,-0.0014068514937960047
5428,0.09213027670052654,0.08829474136511076,0.0038355353354157795
5429,0.0884245775454703,0.08677437059975811,0.0016502069457121904
5430,0.1028696827562742,0.09632472781559445,0.006544954940679748
5431,0.10512393775660586,0.10088387429404173,0.004240063462564128
5432,0.09212936330102305,0.08945750046912676,0.002671862831896285
5433,0.0843601774638108,0.08693080945051183,-0.00257063198670103
5434,0.09457831832484152,0.09302170093623444,0.0015566173886070872
5435,0.0852236950603069,0.08368386086192035,0.0015398341983865471
5436,0.09044952793488313,0.08818186805934071,0.0022676598755424215
5437,0.09085151502101241,0.08744438952101663,0.003407125499995778
5438,0.08122805467896921,0.07852252610132367,0.0027055285776455412
5439,0.09110047228264334,0.08596992723604802,0.005130545046595325
5440,0.09449877837667571,0.09141695260445727,0.0030818257722184383
5441,0.07543415700926283,0.07299883443607412,0.0024353225731887085
5442,0.0867842458662209,0.08664439354938522,0.00013985231683567856
5443,0.08743384455575146,0.08445968653968937,0.0029741580160620867
5444,0.0886448937020735,0.08473240514886154,0.003912488553211954
5445,0.1088057516042267,0.10442893997002659,0.004376811634200117
5446,0.08339964737144459,0.08250368639969588,0.0008959609717487105
5447,0.0874364700892948,0.08482564303136934,0.0026108270579254522
5448,0.07800395214930861,0.0784951424740977,-0.000491190324789087
5449,0.09150719228516001,0.08776113776542711,0.0037460545197328943
5450,0.08691075579606004,0.0820122949040235,0.004898460892036549
5451,0.08791937430153118,0.08452780555164964,0.0033915687498815433
5452,0.09253711900743748,0.09047093823719365,0.002066180770243828
5453,0.07934742725471264,0.08126371247899118,-0.0019162852242785439
5454,0.09314823481501815,0.09078251236293051,0.002365722452087632
5455,0.10200297256475192,0.09975788151216905,0.0022450910525828732
5456,0.08924948700247619,0.08945596922553778,-0.00020648222306159092
5457,0.08814523184192748,0.08543797547173808,0.002707256370189398
5458,0.0854744570816485,0.08232641544311185,0.0031480416385366444
5459,0.09078652960369617,0.08919000457574457,0.0015965250279516008
5460,0.08141027185697343,0.07871826416028187,0.002692007696691562
5461,0.08271640983749629,0.07914606962535374,0.003570340212142545
5462,0.09020154539201088,0.0892684832610491,0.0009330621309617815
5463,0.0905739058321092,0.09148453395277312,-0.00091062812066392
5464,0.08524327696823443,0.08708785660441494,-0.00184457963618051
5465,0.08762927187106424,0.0845495857097743,0.003079686161289938
5466,0.08586867655382559,0.08722371970916573,-0.0013550431553401437
5467,0.08885516680392228,0.08852724657258335,0.00032792023133892956
5468,0.10048492878298773,0.09535635054530274,0.0051285782376849914
5469,0.08662021741065712,0.0827420255580539,0.0038781918526032133
5470,0.09136567659584602,0.0917874902701947,-0.0004218136743486811
5471,0.09400863756096207,0.09160417679233127,0.002404460768630809
5472,0.08152468751079814,0.08082361135217588,0.000701076158622263
5473,0.08158296812096755,0.08137059182606865,0.0002123762948988972
5474,0.08338372840674367,0.08401103507039842,-0.0006273066636547503
5475,0.0802741916342832,0.08103510626002881,-0.0007609146257456095
5476,0.08192721396773683,0.0807580358351367,0.0011691781326001321
5477,0.08273687699548314,0.0814831617029466,0.0012537152925365391
5478,0.09211679260149237,0.0888452328062978,0.00327155979519457
5479,0.0852104091100651,0.08278855052003528,0.0024218585900298156
5480,0.08662281447773718,0.08465591062348818,0.001966903854248997
5481,0.08920047186829233,0.08745135683064392,0.0017491150376484077
5482,0.08208415365010038,0.080336373686326,0.0017477799637743846
5483,0.09286919646955763,0.09052772219673223,0.0023414742728253973
5484,0.08593908602299505,0.08402824698322446,0.0019108390397705871
5485,0.07917279070748037,0.07931215293430421,-0.00013936222682384147
5486,0.08210659730942371,0.07966397049241056,0.002442626817013155
5487,0.09927913089409254,0.09488822810009834,0.004390902793994206
5488,0.08379324577811467,0.08116680177059966,0.002626444007515008
5489,0.09603506442214783,0.09221912755165713,0.0038159368704906993
5490,0.08999667489721468,0.08987803645186701,0.00011863844534766577
5491,0.08741504449358216,0.08460272008439798,0.0028123244091841776
5492,0.08908618496824597,0.08549003084626423,0.0035961541219817345
5493,0.07769325487122428,0.07773066588284373,-3.741101161945648e-05
5494,0.08143525659726493,0.07862029087340235,0.0028149657238625836
5495,0.08446172071983599,0.08236047953398919,0.0021012411858468
5496,0.08793803431743659,0.08775062924804228,0.00018740506939431134
5497,0.09703475296047377,0.09428042624650702,0.0027543267139667482
5498,0.08093231627436946,0.07942824665636444,0.001504069618005019
5499,0.0847326877645136,0.07893529836103524,0.005797389403478362
5500,0.08339037377797824,0.08143811264453471,0.0019522611334435308
5501,0.09502596875809526,0.09224444246837088,0.002781526289724376
5502,0.08347673318200853,0.08340344473617475,7.328844583377736e-05
5503,0.08872604374991784,0.08620173591064531,0.00252430783927253
5504,0.09047403075411231,0.08671751964775751,0.003756511106354804
5505,0.08498902576011762,0.08378745257002874,0.0012015731900888726
5506,0.0825532182155186,0.08212418198725217,0.0004290362282664273
5507,0.09991266372626753,0.09888333495282928,0.001029328773438254
5508,0.083200012990628,0.08488830317822474,-0.0016882901875967388
5509,0.0924867738104213,0.08738114518168273,0.005105628628738562
5510,0.08550996361794802,0.08023551527852514,0.00527444833942288
5511,0.09679035211040027,0.09309093792981397,0.003699414180586294
5512,0.08895943198146213,0.08482654267685195,0.004132889304610171
5513,0.08618474409823815,0.08263144941922543,0.0035532946790127196
5514,0.08999206011365239,0.08364302734350525,0.006349032770147145
5515,0.08611210812109543,0.08358134409652243,0.002530764024573001
5516,0.0863353834321209,0.08246293797976761,0.003872445452353282
5517,0.08854949058401244,0.08651254464609688,0.002036945937915563
5518,0.08706552832817419,0.0825944992008858,0.0044710291272883895
5519,0.08108667345958685,0.07987028212254514,0.0012163913370417112
5520,0.0932717843351787,0.09017671898468829,0.0030950653504904085
5521,0.09032534774756337,0.08913512580421135,0.0011902219433520267
5522,0.08795301280302606,0.08879005665038397,-0.0008370438473579156
5523,0.08452500048306463,0.08414256911262166,0.0003824313704429705
5524,0.08246540959762365,0.08105415152458265,0.0014112580730410024
5525,0.09071613232234904,0.09223019983824378,-0.0015140675158947375
5526,0.10165399834112428,0.09805473529988945,0.0035992630412348264
5527,0.09388930435798092,0.09034266563272972,0.003546638725251197
5528,0.08500357247285448,0.08513702874841261,-0.00013345627555813588
5529,0.09032959096295731,0.08761968660357326,0.0027099043593840494
5530,0.08759565358447284,0.08883381420602565,-0.0012381606215528113
5531,0.08761620661486133,0.08300683222339002,0.004609374391471313
5532,0.08956066225806578,0.08427157728268996,0.005289084975375821
5533,0.09438463325441201,0.09216410086553284,0.002220532388879176
5534,0.08934956222377319,0.08540969630206492,0.003939865921708266
5535,0.09456457177971453,0.09287370900529629,0.0016908627744182392
5536,0.09290562843566239,0.09248859203045315,0.0004170364052092368
5537,0.10124606409697859,0.0998274331480569,0.0014186309489216953
5538,0.07387928653065827,0.07771733468774371,-0.0038380481570854386
5539,0.09588982854213482,0.0916613302550876,0.0042284982870472165
5540,0.08566536310266268,0.08515174428385784,0.0005136188188048368
5541,0.08740793306477401,0.08653509913120215,0.0008728339335718621
5542,0.09432703851880848,0.09000931761331138,0.004317720905497105
5543,0.09991287757772359,0.10079722627048349,-0.0008843486927598981
5544,0.09488610719706186,0.09674782436791117,-0.0018617171708493058
5545,0.08607253444940259,0.08321221768918823,0.0028603167602143653
5546,0.09041390438759217,0.08795779156524648,0.002456112822345688
5547,0.096410041576915,0.09436620748104275,0.002043834095872249
5548,0.08587995820578762,0.08251319618139055,0.003366762024397063
5549,0.08771379559323068,0.08602474353008792,0.0016890520631427652
5550,0.09266734972033075,0.08748640356479763,0.00518094615553312
5551,0.08675046129577055,0.08657743695934747,0.00017302433642307768
5552,0.0808120672579831,0.08053924102672107,0.0002728262312620272
5553,0.09736516188820976,0.0947800047314042,0.0025851571568055592
5554,0.0919808591235209,0.0897716369636358,0.002209222159885102
5555,0.08322203999354713,0.08196760809955177,0.0012544318939953641
5556,0.10124967559413471,0.09953274220225147,0.001716933391883238
5557,0.09560382214416943,0.09335106702146309,0.0022527551227063403
5558,0.0848711458231152,0.07981975028868382,0.005051395534431374
5559,0.07481678463473879,0.07585172057182128,-0.0010349359370824956
5560,0.09941867356123134,0.096249311955799,0.0031693616054323387
5561,0.08969438125775095,0.08882870533708587,0.0008656759206650821
5562,0.09062882865578206,0.08850010319676015,0.0021287254590219157
5563,0.08976930860944787,0.08759625406192549,0.0021730545475223823
5564,0.09101508725808564,0.0904149348078489,0.0006001524502367434
5565,0.0883315026988459,0.08296575167998393,0.0053657510188619695
5566,0.09000903594517444,0.08948000975197463,0.0005290261931998053
5567,0.08672411865428627,0.08461393315767154,0.002110185496614722
5568,0.09881277247424941,0.09372823054476553,0.005084541929483877
5569,0.09778455210345928,0.09251205126194678,0.005272500841512498
5570,0.08591754079028059,0.08393820316409337,0.0019793376261872248
5571,0.09019752785397041,0.0902180319416318,-2.0504087661396553e-05
5572,0.09408976579255922,0.08902605738981416,0.00506370840274506
5573,0.08737866668052943,0.08716130560006309,0.00021736108046634117
5574,0.09004318635670305,0.08674417705302408,0.0032990093036789764
5575,0.08789989107372122,0.08652617803341595,0.0013737130403052716
5576,0.08594152270121665,0.08569096038602282,0.0002505623151938252
5577,0.0849718236896627,0.08822305949338405,-0.0032512358037213446
5578,0.08983196876728353,0.0852312855301273,0.004600683237156233
5579,0.08639939473641066,0.08635149737153082,4.7897364879839754e-05
5580,0.08933799388982507,0.08792035870353647,0.001417635186288596
5581,0.08975216007311314,0.08829410663208623,0.0014580534410269103
5582,0.08654203980105075,0.08202149565974266,0.004520544141308092
5583,0.09600795077670862,0.09130798098574042,0.004699969790968206
5584,0.08708079271554892,0.08730274678844097,-0.00022195407289204994
5585,0.0962355888801492,0.09004134182331197,0.006194247056837229
5586,0.08636683814370516,0.08984928706908281,-0.0034824489253776486
5587,0.07793753391264897,0.07578245465149001,0.0021550792611589598
5588,0.08404330177695515,0.08208397426544714,0.0019593275115080133
5589,0.09198734448679512,0.08659644260206073,0.0053909018847343865
5590,0.08713392474654398,0.08623829169519265,0.0008956330513513328
5591,0.09086199401383166,0.09160938352377174,-0.0007473895099400774
5592,0.08531313091954429,0.08496202380214926,0.00035110711739502753
5593,0.0921529192688059,0.0879347912909941,0.004218127977811792
5594,0.09778928392898398,0.09397229390260158,0.0038169900263824025
5595,0.08114409396794971,0.08020634052655656,0.0009377534413931438
5596,0.09084316436375091,0.08619067745040286,0.004652486913348047
5597,0.08953779002476978,0.08731611988993881,0.002221670134830961
5598,0.09550381566060302,0.08946179958655522,0.006042016074047807
5599,0.09356666145330993,0.09120129057360048,0.0023653708797094497
5600,0.08979125892065354,0.08579596460528058,0.00399529431537296
5601,0.10118441301033658,0.10077612909269691,0.000408283917639668
5602,0.09456209302278751,0.08851292399117631,0.006049169031611193
5603,0.08412967682068503,0.0838846518411809,0.00024502497950414093
5604,0.09304078276309058,0.09237944041785902,0.0006613423452315609
5605,0.08818960939255727,0.08889886130394248,-0.0007092519113852114
5606,0.09032859082648273,0.08626571211841247,0.004062878708070261
5607,0.08270368278113396,0.08347583322374387,-0.0007721504426099063
5608,0.09583486144283124,0.08919933457095784,0.006635526871873396
5609,0.10461327080731049,0.1053005985198199,-0.000687327712509414
5610,0.0951992856293899,0.09261046882981068,0.002588816799579216
5611,0.08571374933388373,0.08442976857142635,0.001283980762457379
5612,0.09123976523990421,0.09367955178836845,-0.0024397865484642456
5613,0.09447551043481389,0.09665702611948304,-0.0021815156846691497
5614,0.09413019555147042,0.0919294481536906,0.002200747397779826
5615,0.08663541640087755,0.08330476950935155,0.0033306468915259985
5616,0.08335687892114155,0.08399063997601218,-0.0006337610548706324
5617,0.08285698441421964,0.08406711241036025,-0.0012101279961406058
5618,0.07738138484460341,0.07649507016386539,0.0008863146807380207
5619,0.08481986852176408,0.0841651570482209,0.0006547114735431792
5620,0.08868018113715917,0.09017779386611202,-0.0014976127289528518
5621,0.08350679763246273,0.08762503492017504,-0.004118237287712309
5622,0.0863699018063206,0.08593611470865449,0.00043378709766611623
5623,0.09201936818291584,0.09382632965823298,-0.0018069614753171426
5624,0.0789130889260338,0.07910585999808153,-0.00019277107204773714
5625,0.08016491872657376,0.08026889854407984,-0.00010397981750608076
5626,0.09153570085197346,0.08631827404786954,0.00521742680410392
5627,0.08545375988706118,0.08486243907918942,0.0005913208078717619
5628,0.092994026879354,0.09015620226641216,0.002837824612941839
5629,0.09715069248634735,0.09190275796895163,0.005247934517395719
5630,0.08232432655546945,0.08076103772679816,0.0015632888286712943
5631,0.09815855022835226,0.09765217402465516,0.0005063762036971037
5632,0.08299347515810448,0.07954147485312868,0.0034520003049758052
5633,0.0976773354246585,0.09627846232732008,0.001398873097338424
5634,0.08148034362822734,0.08015941939844741,0.0013209242297799323
5635,0.07753742767701402,0.07647628826903231,0.0010611394079817066
5636,0.08286651320642886,0.08276466283654832,0.00010185036988054341
5637,0.10367156250218076,0.1002829771831968,0.0033885853189839638
5638,0.08332136689161426,0.08521219363456992,-0.0018908267429556536
5639,0.08893731770296902,0.08554334883196668,0.003393968871002337
5640,0.09121208149511628,0.08729077203471021,0.003921309460406072
5641,0.08409909245500893,0.0858868043131558,-0.0017877118581468704
5642,0.09188043934241567,0.08988332174848769,0.001997117593927983
5643,0.0902403377366371,0.08666563506545058,0.003574702671186522
5644,0.0853566270273927,0.08196601629694572,0.003390610730446983
5645,0.08866898186057096,0.08657853231047045,0.002090449550100501
5646,0.1012950796506247,0.09940962786140257,0.0018854517892221284
5647,0.08548698815133589,0.07988167808577017,0.005605310065565722
5648,0.09739109887681971,0.09804304867387248,-0.0006519497970527699
5649,0.09737527526699674,0.09179668340193906,0.005578591865057686
5650,0.08901269337361693,0.08708392697508321,0.0019287663985337183
5651,0.08997701802589597,0.08556055331112043,0.004416464714775539
5652,0.09657036200142485,0.09400549028140436,0.002564871720020498
5653,0.08578192633844833,0.08388812947928623,0.0018937968591621057
5654,0.08827522038712142,0.08403339172910458,0.0042418286580168385
5655,0.08555251130578408,0.0869157735724738,-0.0013632622666897298
5656,0.10732066173305405,0.10453704542681327,0.0027836163062407715
5657,0.08639392741216122,0.08325735340457162,0.0031365740075895987
5658,0.08492217134711368,0.08554598400347325,-0.0006238126563595792
5659,0.08842278505732211,0.0851096691479998,0.0033131159093223034
5660,0.09080244657278924,0.08725970443795497,0.0035427421348342703
5661,0.08657859555273874,0.0840203933387621,0.0025582022139766375
5662,0.08438643125452283,0.08428284694309986,0.00010358431142297453
5663,0.0983757264926147,0.09527761053080151,0.003098115961813183
5664,0.09219705178154744,0.08712019288317986,0.005076858898367578
5665,0.0967710226321264,0.09346418228082598,0.0033068403513004246
5666,0.07998358985290249,0.07825069508693906,0.0017328947659634303
5667,0.08077309142200648,0.07954428195422086,0.0012288094677856132
5668,0.0918336397429094,0.08699480522632401,0.004838834516585386
5669,0.08688375232250427,0.08714139895407805,-0.00025764663157377965
5670,0.09319773744908709,0.09149173590414426,0.0017060015449428256
5671,0.09464421067189788,0.09199131910306954,0.002652891568828336
5672,0.09616112654966011,0.09226693323123049,0.00389419331842962
5673,0.09821431795230887,0.09716876605502842,0.00104555189728045
5674,0.08801621726426122,0.08329043225072387,0.004725785013537348
5675,0.0838650690538811,0.08037530050283345,0.0034897685510476423
5676,0.09524533222002406,0.09102205790060054,0.0042232743194235145
5677,0.08892760276655515,0.08764376176263351,0.0012838410039216347
5678,0.08355857159034095,0.08281566085521419,0.0007429107351267644
5679,0.1018394763233545,0.09834122602358082,0.0034982502997736725
5680,0.08989569079269039,0.08832572995795902,0.0015699608347313626
5681,0.09444849069019914,0.091592228226776,0.0028562624634231454
5682,0.09223945896428964,0.08810420228803373,0.004135256676255916
5683,0.08899713462432936,0.08963696348847537,-0.0006398288641460137
5684,0.08533712311939698,0.08603507431850686,-0.0006979511991098836
5685,0.08602641448258581,0.08353729552731476,0.002489118955271055
5686,0.09380709883672217,0.09177016714209321,0.0020369316946289573
5687,0.08850405743251347,0.08740559275923174,0.0010984646732817294
5688,0.08355428817591125,0.0811067488232566,0.002447539352654654
5689,0.08933391517531951,0.08439421605589978,0.00493969911941973
5690,0.08789077160138695,0.08415422203999445,0.0037365495613924937
5691,0.09679908392284235,0.09407125089660312,0.002727833026239232
5692,0.1013293027551461,0.09694629800321707,0.004383004751929029
5693,0.08251522453820762,0.08297111889845245,-0.0004558943602448323
5694,0.08942122434198589,0.0891926423676579,0.00022858197432798488
5695,0.07624060780807955,0.07456127249418729,0.0016793353138922634
5696,0.093248908710171,0.08916017952779273,0.0040887291823782645
5697,0.08074975742156741,0.08254104719039217,-0.0017912897688247553
5698,0.08915911924718421,0.08709932628072883,0.002059792966455379
5699,0.07660036949532875,0.07955949854261042,-0.0029591290472816695
5700,0.09151653013679178,0.08640468823519792,0.005111841901593861
5701,0.10569026335866312,0.10308406241436414,0.0026062009442989753
5702,0.09325234528674849,0.09563241061583103,-0.0023800653290825396
5703,0.0878359121122265,0.08341905215663603,0.004416859955590463
5704,0.09351117365474453,0.09260949725319652,0.0009016764015480072
5705,0.09850777157809373,0.09482568744446407,0.003682084133629665
5706,0.08673748802837992,0.08269076402524173,0.0040467240031382
5707,0.09075037864495152,0.0903266130922753,0.00042376555267621685
5708,0.09000562953450471,0.08978587518295818,0.00021975435154653056
5709,0.07953583970480356,0.078651158061556,0.0008846816432475646
5710,0.0809065390996946,0.08005539727106975,0.000851141828624849
5711,0.08664814940434631,0.08632437410185109,0.0003237753024952217
5712,0.09212309235129494,0.08824855340148821,0.00387453894980673
5713,0.08114888276555196,0.08444072946780863,-0.0032918467022566705
5714,0.08631182023465131,0.08248016078573212,0.0038316594489191946
5715,0.09104065149169638,0.08873327976512346,0.0023073717265729154
5716,0.09392337561979872,0.089732967269896,0.004190408349902711
5717,0.07586993429787228,0.07005571846399483,0.005814215833877451
5718,0.0880196975723337,0.08493214588159176,0.0030875516907419437
5719,0.08068446987086952,0.07696550100044139,0.0037189688704281354
5720,0.09020451665942689,0.08742744766539533,0.002777068994031559
5721,0.09036743493428818,0.09031357175123265,5.3863183055530284e-05
5722,0.08399978764048352,0.08326781396861216,0.000731973671871361
5723,0.08875664193312728,0.08888220870193743,-0.00012556676881014806
5724,0.08308303030637589,0.08438537679227484,-0.0013023464858989559
5725,0.08134808180387403,0.0801858721584786,0.001162209645395429
5726,0.0982319115260737,0.094595452327749,0.0036364591983246985
5727,0.08960671790270446,0.08886909319264065,0.0007376247100638056
5728,0.08666993133296148,0.08342663885522518,0.0032432924777363037
5729,0.08209254256999482,0.08005816364110986,0.0020343789288849584
5730,0.09732400344182565,0.09407844770081074,0.0032455557410149133
5731,0.09654889717334869,0.09201359854116066,0.004535298632188031
5732,0.0849008345320591,0.08712483578923534,-0.002224001257176242
5733,0.09996142506057666,0.09673175607246373,0.00322966898811293
5734,0.09127450177624936,0.089376759781844,0.001897741994405358
5735,0.09088538186618328,0.09052479497010622,0.00036058689607705585
5736,0.08445050286841152,0.08141605102680731,0.0030344518416042104
5737,0.07658628122090526,0.07801024677432314,-0.0014239655534178802
5738,0.09347879415951059,0.0895247209091294,0.00395407325038119
5739,0.0837940411780291,0.0789223534142462,0.0048716877637829115
5740,0.08331793803165433,0.08216429110168492,0.0011536469299694013
5741,0.08926599152594297,0.08711145499357768,0.0021545365323652893
5742,0.08729827341136479,0.08308539788613725,0.004212875525227533
5743,0.08404699468602547,0.08304661361212247,0.0010003810739030033
5744,0.08973861460873427,0.08710472235238274,0.002633892256351522
5745,0.09548216193322324,0.09475255152812923,0.0007296104050940194
5746,0.09345596936083288,0.09196910884548382,0.0014868605153490616
5747,0.08773516572772641,0.08599698235815662,0.0017381833695697957
5748,0.08437833332791128,0.08226817865382823,0.0021101546740830562
5749,0.0732567879013637,0.07385152682794066,-0.0005947389265769654
5750,0.08264416142691917,0.0833490687267038,-0.0007049072997846323
5751,0.09163639900891633,0.09081045124975504,0.0008259477591612968
5752,0.07984706316721998,0.08049473052888065,-0.0006476673616606643
5753,0.0794639747086442,0.07975135235086381,-0.00028737764221960227
5754,0.08834933910212915,0.08771628207415244,0.0006330570279767106
5755,0.08978078728915992,0.08944140596197657,0.00033938132718334957
5756,0.08938637067684121,0.08698202756109895,0.0024043431157422662
5757,0.09166880123858082,0.08701699609162672,0.004651805146954097
5758,0.08638170954397856,0.08579117915221432,0.0005905303917642379
5759,0.09178241771547002,0.08829627340758693,0.0034861443078830906
5760,0.10320037908419188,0.10152777748118134,0.00167260160301054
5761,0.08790065825328566,0.08304534070472958,0.004855317548556087
5762,0.07773876932262434,0.07927359604210871,-0.001534826719484364
5763,0.08136458084819655,0.08052545932973174,0.000839121518464811
5764,0.09197354802348803,0.08958243570814757,0.002391112315340463
5765,0.0936783403034638,0.08893504371770539,0.004743296585758408
5766,0.09303034784123514,0.09151892910747582,0.0015114187337593177
5767,0.08710525021961005,0.08474170794838885,0.0023635422712211945
5768,0.09777355401566933,0.09337589063968406,0.004397663375985267
5769,0.088259549642063,0.08682634883761435,0.001433200804448656
5770,0.08624127488068654,0.08337414460295896,0.0028671302777275864
5771,0.08221014565196104,0.07772389608193776,0.004486249570023276
5772,0.08502367079847685,0.08272867469212285,0.0022949961063540025
5773,0.08975835352062006,0.08932872183428517,0.00042963168633489146
5774,0.09452633558961024,0.0898244864372357,0.004701849152374538
5775,0.0937077879965143,0.09207936497115891,0.0016284230253553883
5776,0.09312045869836016,0.0923898126174382,0.000730646080921965
5777,0.0910444218989253,0.08671016846777793,0.004334253431147364
5778,0.09887443198514645,0.09588484979453407,0.0029895821906123776
5779,0.08599600392762001,0.08169682821488479,0.00429917571273522
5780,0.07364804592774592,0.07535656080362906,-0.001708514875883138
5781,0.08048475436370067,0.08598668067999861,-0.0055019263162979365
5782,0.09199413718530554,0.09018335701930043,0.0018107801660051104
5783,0.0892534927193744,0.0851621309599527,0.004091361759421694
5784,0.08267997809880254,0.0842814717507934,-0.0016014936519908596
5785,0.0861216472097871,0.08472618501345186,0.0013954621963352398
5786,0.0905428776575411,0.08998318630928459,0.000559691348256508
5787,0.0917030205771633,0.09077770521343036,0.0009253153637329425
5788,0.08855299326326761,0.08808765448920082,0.00046533877406679247
5789,0.08861108739965992,0.08623790562042753,0.002373181779232389
5790,0.09398476943288306,0.09046276919714152,0.0035220002357415348
5791,0.09555924172752271,0.09333010864889789,0.002229133078624823
5792,0.08619980653698081,0.08705706027796878,-0.0008572537409879677
5793,0.08469063853675787,0.08124733293361902,0.003443305603138852
5794,0.08141912812896825,0.0801488080450678,0.0012703200839004475
5795,0.09351990709429366,0.089163406402502,0.004356500691791651
5796,0.09118219308793793,0.09054531381127051,0.0006368792766674181
5797,0.08851410859772066,0.08565970125503433,0.002854407342686327
5798,0.08271299287579183,0.07834328776988121,0.004369705105910615
5799,0.08048768511001399,0.07987470383092105,0.0006129812790929418
5800,0.08884547797729414,0.08678424961514349,0.002061228362150655
5801,0.08260623659025526,0.08191353724702768,0.0006926993432275763
5802,0.09049139438526753,0.08560069924061994,0.004890695144647586
5803,0.08244323093724742,0.08512855438753204,-0.0026853234502846185
5804,0.09813506472354924,0.09467240313032754,0.0034626615932216998
5805,0.08525434466866331,0.08385739303367498,0.0013969516349883332
5806,0.08807001411428779,0.08610807645120877,0.001961937663079019
5807,0.08878614477925693,0.09017399799313583,-0.0013878532138788952
5808,0.09639873248595116,0.09118746411360389,0.005211268372347269
5809,0.0812016200632682,0.07770702241864497,0.003494597644623232
5810,0.09475216528661069,0.09058215698996369,0.0041700082966470015
5811,0.09214245898201438,0.08917150883909215,0.0029709501429222296
5812,0.08709301281273688,0.08588322476314157,0.0012097880495953034
5813,0.07691420900186555,0.07561824740235948,0.001295961599506068
5814,0.08564116305272097,0.08269748818477515,0.0029436748679458197
5815,0.08813151893193942,0.08987898394555016,-0.0017474650136107411
5816,0.09643742050107683,0.09082793709071063,0.005609483410366198
5817,0.09071796870785441,0.08708582094078632,0.003632147767068092
5818,0.10094790775448854,0.09516247727761229,0.005785430476876255
5819,0.09411852519548702,0.09303231217546425,0.0010862130200227776
5820,0.08100101397290484,0.08123040108112091,-0.00022938710821607255
5821,0.07995783260528105,0.07650579317010195,0.003452039435179105
5822,0.08106781952574288,0.08165519877208799,-0.00058737924634511
5823,0.10468179937268322,0.10021266026603722,0.0044691391066460084
5824,0.08574233138671919,0.08553648479554884,0.00020584659117034443
5825,0.09667759296563887,0.09547032738570012,0.0012072655799387488
5826,0.09088466940297196,0.0903279766108393,0.0005566927921326625
5827,0.09541531497289533,0.09512266054750443,0.00029265442539090636
5828,0.0915058171667536,0.08583262836249561,0.005673188804257989
5829,0.08345415065233323,0.08281084861131888,0.000643302041014357
5830,0.09323215173235684,0.0872605496793358,0.005971602053021038
5831,0.09447414731222038,0.09084496710336068,0.003629180208859703
5832,0.08428129449116033,0.08147505001791719,0.0028062444732431385
5833,0.07927864985528038,0.08275343544982502,-0.0034747855945446438
5834,0.09210071188747378,0.08928570339881775,0.002815008488656026
5835,0.08538945583317864,0.08144477600855954,0.003944679824619102
5836,0.0867902944761487,0.08652015579102541,0.00027013868512328065
5837,0.08454379584133553,0.08004687257709309,0.004496923264242447
5838,0.08405863605983574,0.0818185808284328,0.002240055231402943
5839,0.09193038011511762,0.08929963357562544,0.0026307465394921764
5840,0.09344234720437622,0.09071276080613028,0.0027295863982459423
5841,0.09906249497620327,0.0965551825328127,0.002507312443390572
5842,0.0908067735792015,0.08715051733937826,0.003656256239823241
5843,0.07752945778690534,0.07778704315168761,-0.00025758536478226457
5844,0.09947160546298228,0.098305392919975,0.0011662125430072778
5845,0.09090883177935442,0.08975126657446711,0.0011575652048873147
5846,0.08840364452921239,0.0859544421940334,0.0024492023351789793
5847,0.09578591945324118,0.092753743017526,0.0030321764357151837
5848,0.09471667246535449,0.09430226589212923,0.000414406573225265
5849,0.09875940553459739,0.099123393223807,-0.0003639876892096161
5850,0.09755721432563286,0.09448022362024461,0.0030769907053882495
5851,0.09113605341363172,0.08831996518152758,0.002816088232104136
5852,0.08528028066469122,0.0821218404865474,0.0031584401781438176
5853,0.083368583787637,0.0818124844702257,0.001556099317411297
5854,0.08560839786766157,0.08503525263243562,0.000573145235225947
5855,0.08403063899537594,0.08371661811294809,0.0003140208824278512
5856,0.08841642068018886,0.08471980741516341,0.0036966132650254474
5857,0.09515233701512311,0.09056130765668881,0.0045910293584343065
5858,0.09605624918511457,0.09338306965583315,0.002673179529281422
5859,0.08099512028184686,0.0791896793503767,0.0018054409314701564
5860,0.0912781990398728,0.09232554669431511,-0.00104734765444231
5861,0.08609922930815925,0.08354767097875568,0.0025515583294035693
5862,0.0900130284832769,0.08926988620050516,0.0007431422827717388
5863,0.09617191199390521,0.09113462307319067,0.005037288920714533
5864,0.1037421787186084,0.0996283805544601,0.004113798164148294
5865,0.08556450715088466,0.083991863594188,0.0015726435566966596
5866,0.07869918651335278,0.07814513659128328,0.000554049922069505
5867,0.07862817412490748,0.07736841319631968,0.0012597609285878025
5868,0.0875962661551815,0.08799590601702295,-0.0003996398618414526
5869,0.09266251217834927,0.08920483420720858,0.003457677971140688
5870,0.08472087021504601,0.08245706748750645,0.0022638027275395656
5871,0.08233242870996227,0.0782767156247965,0.004055713085165766
5872,0.09327710957632451,0.08981394914941179,0.0034631604269127203
5873,0.09033522225080058,0.09061765076725958,-0.0002824285164590018
5874,0.0990730275009099,0.09442844735890417,0.004644580142005736
5875,0.09232227997516866,0.0890025039845065,0.0033197759906621604
5876,0.08592282688613886,0.0821151338276521,0.003807693058486758
5877,0.09782123334832307,0.09432898622880817,0.003492247119514902
5878,0.08252582912921134,0.0807504589220218,0.0017753702071895416
5879,0.085765638724243,0.08286883462849348,0.0028968040957495222
5880,0.08879681299846481,0.0894263779443753,-0.000629564945910488
5881,0.08112791203048476,0.08232341011499994,-0.0011954980845151758
5882,0.09223498860694444,0.09380943505680518,-0.0015744464498607391
5883,0.08096016146763085,0.08124218309619653,-0.00028202162856567903
5884,0.09042961343578244,0.08918156286454326,0.0012480505712391815
5885,0.09238974599753216,0.08829692634907257,0.004092819648459589
5886,0.09704771025580197,0.0988919855922154,-0.0018442753364134312
5887,0.09265648093431811,0.09060348374740305,0.0020529971869150537
5888,0.09205691675595835,0.08819190930211494,0.003865007453843411
5889,0.07906093665409479,0.0771706550777115,0.0018902815763832959
5890,0.0976033838544677,0.09392015617976782,0.0036832276746998904
5891,0.086314656010152,0.08487137961664348,0.0014432763935085108
5892,0.09429542667426907,0.09507865220886624,-0.0007832255345971706
5893,0.09179862738983564,0.09029548792962075,0.0015031394602148945
5894,0.09495763899460685,0.0889011000275934,0.006056538967013456
5895,0.08923686482743201,0.08629452223781148,0.0029423425896205335
5896,0.08068929828173498,0.08072111504364815,-3.1816761913175395e-05
5897,0.09370142547582577,0.09201723237191634,0.001684193103909437
5898,0.08311130158352409,0.07796433914436161,0.005146962439162475
5899,0.08660046731961794,0.0843997766513304,0.0022006906682875416
5900,0.08515412017925016,0.08567513345446548,-0.0005210132752153235
5901,0.08639412489084798,0.08197144765752144,0.0044226772333265385
5902,0.0957287777433094,0.09203265416012624,0.003696123583183164
5903,0.09338086201327794,0.09078752656834388,0.002593335444934064
5904,0.0833400974447112,0.08167723373067774,0.001662863714033458
5905,0.09142818559064006,0.0932677745677112,-0.0018395889770711354
5906,0.08333563511139953,0.08156665392051561,0.0017689811908839226
5907,0.0932874936019975,0.09000961227572368,0.0032778813262738238
5908,0.09780630262358109,0.09444212032883302,0.0033641822947480665
5909,0.0942776658485081,0.0920357753481486,0.0022418905003595
5910,0.08849006984598015,0.08793879431629789,0.0005512755296822602
5911,0.09185224889799039,0.09190460294775914,-5.2354049768749134e-05
5912,0.08423326326953313,0.0871382135882248,-0.0029049503186916598
5913,0.08596908334749945,0.085934708071557,3.43752759424526e-05
5914,0.0888145000765151,0.08533842011023707,0.0034760799662780367
5915,0.09007989936736369,0.08818518326856944,0.0018947160987942413
5916,0.08780061591776572,0.08438175939626397,0.0034188565215017563
5917,0.08531477620467035,0.08379015232378356,0.001524623880886783
5918,0.08497374168060405,0.08476091091121188,0.00021283076939217216
5919,0.08885793582145597,0.08746850961442439,0.0013894262070315855
5920,0.08532413654063624,0.08668344129509253,-0.0013593047544562947
5921,0.09870123971844606,0.09398657916110402,0.004714660557342043
5922,0.08597093302937912,0.08639421253955042,-0.00042327951017129273
5923,0.08230235325275158,0.08088829104531331,0.0014140622074382686
5924,0.0880378588627044,0.08667904686240535,0.0013588120002990534
5925,0.08537762808602797,0.07998136870963395,0.0053962593763940275
5926,0.08831922877003749,0.09175158870781991,-0.003432359937782417
5927,0.0847943541434011,0.08421794713693666,0.0005764070064644411
5928,0.08237248649981474,0.08141816798493172,0.0009543185148830208
5929,0.08110268830416122,0.07865028581228772,0.0024524024918734927
5930,0.08781436693858434,0.08649775544917054,0.0013166114894137965
5931,0.08998652212633211,0.08532300292260127,0.004663519203730843
5932,0.08282426766645994,0.08023400008277999,0.002590267583679945
5933,0.08526704194455857,0.08283944043304696,0.0024276015115116123
5934,0.08104722305062065,0.07522982953817219,0.005817393512448463
5935,0.09106620184877674,0.08895510215858109,0.002111099690195656
5936,0.0869793520746318,0.08589746061043987,0.0010818914641919225
5937,0.086182058468257,0.08515959333468782,0.0010224651335691698
5938,0.08097823182154858,0.07873147360382012,0.0022467582177284617
5939,0.08221620706150551,0.08200252130698525,0.00021368575452025695
5940,0.08273537793411022,0.08116389029872126,0.00157148763538896
5941,0.09171431362723284,0.08809399418568935,0.003620319441543493
5942,0.08840036569543586,0.08496867577428659,0.0034316899211492696
5943,0.08572615361308235,0.08244465772775349,0.003281495885328861
5944,0.08266325698074213,0.07654002862996676,0.006123228350775375
5945,0.07843557728752432,0.07691549420577973,0.0015200830817445887
5946,0.09240334674870819,0.09295546974368622,-0.0005521229949780326
5947,0.08372625633865556,0.08188422682894975,0.0018420295097058142
5948,0.09867551557053254,0.09899070422433609,-0.000315188653803547
5949,0.09672800710196174,0.09346488390680933,0.003263123195152401
5950,0.09573403785609604,0.09423295570434628,0.0015010821517497525
5951,0.0843516493076644,0.0827370136196649,0.0016146356879994939
5952,0.09505947098332992,0.09325164618297731,0.001807824800352617
5953,0.0861449942403509,0.08924059240322953,-0.003095598162878632
5954,0.08637584888557573,0.08621165251477232,0.0001641963708034072
5955,0.08773201799430005,0.09055036040015231,-0.002818342405852256
5956,0.09553696760907476,0.09502352977920855,0.000513437829866209
5957,0.09431900867451953,0.08723202450242605,0.007086984172093483
5958,0.08662825875533917,0.08379582846446108,0.0028324302908780824
5959,0.0833218382911561,0.08397982578400062,-0.0006579874928445278
5960,0.08878748014580093,0.08564529512467091,0.00314218502113002
5961,0.09094577368181121,0.08960988984371046,0.0013358838381007515
5962,0.08940700260971994,0.0865173446440558,0.002889657965664136
5963,0.07589574887524099,0.07602398769442231,-0.00012823881918132274
5964,0.08676441387687028,0.08718140815070981,-0.00041699427383952437
5965,0.08247773401408835,0.08217383438733311,0.0003038996267552413
5966,0.09242550904285465,0.09524892115109358,-0.002823412108238929
5967,0.0782908568294836,0.07957796197435095,-0.001287105144867351
5968,0.08602095146270518,0.08180653383992599,0.004214417622779187
5969,0.0842162725031109,0.08353919176819918,0.0006770807349117114
5970,0.08530261640147319,0.08591224122671062,-0.000609624825237437
5971,0.0793151397604476,0.0796133916064891,-0.0002982518460415001
5972,0.09463897955613702,0.09386067631171731,0.0007783032444197147
5973,0.08403514442152298,0.0817677115983871,0.0022674328231358787
5974,0.08834892565104784,0.08704879309212957,0.0013001325589182683
5975,0.09759812547195777,0.09142470348174578,0.006173421990211994
5976,0.09102089429102257,0.09146469620194522,-0.0004438019109226504
5977,0.08600167088344526,0.08199868678182418,0.004002984101621088
5978,0.09361916660743098,0.09026573359898811,0.0033534330084428743
5979,0.08882294027030703,0.08441043641345203,0.004412503856855002
5980,0.09946498209418685,0.09480688680366482,0.004658095290522024
5981,0.0836336912426788,0.08262546149292649,0.0010082297497523152
5982,0.08429192587909912,0.0822907733380916,0.0020011525410075226
5983,0.08857323763206046,0.08851348493733607,5.975269472438538e-05
5984,0.08936117756653086,0.08751056520605315,0.0018506123604777186
5985,0.09028745925569993,0.08726210628176118,0.003025352973938758
5986,0.07261857161563763,0.07392531111303446,-0.0013067394973968333
5987,0.08943965510089055,0.0905662805648245,-0.001126625463933953
5988,0.08484587905172378,0.08127746117386597,0.0035684178778578046
5989,0.09134750977637913,0.0895869926226852,0.0017605171536939357
5990,0.08740964184648256,0.08650856449674134,0.0009010773497412222
5991,0.09157670411283254,0.08967838576885491,0.001898318343977634
5992,0.09829803940852963,0.09589390614089548,0.0024041332676341537
5993,0.08711245338110368,0.08384457072387518,0.0032678826572285075
5994,0.09315502297351808,0.09232209941812793,0.0008329235553901498
5995,0.08903200257947644,0.08774294293959906,0.0012890596398773824
5996,0.09908014274112753,0.09575399108384307,0.0033261516572844624
5997,0.09773504860039385,0.09475463303837121,0.002980415562022637
5998,0.10023915577118576,0.0970788012257677,0.003160354545418062
5999,0.08744458326208572,0.08402843363976834,0.0034161496223173854
6000,0.08077744535480513,0.07972604505095812,0.001051400303847011
6001,0.08401374290010949,0.08316999370439762,0.0008437491957118681
6002,0.08144117550031671,0.08169908355876616,-0.00025790805844945475
6003,0.08618141117025106,0.0847152190928268,0.0014661920774242665
6004,0.0865408815563681,0.08555817666667274,0.00098270488969536
6005,0.09974281769658652,0.10067265148388452,-0.0009298337872979956
6006,0.08277268658890398,0.08225530394435017,0.0005173826445538099
6007,0.07133776188881183,0.06803766690487836,0.003300094983933466
6008,0.0949429743865909,0.0918231198033678,0.0031198545832231
6009,0.0875389697140277,0.08904239117694385,-0.0015034214629161408
6010,0.09279119476595107,0.09099154699859646,0.0017996477673546118
6011,0.0826690154633543,0.08107653898659443,0.0015924764767598631
6012,0.0788539441924359,0.075939984035367,0.0029139601570688928
6013,0.09176587152873407,0.08794934934003688,0.0038165221886971856
6014,0.08839626619005944,0.08772283890054243,0.0006734272895170118
6015,0.08489897078411922,0.08302772133964545,0.0018712494444737687
6016,0.08444013699261059,0.08139146278341336,0.00304867420919723
6017,0.08184529514914864,0.08337521007957747,-0.0015299149304288384
6018,0.09298272380795575,0.09023433083015323,0.002748392977802522
6019,0.08488816000777812,0.08267552121561239,0.002212638792165725
6020,0.08118543006308593,0.08039316231458528,0.0007922677485006496
6021,0.07412109083982352,0.07262407440406743,0.0014970164357560878
6022,0.08089533568997,0.07989584107001227,0.0009994946199577276
6023,0.09221559069396247,0.08979104402631449,0.002424546667647978
6024,0.09033740321993596,0.08755594928352489,0.002781453936411063
6025,0.09575459541995321,0.09338041622218803,0.0023741791977651833
6026,0.08123131859968427,0.07974650584098977,0.0014848127586944981
6027,0.0890511757485308,0.08745167557668962,0.0015995001718411839
6028,0.08458440893231142,0.0823341841429431,0.002250224789368316
6029,0.08469280794182023,0.08526684392219308,-0.0005740359803728529
6030,0.08611892326907607,0.08673690782858426,-0.0006179845595081918
6031,0.08753297164860117,0.08336115815927753,0.0041718134893236475
6032,0.0775789321475542,0.07779551084808163,-0.00021657870052743666
6033,0.09865961716173426,0.09698228240368026,0.0016773347580539971
6034,0.08501848718568947,0.08130676678778699,0.0037117203979024765
6035,0.08445236860314172,0.08650568186586402,-0.0020533132627223033
6036,0.10206987610320274,0.09726440651394998,0.004805469589252764
6037,0.08519992905689043,0.08120835428104689,0.00399157477584354
6038,0.10020653696187529,0.09821698503355651,0.001989551928318775
6039,0.09556527155064758,0.09281220369238799,0.0027530678582595863
6040,0.09122870054514387,0.08866867914725994,0.00256002139788393
6041,0.08167601579034849,0.07930239649548179,0.002373619294866694
6042,0.09013510903577027,0.08691771216802346,0.0032173968677468023
6043,0.09495770764957076,0.09119185928696427,0.0037658483626064887
6044,0.0848317785162745,0.08245007079559208,0.002381707720682427
6045,0.09406913093628236,0.09200301668494625,0.0020661142513361125
6046,0.09932665807165357,0.09768376521190777,0.0016428928597457954
6047,0.08419238982518532,0.08868216743393241,-0.004489777608747095
6048,0.0861733907296635,0.08212502050532304,0.0040483702243404585
6049,0.08713407121469952,0.08515953682574985,0.001974534388949664
6050,0.08422111708729733,0.08390188011742106,0.00031923696987627703
6051,0.09970157895629635,0.09619019987082547,0.0035113790854708754
6052,0.09229955381205933,0.088998611338258,0.0033009424738013327
6053,0.09327121918697825,0.09102011123894263,0.0022511079480356244
6054,0.08731430151145964,0.08685918679807217,0.0004551147133874667
6055,0.08384103924050838,0.07519980637045995,0.008641232870048435
6056,0.09024979697609317,0.09122838584866676,-0.0009785888725735853
6057,0.09802188909204743,0.09624630362468872,0.0017755854673587035
6058,0.08705045743901318,0.08750924187097855,-0.00045878443196537
6059,0.08615105025966024,0.08462873012151119,0.0015223201381490553
6060,0.09456330946410095,0.09096969783685797,0.0035936116272429763
6061,0.0975867080712058,0.09536812677373953,0.002218581297466271
6062,0.1010995065830006,0.09592449224345496,0.005175014339545633
6063,0.07924391779893329,0.08018435670661912,-0.000940438907685831
6064,0.08934016153249788,0.08747858765593385,0.001861573876564035
6065,0.09145714757785557,0.09213165343731247,-0.0006745058594569003
6066,0.09279264121501678,0.08870264083412668,0.004090000380890094
6067,0.07557841174847779,0.07515049382766562,0.0004279179208121764
6068,0.09797698458299442,0.09586695015998795,0.002110034423006474
6069,0.086754115058018,0.08717663942015172,-0.00042252436213371936
6070,0.08687340874423768,0.08447803524204672,0.0023953735021909617
6071,0.08821186470315384,0.08582966031674061,0.0023822043864132336
6072,0.08838056612931586,0.08550330300290973,0.0028772631264061266
6073,0.0766471605574508,0.0822955431159916,-0.005648382558540804
6074,0.10033447009959096,0.09994585670784978,0.00038861339174117715
6075,0.0886641006301272,0.08604514009771771,0.002618960532409481
6076,0.07959542261105791,0.07830931041538419,0.0012861121956737193
6077,0.09072681686428737,0.08861548350524741,0.0021113333590399574
6078,0.09044077480384542,0.08796675296193847,0.0024740218419069537
6079,0.10352362856853603,0.09622142755593069,0.007302201012605342
6080,0.0853724805948677,0.08179191899714487,0.0035805615977228256
6081,0.08817603979639342,0.08636538947745077,0.001810650318942647
6082,0.08960907666464778,0.08986892043492178,-0.00025984377027400696
6083,0.08781674050722155,0.08809166702949964,-0.00027492652227809056
6084,0.09097935877483063,0.08863526407011853,0.002344094704712099
6085,0.08680478365636074,0.08440653902216148,0.0023982446341992564
6086,0.08769528305441801,0.09038405376631987,-0.002688770711901864
6087,0.0866498783222314,0.08973210299019745,-0.003082224667966052
6088,0.0761364512961204,0.07749782989350712,-0.0013613785973867198
6089,0.09984561231639989,0.09302903248275679,0.006816579833643102
6090,0.08673646508979665,0.08456684469060768,0.0021696203991889706
6091,0.09373535621644409,0.09163455414043814,0.0021008020760059504
6092,0.07729301133215802,0.07662898315852161,0.0006640281736364079
6093,0.09167683534543125,0.08929937511402908,0.002377460231402173
6094,0.08720452736946936,0.08753727915681744,-0.00033275178734808175
6095,0.08669962191849075,0.08471824938355971,0.001981372534931039
6096,0.08957774588191073,0.08513860654509327,0.0044391393368174575
6097,0.09110319243585825,0.08896989860221909,0.002133293833639166
6098,0.08930586018561762,0.08697158628136296,0.002334273904254655
6099,0.08273914768448667,0.08400880342619124,-0.0012696557417045673
6100,0.08907886062477371,0.08804079541871675,0.0010380652060569678
6101,0.08404215211094952,0.08573527192026849,-0.0016931198093189659
6102,0.08912607361809442,0.09008225085307539,-0.0009561772349809677
6103,0.09618927394521343,0.09455321670033487,0.0016360572448785582
6104,0.09770059354693236,0.0953883152512693,0.0023122782956630644
6105,0.08034927137052028,0.0719761053909665,0.008373165979553787
6106,0.08046580937869764,0.08395939033386414,-0.0034935809551664976
6107,0.0984981643564786,0.0980194664294243,0.0004786979270542946
6108,0.08464728264421671,0.08533799030454722,-0.0006907076603305112
6109,0.09309113016066568,0.09050735904064522,0.0025837711200204644
6110,0.09385735320340502,0.08940353836567883,0.004453814837726194
6111,0.09243644063728114,0.08692645004660768,0.005509990590673461
6112,0.09497631905977172,0.08913789209643878,0.005838426963332935
6113,0.10612716831266514,0.10356429262338865,0.0025628756892764892
6114,0.09646966006174812,0.09179167166213978,0.0046779883996083405
6115,0.08150419650801517,0.08113463607099808,0.00036956043701709407
6116,0.10354929400682379,0.10010590302424062,0.003443390982583172
6117,0.08388369839288191,0.0805900001023896,0.0032936982904923084
6118,0.08953021407772314,0.0871598211844084,0.0023703928933147406
6119,0.08051341249947239,0.08111482931857539,-0.0006014168191030012
6120,0.09132127818110276,0.0910999201156805,0.00022135806542226966
6121,0.09276229839397214,0.09001007245656979,0.0027522259374023472
6122,0.08877842597800628,0.0866348897160856,0.002143536261920681
6123,0.07714867644776383,0.07486076358631938,0.0022879128614444466
6124,0.09054871107295266,0.08909411500408633,0.0014545960688663317
6125,0.08447027128212974,0.08046506282110104,0.0040052084610286975
6126,0.07843143109246821,0.07698102492405197,0.0014504061684162406
6127,0.0832970487666627,0.08775116410807639,-0.004454115341413684
6128,0.08670329573422493,0.08604738835838768,0.0006559073758372475
6129,0.07514486319412089,0.0743133698664614,0.0008314933276594855
6130,0.10004055380694568,0.09757952054595052,0.0024610332609951574
6131,0.09733668820589678,0.0906823758850784,0.006654312320818381
6132,0.08129498910592609,0.07861536117456684,0.0026796279313592436
6133,0.08245408511237971,0.0788148264846848,0.0036392586276949163
6134,0.09369101722047996,0.0888248273122195,0.00486618990826046
6135,0.09014177001734759,0.08966788695890157,0.0004738830584460202
6136,0.07482471278618945,0.07463150864819856,0.00019320413799088498
6137,0.08525733782683952,0.07975303327796697,0.005504304548872546
6138,0.10117693244996087,0.09569728068661487,0.005479651763346
6139,0.09992706838745398,0.09865744259112778,0.0012696257963261959
6140,0.0846499207487349,0.07873333697247814,0.005916583776256756
6141,0.09192749655289364,0.09077039062121439,0.0011571059316792531
6142,0.09642894278329131,0.09423175409403527,0.002197188689256044
6143,0.09649023672313878,0.09637065438376619,0.00011958233937259255
6144,0.08559875101537197,0.08489033190627128,0.0007084191091006886
6145,0.08112916852334846,0.07967696595904869,0.0014522025642997732
6146,0.0858230867759225,0.08384537983112882,0.0019777069447936835
6147,0.09372225825226442,0.08871706015800028,0.0050051980942641405
6148,0.09002002598620623,0.08902353634285946,0.000996489643346768
6149,0.08348575029761075,0.08373758317474224,-0.00025183287713148594
6150,0.0837650312813244,0.08006094490890328,0.003704086372421117
6151,0.07948480722810632,0.07622200784841221,0.0032627993796941063
6152,0.09036229604065527,0.09107296669667139,-0.0007106706560161269
6153,0.09044582984771528,0.08993320316061486,0.0005126266871004204
6154,0.08969427109829023,0.08655217914532526,0.0031420919529649705
6155,0.08547692039130651,0.08259717870399655,0.002879741687309964
6156,0.08453226477004565,0.07896538934692882,0.005566875423116832
6157,0.09668904163815525,0.09495873716905705,0.0017303044690982067
6158,0.09597758933105244,0.09210060513300285,0.0038769841980495906
6159,0.08372906093411916,0.0842914269241171,-0.00056236598999794
6160,0.08270614398783847,0.08052150591687667,0.0021846380709618085
6161,0.09265231171057418,0.08856294379637131,0.004089367914202877
6162,0.07791418977572943,0.07629475753949645,0.0016194322362329816
6163,0.08584764752310507,0.08408423795881519,0.0017634095642898862
6164,0.08865477657383172,0.08191701954664936,0.0067377570271823645
6165,0.09226143214489763,0.09080197471250995,0.0014594574323876786
6166,0.0845346394800128,0.08425916850129171,0.00027547097872109017
6167,0.09210292503254673,0.09107514123052417,0.0010277838020225638
6168,0.08583348244376167,0.0815179032526443,0.004315579191117372
6169,0.09476462687401667,0.09122108903768263,0.003543537836334043
6170,0.08393874116627685,0.08463725209738876,-0.0006985109311119092
6171,0.0853722131576394,0.08624149890609731,-0.0008692857484579042
6172,0.07522241993874684,0.07312793929817006,0.002094480640576782
6173,0.08313641252992801,0.0817445066658575,0.0013919058640705084
6174,0.08665681018157478,0.08198176716623923,0.004675043015335556
6175,0.08669480368543234,0.08716734371051503,-0.0004725400250826933
6176,0.09401832526803294,0.09208481169019059,0.0019335135778423551
6177,0.08299975856302702,0.07707122539881173,0.005928533164215294
6178,0.09517301545449032,0.09579594687871801,-0.0006229314242276879
6179,0.09077819332445478,0.08747216387783203,0.003306029446622741
6180,0.09415499455696653,0.08925636259920569,0.004898631957760843
6181,0.09037366820064867,0.0875020115064751,0.002871656694173566
6182,0.08043607339632541,0.0810722991342947,-0.000636225737969287
6183,0.09497936531651721,0.09507397756113295,-9.461224461573825e-05
6184,0.08470346464435938,0.08210019084807427,0.0026032737962851105
6185,0.08348669405825675,0.08090094867667394,0.0025857453815828074
6186,0.0927750620392047,0.09283903861561699,-6.397657641228627e-05
6187,0.1004751196387496,0.09986456500743418,0.0006105546313154159
6188,0.09540511935759921,0.09081285148192313,0.004592267875676084
6189,0.08482727961201991,0.08439021901044898,0.00043706060157093496
6190,0.0942270492142368,0.0921142392761219,0.0021128099381148985
6191,0.08578919890217303,0.08411106344040545,0.0016781354617675798
6192,0.09172689652453796,0.08666499224991805,0.005061904274619902
6193,0.09045166612289936,0.08564830732975239,0.004803358793146972
6194,0.09515425002324554,0.09127193769586706,0.0038823123273784843
6195,0.09704669962790625,0.09159442418649276,0.0054522754414134955
6196,0.08675728269934317,0.08825023128933585,-0.0014929485899926737
6197,0.10681796961532822,0.10366916993354929,0.0031487996817789327
6198,0.07731391915601346,0.07648190366759966,0.0008320154884138009
6199,0.07822595064506313,0.07972552240896907,-0.0014995717639059436
6200,0.09034358472564503,0.09158456254124572,-0.0012409778156006884
6201,0.0864327107792464,0.08332538270082356,0.003107328078422844
6202,0.08272253014033193,0.08072236827199268,0.002000161868339248
6203,0.106340896163791,0.10132170110049114,0.0050191950632998555
6204,0.08689924555418563,0.08720515474892694,-0.0003059091947413134
6205,0.08642583087863066,0.08648636545034412,-6.053457171345533e-05
6206,0.09143329110114334,0.08926572457389408,0.002167566527249268
6207,0.09030555400228131,0.08644526343055303,0.003860290571728278
6208,0.09582769510037074,0.09174091947066126,0.00408677562970948
6209,0.08520641265557384,0.08265655402292887,0.0025498586326449663
6210,0.08859301194969867,0.08375504315086241,0.004837968798836259
6211,0.08194629628445829,0.08011430160875077,0.0018319946757075212
6212,0.08497389912291765,0.0806498178313143,0.00432408129160336
6213,0.09107495696437592,0.09117408284134264,-9.912587696671304e-05
6214,0.08691809658049787,0.08398939086993588,0.002928705710561988
6215,0.08375693061836739,0.0812078372670544,0.002549093351312995
6216,0.09366240532788277,0.09288697231937146,0.0007754330085113087
6217,0.08148227283842717,0.07924835844669767,0.0022339143917294996
6218,0.09886836951448441,0.09598032258496925,0.0028880469295151645
6219,0.09474734091174733,0.09298300569539769,0.0017643352163496384
6220,0.09835169838085296,0.09615774516897536,0.0021939532118775973
6221,0.08867699821712098,0.08808550148154295,0.000591496735578026
6222,0.0861953969924922,0.08592251943999964,0.0002728775524925564
6223,0.08886799421248537,0.08782456627571986,0.001043427936765512
6224,0.09021117063803856,0.08743974741922804,0.0027714232188105203
6225,0.09448944061068676,0.08929120238992046,0.005198238220766302
6226,0.07742477147739289,0.07970695019161057,-0.002282178714217681
6227,0.08661943931691177,0.0857354530120579,0.0008839863048538676
6228,0.09071571936510903,0.08839877627903722,0.0023169430860718043
6229,0.0914709824637304,0.09052823807925393,0.0009427443844764599
6230,0.08532036174520134,0.08456884848533505,0.0007515132598662905
6231,0.09814207250546578,0.09372966739734709,0.004412405108118689
6232,0.09311577885613037,0.09066360276871255,0.0024521760874178233
6233,0.09109425138548004,0.08736096652490838,0.003733284860571659
6234,0.08626891969677278,0.08346730968511926,0.0028016100116535214
6235,0.0826602627814447,0.08019178414678345,0.0024684786346612503
6236,0.09034452187835751,0.09279993559053086,-0.0024554137121733516
6237,0.08969949441433701,0.08662389350513522,0.003075600909201795
6238,0.08492205836321574,0.08689360517240793,-0.00197154680919219
6239,0.09641462873004109,0.0936237380162068,0.0027908907138342876
6240,0.09521832255289664,0.09197101326928167,0.0032473092836149686
6241,0.0965297351205864,0.09655190040819948,-2.2165287613090667e-05
6242,0.09377401121009386,0.08994177869740587,0.003832232512687994
6243,0.08346144836653764,0.08301506438442945,0.00044638398210819497
6244,0.08436323266667403,0.07925461440486796,0.005108618261806072
6245,0.08216006665720474,0.07904307276319497,0.0031169938940097675
6246,0.09530077523199847,0.08970434115043412,0.00559643408156435
6247,0.08529416835749021,0.08368172582862803,0.0016124425288621819
6248,0.08103932039026712,0.0801136706209767,0.0009256497692904236
6249,0.08535436204715599,0.08147712117538711,0.0038772408717688833
6250,0.08313810464066945,0.07920364400294587,0.003934460637723583
6251,0.0852056415193041,0.08431924846910886,0.0008863930501952361
6252,0.09202182011328346,0.08782175036967589,0.004200069743607565
6253,0.09630105001224834,0.09471563024607767,0.0015854197661706732
6254,0.08586256024335705,0.08708587549289903,-0.001223315249541987
6255,0.08500591511267962,0.08180334877550187,0.003202566337177748
6256,0.10253311731871805,0.1025634700590873,-3.0352740369249398e-05
6257,0.08917911397518605,0.08865120591528468,0.0005279080599013691
6258,0.08254337993844604,0.08239958793132765,0.0001437920071183929
6259,0.09385368935307296,0.09059581474119091,0.003257874611882053
6260,0.08074757175527326,0.07663318644181183,0.0041143853134614355
6261,0.0884237908743296,0.08741196849577203,0.0010118223785575697
6262,0.08611337183244476,0.08261096288661826,0.003502408945826499
6263,0.08420950467098766,0.08362458894350172,0.0005849157274859379
6264,0.08809117464131835,0.08487599602835126,0.003215178612967093
6265,0.08819484571578613,0.08663333409481704,0.0015615116209690971
6266,0.08094443728473273,0.08164635403104657,-0.0007019167463138409
6267,0.08956796814615696,0.08884671130370982,0.0007212568424471433
6268,0.09101919462047346,0.08867638727932194,0.002342807341151526
6269,0.07967514421998695,0.08162832963628285,-0.0019531854162958967
6270,0.0853544852707891,0.08458215231691196,0.0007723329538771306
6271,0.08234982554130404,0.08108658755230086,0.0012632379890031853
6272,0.09183095118551249,0.09087686700662256,0.0009540841788899246
6273,0.0882720250527062,0.0882498064293688,2.221862333739999e-05
6274,0.07970415208336308,0.08081881424493333,-0.0011146621615702457
6275,0.09888748727114795,0.09555223886130385,0.003335248409844102
6276,0.08394205036887777,0.0820362429741152,0.0019058073947625653
6277,0.07948892715473174,0.07661657242022933,0.002872354734502411
6278,0.08619446575311208,0.08732454467142886,-0.0011300789183167764
6279,0.09067948428915326,0.0880474126810315,0.002632071608121761
6280,0.08503015706813846,0.08149621244313371,0.0035339446250047535
6281,0.0978238320604508,0.09450925518015568,0.003314576880295114
6282,0.08960854868330428,0.08658276345874245,0.0030257852245618305
6283,0.08085446766933052,0.08215179141886723,-0.0012973237495367135
6284,0.08199926163841295,0.07896023556315362,0.0030390260752593268
6285,0.08725978765829169,0.08443091901970508,0.0028288686385866124
6286,0.08343582583716722,0.08221263734310535,0.001223188494061861
6287,0.08486895123764959,0.08336050404369055,0.0015084471939590394
6288,0.0900478567244869,0.0843094547312137,0.00573840199327319
6289,0.08326408420950858,0.083798418813711,-0.0005343346042024216
6290,0.07977197728453835,0.07993581473098156,-0.00016383744644321574
6291,0.0892546770651319,0.08977524666933862,-0.0005205696042067109
6292,0.07798653644705167,0.08126322891561573,-0.0032766924685640603
6293,0.08323915061479274,0.07727102417550724,0.005968126439285501
6294,0.08480215769778635,0.0817523180298629,0.0030498396679234513
6295,0.09999498489177373,0.09652958554415703,0.003465399347616707
6296,0.09611338005385497,0.09442194354497287,0.0016914365088821076
6297,0.0912813562884689,0.09024524356820457,0.001036112720264326
6298,0.10239456648980741,0.10142015310207228,0.0009744133877351291
6299,0.1010014902159838,0.09923857091343799,0.0017629193025458095
6300,0.08548039835505843,0.08422176106095638,0.0012586372941020413
6301,0.08322173877011779,0.08372350085123913,-0.0005017620811213347
6302,0.08698188850459615,0.08604816930092568,0.0009337192036704689
6303,0.08795756359414673,0.08596234335592126,0.001995220238225473
6304,0.0832084584371533,0.07899023989180604,0.004218218545347263
6305,0.09215462347502011,0.09296719053570691,-0.000812567060686803
6306,0.08407901574067916,0.0845115441146324,-0.00043252837395323096
6307,0.07960709546933602,0.08292259208698566,-0.003315496617649641
6308,0.08872972565138715,0.0907915615226829,-0.0020618358712957557
6309,0.09619707851162684,0.09458929560735041,0.0016077829042764336
6310,0.08484317078551029,0.08612307830218273,-0.0012799075166724377
6311,0.08541233095279763,0.08276501846493958,0.0026473124878580445
6312,0.10242854715548644,0.10033567423571384,0.002092872919772601
6313,0.09625728206276095,0.09225175164191894,0.004005530420842007
6314,0.09341261660348354,0.09059901760909157,0.002813598994391972
6315,0.07842831835675845,0.07919671954809128,-0.0007684011913328265
6316,0.08789435173857425,0.08366657129015884,0.004227780448415416
6317,0.08374879178523807,0.0832811642404699,0.00046762754476817325
6318,0.08463947264123924,0.0817380558727766,0.0029014167684626307
6319,0.09657704329532601,0.09416548335746926,0.002411559937856758
6320,0.08905766852236285,0.08283876608085941,0.006218902441503443
6321,0.08419581617694123,0.08569527821277129,-0.0014994620358300542
6322,0.102348332583091,0.0982588331493295,0.004089499433761509
6323,0.08440393243028624,0.0806997752814305,0.003704157148855733
6324,0.0838468546689669,0.08239609708189922,0.0014507575870676692
6325,0.09693393390361069,0.09630104564479376,0.0006328882588169243
6326,0.09813947524449014,0.09551672431474177,0.0026227509297483687
6327,0.09702439336177446,0.09218408085440069,0.004840312507373767
6328,0.0842786038121269,0.0806565768548377,0.0036220269572892067
6329,0.08692743217573616,0.08422628788825344,0.0027011442874827207
6330,0.09473519048493513,0.09257446794480036,0.002160722540134774
6331,0.10169921166521571,0.10001157182003098,0.0016876398451847324
6332,0.09435897133333364,0.09335614720640154,0.001002824126932103
6333,0.08122565394287239,0.08288669420342516,-0.0016610402605527763
6334,0.09002564704724575,0.08598220621881894,0.004043440828426809
6335,0.10328061016049829,0.0992162914042642,0.0040643187562340866
6336,0.08176868597450103,0.07891642494504836,0.0028522610294526712
6337,0.07885951085300617,0.08040156248966217,-0.0015420516366559944
6338,0.08571261034721,0.0831453853079943,0.0025672250392157064
6339,0.08652549946053345,0.08613315941205764,0.0003923400484758116
6340,0.08317037768452482,0.08262988241177496,0.0005404952727498524
6341,0.07953324037363024,0.07818412040811525,0.0013491199655149971
6342,0.10068790386717627,0.09941880692124289,0.0012690969459333845
6343,0.08962801347435587,0.08831511851361938,0.0013128949607364854
6344,0.09758194260870501,0.0943727144770051,0.0032092281316999094
6345,0.09493254656466893,0.09014435850593433,0.004788188058734599
6346,0.07986356964338465,0.08092492834964042,-0.0010613587062557744
6347,0.09091894574959039,0.08756746791603283,0.003351477833557562
6348,0.10216990319106024,0.09659864548032601,0.0055712577107342315
6349,0.07849914673519968,0.07995550634661262,-0.0014563596114129385
6350,0.09791595083303734,0.09406005021152397,0.003855900621513364
6351,0.08704448814202127,0.08551195824271164,0.0015325298993096315
6352,0.07792369452512495,0.07326605403036689,0.0046576404947580585
6353,0.09398980501328501,0.09155196277155131,0.002437842241733698
6354,0.08308791745662769,0.08245394791429779,0.0006339695423299013
6355,0.08196751405229019,0.08153909363134211,0.00042842042094808075
6356,0.09172319244881558,0.08701562469873853,0.004707567750077052
6357,0.08953825812417633,0.08983549684021488,-0.0002972387160385531
6358,0.08837427139080546,0.08569971452319357,0.0026745568676118936
6359,0.08680864014277305,0.083258328447384,0.0035503116953890523
6360,0.09265696807173494,0.08832512781211324,0.004331840259621703
6361,0.09075815468147441,0.0909168524326806,-0.00015869775120619378
6362,0.08438097017359825,0.08290097187050563,0.0014799983030926167
6363,0.09041242061411026,0.08783058501356075,0.0025818356005495036
6364,0.08124935947257819,0.07770992301774496,0.0035394364548332335
6365,0.08091584190350495,0.08114663590036822,-0.00023079399686326552
6366,0.09102072643135126,0.08872815772578431,0.002292568705566947
6367,0.08736677211736932,0.08757519774641952,-0.000208425629050199
6368,0.10010450617496114,0.09489047542830602,0.005214030746655121
6369,0.09637914621602338,0.08932341343900627,0.0070557327770171124
6370,0.08923642130051782,0.0858271736046802,0.003409247695837614
6371,0.09471101406702237,0.09172242618220479,0.002988587884817581
6372,0.09104322146527637,0.0885420086676491,0.0025012127976272724
6373,0.08237793286708098,0.08030636655837382,0.002071566308707154
6374,0.08656226024954143,0.08128671522116267,0.005275545028378764
6375,0.09276707440391589,0.08962552540325511,0.0031415490006607844
6376,0.09226116727609415,0.08870263421953431,0.0035585330565598428
6377,0.10285293744079878,0.09922769649723073,0.003625240943568045
6378,0.07935107742149973,0.07399656802946632,0.005354509392033413
6379,0.09211512557001932,0.08907964115064988,0.003035484419369433
6380,0.0857936950042893,0.08332293608806479,0.0024707589162245025
6381,0.0835872669348369,0.07928512046539224,0.0043021464694446565
6382,0.09525578545662682,0.09061666523781112,0.004639120218815698
6383,0.08542895760333163,0.08405177722017068,0.001377180383160953
6384,0.07723087282541512,0.07701045136581103,0.00022042145960408932
6385,0.09010651584072658,0.08667216120867029,0.0034343546320562968
6386,0.08473608319030762,0.07896553396167383,0.005770549228633792
6387,0.08189247446025459,0.08107094268230064,0.0008215317779539516
6388,0.08990877573073174,0.08914311179700947,0.0007656639337222659
6389,0.093131090928247,0.09071407409284192,0.0024170168354050864
6390,0.09692871889108148,0.09276076722116976,0.004167951669911726
6391,0.09836134411052322,0.09974704962683355,-0.0013857055163103288
6392,0.081800389824221,0.07522316691273201,0.006577222911488989
6393,0.08691665592414123,0.08162379624228838,0.005292859681852849
6394,0.09391498608107351,0.09225694701181517,0.001658039069258349
6395,0.09451396237412527,0.09227401536672059,0.00223994700740468
6396,0.09684505813565492,0.09280618031422061,0.004038877821434306
6397,0.09731017893677771,0.09341036024499007,0.0038998186917876404
6398,0.09639350845424806,0.09426105246639609,0.002132455987851972
6399,0.08578900887451245,0.08550742635269816,0.00028158252181428867
6400,0.08922563322664598,0.08473510683577465,0.00449052639087133
6401,0.0830666906836691,0.08178631226314256,0.0012803784205265428
6402,0.09260070079228941,0.09114372286361042,0.001456977928678993
6403,0.09337750382098793,0.09389567993835761,-0.0005181761173696786
6404,0.09671754808823411,0.09808973032782806,-0.0013721822395939415
6405,0.07642339330602321,0.0759699878648653,0.0004534054411579197
6406,0.08800560342714658,0.08699379397179813,0.0010118094553484558
6407,0.07737145498129952,0.07813995679706648,-0.0007685018157669588
6408,0.08342131551944819,0.08334480598070038,7.650953874781263e-05
6409,0.08917525146167984,0.08558949713224705,0.003585754329432797
6410,0.07877132068758373,0.07803710722371796,0.0007342134638657766
6411,0.08864044012152118,0.08550933721935186,0.003131102902169322
6412,0.08415166667442323,0.08216055303905283,0.001991113635370398
6413,0.08263865033032063,0.08016695907520971,0.0024716912551109166
6414,0.08780151778415028,0.08504763621911823,0.0027538815650320486
6415,0.09142371283870372,0.08763965063940056,0.003784062199303162
6416,0.09531161102149244,0.09551810600700907,-0.00020649498551662815
6417,0.09794057396325848,0.0980265004619692,-8.592649871072555e-05
6418,0.09007589897484966,0.08654826854968496,0.003527630425164699
6419,0.08884674386571181,0.08262036673406724,0.006226377131644575
6420,0.08187945606626804,0.08170808694676644,0.00017136911950159373
6421,0.07989619811187137,0.08002100838926494,-0.00012481027739356942
6422,0.08457212532974312,0.08663863607508218,-0.002066510745339062
6423,0.08865467174370767,0.08768803042969975,0.0009666413140079211
6424,0.08117226789367629,0.07852085436873586,0.0026514135249404297
6425,0.08401788406771347,0.08221350344676621,0.0018043806209472601
6426,0.08951300105757713,0.08725789491528309,0.0022551061422940444
6427,0.08540260291417809,0.08500433329787002,0.0003982696163080668
6428,0.09058010150202322,0.09019154292163316,0.0003885585803900665
6429,0.09289281868738293,0.09234427582678362,0.0005485428605993131
6430,0.09417283461647583,0.0933232994292856,0.0008495351871902201
6431,0.0820590239745577,0.08489280016717651,-0.00283377619261882
6432,0.08557637053737327,0.08202143763343903,0.0035549329039342437
6433,0.09149265844385138,0.08851719169994929,0.0029754667439020888
6434,0.09296351484819794,0.09275246295965565,0.00021105188854228518
6435,0.07777608699049293,0.07965049723831617,-0.001874410247823241
6436,0.09557593354197158,0.0898064959619635,0.0057694375800080855
6437,0.08565352261151572,0.08655419114050877,-0.000900668528993051
6438,0.08915703113775353,0.0868460292210719,0.0023110019166816265
6439,0.09264508447232196,0.08784746071539332,0.004797623756928646
6440,0.09052181128733927,0.08823540746624337,0.002286403821095906
6441,0.08780003180392348,0.0811372885816096,0.006662743222313888
6442,0.08911386310348769,0.08926350756303636,-0.00014964445954866734
6443,0.0896229686534292,0.08618577614498756,0.0034371925084416416
6444,0.09218868523187897,0.08569766393817696,0.006491021293702007
6445,0.0968583182705842,0.09235936244643556,0.004498955824148651
6446,0.09690650806438855,0.09353368102947254,0.0033728270349160094
6447,0.0872853734045337,0.08348493586807545,0.0038004375364582427
6448,0.09625450164649149,0.09230163889910958,0.003952862747381908
6449,0.08841126087924628,0.08465187855182273,0.003759382327423552
6450,0.09059287148363306,0.08996183929725854,0.0006310321863745166
6451,0.09444063434230263,0.08843429414095566,0.006006340201346966
6452,0.08255757609413611,0.08767767129713931,-0.005120095203003203
6453,0.0900049065944275,0.0885535783112826,0.0014513282831448981
6454,0.08601163170998262,0.08708987147618438,-0.0010782397662017634
6455,0.07996718275785233,0.07923462222925028,0.0007325605286020581
6456,0.08710128759984881,0.08676347754997076,0.00033781004987805396
6457,0.0790043639121376,0.07985198094850478,-0.000847617036367182
6458,0.0975405237299175,0.0929134070159249,0.004627116713992602
6459,0.0898228986120204,0.0852354212907314,0.004587477321289002
6460,0.08508840710922232,0.08089789417902542,0.004190512930196899
6461,0.09256639076988286,0.08864987170774084,0.003916519062142021
6462,0.08713467944658579,0.08536445981450491,0.0017702196320808772
6463,0.08678583861142607,0.08249547628305567,0.004290362328370392
6464,0.08419291375667497,0.08135248103587397,0.002840432720800992
6465,0.09568403113619019,0.09634298045906599,-0.0006589493228758014
6466,0.09179763157525372,0.09084410845643659,0.0009535231188171345
6467,0.08344842607176499,0.08202092581534257,0.0014275002564224232
6468,0.1053281074089092,0.10361282546985295,0.0017152819390562485
6469,0.09633153716222351,0.095648861857557,0.0006826753046665079
6470,0.09074821744579428,0.08760431655614842,0.003143900889645862
6471,0.08725584894212325,0.08571385672712645,0.001541992214996804
6472,0.08380956877795342,0.0810235331937252,0.0027860355842282275
6473,0.08617781496575884,0.08808935726629098,-0.001911542300532143
6474,0.0940051955581796,0.08914336666196847,0.004861828896211132
6475,0.0870637113623212,0.08227630776787066,0.00478740359445054
6476,0.08579573164748373,0.08345661729187064,0.0023391143556130978
6477,0.09349443445149758,0.09087338498210076,0.0026210494693968134
6478,0.1037562862997152,0.0985795056293914,0.005176780670323802
6479,0.08602726980372659,0.08550621112460867,0.0005210586791179195
6480,0.09082827896713386,0.08755000941116566,0.0032782695559682024
6481,0.10123771420738956,0.09851497666110245,0.0027227375462871017
6482,0.09871760030614514,0.09519842918299624,0.0035191711231488954
6483,0.08516591263534495,0.08760230702069749,-0.002436394385352536
6484,0.0797071370182198,0.07759508728739445,0.0021120497308253494
6485,0.09543732040700215,0.093634718684751,0.0018026017222511487
6486,0.09154158700247404,0.08692635934392559,0.004615227658548451
6487,0.08754909712597822,0.08348408402139149,0.004065013104586734
6488,0.09048627990338867,0.09135543552725321,-0.0008691556238645398
6489,0.08749232861134452,0.08895042608515424,-0.001458097473809719
6490,0.10152341819848608,0.09898731525381818,0.002536102944667898
6491,0.10277553306906692,0.09908867881322476,0.0036868542558421563
6492,0.09719479828241434,0.09377721571887736,0.0034175825635369833
6493,0.08997034005016331,0.08519213721361894,0.004778202836544371
6494,0.09797608360515679,0.09696864520526532,0.0010074383998914666
6495,0.0827659721888363,0.0825154566627871,0.000250515526049197
6496,0.08819254327952106,0.08389030582096917,0.004302237458551891
6497,0.09389518948176005,0.09108692288000163,0.0028082666017584246
6498,0.08272846323072015,0.08094034999974657,0.0017881132309735814
6499,0.09584733795550349,0.09068242645455428,0.005164911500949207
6500,0.08015778050400837,0.07939862750788182,0.0007591529961265553
6501,0.09175057898039021,0.0914925773397174,0.00025800164067281417
6502,0.08884983876695884,0.08950076352618264,-0.0006509247592237921
6503,0.09184829000723842,0.08898639448433752,0.0028618955229008924
6504,0.08679345989307331,0.08435112486688087,0.002442335026192441
6505,0.0878784167936904,0.08616215618116672,0.0017162606125236818
6506,0.09168972813345282,0.08864464704672474,0.003045081086728074
6507,0.0826987226363903,0.08029404606003951,0.002404676576350795
6508,0.09447577605903358,0.08975585263851282,0.004719923420520758
6509,0.09563317413358716,0.08996847339621847,0.005664700737368689
6510,0.0941465235690484,0.09027398499539245,0.003872538573655951
6511,0.0860345367495859,0.08644799199684615,-0.00041345524726024707
6512,0.09239861328850889,0.08740844871072259,0.004990164577786296
6513,0.08650652652176273,0.08670909937340705,-0.0002025728516443226
6514,0.08484792983281081,0.08251465809552799,0.002333271737282816
6515,0.0857833577978471,0.08365892320458074,0.002124434593266361
6516,0.08920804983063856,0.0885017568409079,0.0007062929897306558
6517,0.0756464513571495,0.07315144426477978,0.0024950070923697165
6518,0.10347663878285822,0.10324148444927672,0.00023515433358149707
6519,0.0925283924124237,0.09014602188491247,0.002382370527511224
6520,0.0838404105807716,0.08107826054750827,0.0027621500332633275
6521,0.07844507681341262,0.07442733910929868,0.004017737704113941
6522,0.09233866309016196,0.08830872191704442,0.004029941173117543
6523,0.07918457375816054,0.07856544831093011,0.0006191254472304314
6524,0.09402068488838937,0.09133243699377985,0.002688247894609516
6525,0.08639284203534778,0.08516512657337728,0.0012277154619704939
6526,0.09207549970967087,0.0875183236301401,0.004557176079530767
6527,0.096751958133566,0.0930371887473886,0.0037147693861774023
6528,0.08774806770927297,0.08559849395670928,0.0021495737525636938
6529,0.08556658307039815,0.08257285978180834,0.0029937232885898085
6530,0.08352912904455176,0.08498628571893177,-0.0014571566743800113
6531,0.09181036525243802,0.08858679868274459,0.0032235665696934285
6532,0.09226401201585939,0.09287317459408616,-0.0006091625782267684
6533,0.08925246822210567,0.08793032296247899,0.001322145259626678
6534,0.09164932110199446,0.08835977838367337,0.0032895427183210896
6535,0.09644809893278221,0.09244052427385983,0.004007574658922375
6536,0.10472943974886427,0.10146430221275,0.0032651375361142654
6537,0.09082493440883686,0.089837786096355,0.000987148312481867
6538,0.08845663280665436,0.08617641342578569,0.00228021938086867
6539,0.0913090995813396,0.09240253275600205,-0.001093433174662442
6540,0.08437654712736822,0.08679228509608054,-0.00241573796871232
6541,0.09544909015904486,0.09362022881826101,0.0018288613407838467
6542,0.07967872281185984,0.07612890115355626,0.003549821658303573
6543,0.08213513015307725,0.07914391958311556,0.002991210569961683
6544,0.07383645371153935,0.07050588413982461,0.0033305695717147366
6545,0.0872139938473733,0.08608128567626616,0.0011327081711071385
6546,0.08341538059219514,0.08387228887160596,-0.0004569082794108198
6547,0.08249386084766219,0.08232369401678533,0.00017016683087686668
6548,0.09296845499803086,0.09144700879905077,0.001521446198980092
6549,0.08929570536125858,0.08746998599698225,0.0018257193642763347
6550,0.08901735691172463,0.08547761782832922,0.0035397390833954157
6551,0.09192952645838445,0.09006376120594448,0.001865765252439977
6552,0.08053153073705842,0.07964000079388268,0.000891529943175734
6553,0.09297827463812443,0.08824301776831148,0.004735256869812951
6554,0.08894717978436951,0.08731608916849791,0.0016310906158716054
6555,0.08739849284129589,0.0862308321653978,0.0011676606758980884
6556,0.08619996698451834,0.08714508727660766,-0.0009451202920893187
6557,0.08778393566209076,0.08535030472173805,0.0024336309403527184
6558,0.08094587820663675,0.07806066239034809,0.002885215816288658
6559,0.08290460045016598,0.08398414830804088,-0.0010795478578748963
6560,0.08684667050703616,0.08639801247666466,0.00044865803037150154
6561,0.08850113373601112,0.08560708127499747,0.002894052461013652
6562,0.09775267738633636,0.09570859060962338,0.002044086776712986
6563,0.08342530149005419,0.08322181656588579,0.00020348492416839836
6564,0.08324783204188044,0.08406103809014265,-0.0008132060482622105
6565,0.0889291014712682,0.08834001322493241,0.0005890882463357866
6566,0.10231018780963826,0.09716063922684884,0.005149548582789418
6567,0.08910312498133367,0.08310888065154595,0.005994244329787721
6568,0.09851214557787177,0.09491638295480988,0.003595762623061896
6569,0.08844492421430662,0.0857782925453272,0.002666631668979416
6570,0.08269000237496835,0.07788850895338435,0.004801493421583994
6571,0.08975814293413972,0.08977256415980875,-1.4421225669025706e-05
6572,0.08079193886370865,0.08088010358295805,-8.816471924939784e-05
6573,0.08338905244150446,0.0812748316178528,0.0021142208236516608
6574,0.08769484156218157,0.08524134889851837,0.0024534926636632093
6575,0.09325908839117758,0.09107460290462592,0.00218448548655166
6576,0.08992643328668298,0.08762910665327092,0.0022973266334120612
6577,0.09512953503797353,0.0913799214736936,0.003749613564279927
6578,0.08825616075080335,0.08497787734280535,0.0032782834079980033
6579,0.08576822063939736,0.08592969696870578,-0.00016147632930842148
6580,0.08381742570895212,0.08144209385144868,0.0023753318575034377
6581,0.09064725980567061,0.08947874001148694,0.00116851979418367
6582,0.08284212436405664,0.0791050991141455,0.0037370252499111384
6583,0.08769452442615021,0.08405350580348338,0.0036410186226668306
6584,0.09595497524668144,0.09540120616456337,0.0005537690821180719
6585,0.10332757950007808,0.09738103474489733,0.005946544755180749
6586,0.09566834472068651,0.0921920457883054,0.0034762989323811194
6587,0.09213181864093253,0.08972243354383395,0.002409385097098579
6588,0.09108512929014938,0.0889075297822625,0.0021775995078868737
6589,0.0959143106719141,0.08913533238564299,0.006778978286271109
6590,0.08700135133628593,0.08434988447034236,0.002651466865943572
6591,0.0983340040689605,0.09284430127316452,0.005489702795795984
6592,0.08902431273281484,0.0875102892988238,0.0015140234339910408
6593,0.08523555108040032,0.08742526879508859,-0.0021897177146882746
6594,0.09071625258567773,0.08508171854106289,0.005634534044614836
6595,0.09286302600634762,0.0904709137343818,0.0023921122719658128
6596,0.09684621396889494,0.09386876146838147,0.0029774525005134694
6597,0.08903556014088967,0.08522482043129279,0.0038107397095968887
6598,0.08624869892449825,0.08451469290962847,0.0017340060148697822
6599,0.08958892634694023,0.09026717398418495,-0.0006782476372447221
6600,0.09665827669636926,0.09391634419797901,0.0027419324983902482
6601,0.09500427299603457,0.09027666093051563,0.0047276120655189435
6602,0.08372411554001485,0.08184679345389585,0.0018773220861190015
6603,0.08629895051695219,0.0860932776505181,0.0002056728664340951
6604,0.0906245605886045,0.09199999239471537,-0.001375431806110869
6605,0.09874575873301411,0.09455996482163116,0.004185793911382948
6606,0.0811449376518405,0.08345272568107151,-0.0023077880292310116
6607,0.07768920346653269,0.07575296713059386,0.0019362363359388263
6608,0.09347564507441948,0.09187359110486668,0.0016020539695528052
6609,0.0895082133795533,0.08897485970597017,0.0005333536735831201
6610,0.09638887778124475,0.09398721587626616,0.0024016619049785914
6611,0.08726874462996936,0.0839163576436305,0.0033523869863388706
6612,0.09248173078750138,0.09117645109142593,0.0013052796960754537
6613,0.08805956835734324,0.08635439430122187,0.0017051740561213752
6614,0.08210083482725287,0.07899880804922386,0.00310202677802901
6615,0.08318747154948802,0.08784567325089707,-0.004658201701409043
6616,0.09274400580223609,0.09012540718769178,0.002618598614544304
6617,0.09966815102157471,0.10035367425906205,-0.0006855232374873427
6618,0.06825358394596674,0.07203897206117708,-0.003785388115210342
6619,0.09377632155839213,0.090858879056487,0.0029174425019051348
6620,0.08665922574977683,0.08721412490275077,-0.0005548991529739367
6621,0.08226092272013688,0.08282315454151648,-0.0005622318213795996
6622,0.08408870390127801,0.0807729746052056,0.003315729296072406
6623,0.09090607999349964,0.08618981635359317,0.004716263639906473
6624,0.09370245088784564,0.09337611581050803,0.0003263350773376056
6625,0.08256584355197188,0.08628403973777912,-0.0037181961858072377
6626,0.07841849717989423,0.07710954447445974,0.0013089527054344907
6627,0.09712172848791832,0.09045147625644266,0.00667025223147566
6628,0.09471908998436247,0.0908915843571266,0.0038275056272358693
6629,0.08106677819151366,0.07964090886384462,0.001425869327669041
6630,0.09433435231756727,0.09417054005536078,0.00016381226220649192
6631,0.09061454297444736,0.08629722650341616,0.004317316471031202
6632,0.09603853228805162,0.092969004084958,0.0030695282030936133
6633,0.08824379635414506,0.08623537408419424,0.0020084222699508214
6634,0.09835898947646642,0.09277547926471146,0.005583510211754961
6635,0.09194005553495367,0.09037053266440452,0.0015695228705491504
6636,0.08283198272625042,0.0842093951448312,-0.0013774124185807757
6637,0.08178696082757671,0.08338354770783805,-0.001596586880261347
6638,0.08391618768129083,0.07976410682811426,0.0041520808531765735
6639,0.09685076718955744,0.0925651234164636,0.004285643773093845
6640,0.09536945345421435,0.0956159414823787,-0.0002464880281643489
6641,0.09102520217306806,0.09048452692982135,0.0005406752432467049
6642,0.08710150648362211,0.08460929896687051,0.002492207516751596
6643,0.08716722717097466,0.08588433470122507,0.0012828924697495941
6644,0.09265046481852682,0.09224733100044336,0.00040313381808346205
6645,0.08617942694101215,0.08539528122863753,0.0007841457123746176
6646,0.0903137251329438,0.0888996970124638,0.0014140281204800126
6647,0.07827709042456935,0.07867810763734949,-0.00040101721278014424
6648,0.09236185140755453,0.0896819218077486,0.0026799295998059247
6649,0.09115629359013983,0.08825328173054747,0.0029030118595923526
6650,0.08729906296720895,0.08944718865040863,-0.002148125683199678
6651,0.08718386595550894,0.08303214482316493,0.004151721132344008
6652,0.08992578749774628,0.0873744588849489,0.0025513286127973878
6653,0.09818929140575236,0.09620367642135809,0.001985614984394271
6654,0.08866389220458985,0.09031350671841146,-0.001649614513821604
6655,0.09501214187226471,0.09603308536250922,-0.001020943490244508
6656,0.09135385516281647,0.0873612718116528,0.003992583351163662
6657,0.08442163855024354,0.08679109174222978,-0.00236945319198624
6658,0.08724209194200547,0.0830637015754043,0.00417839036660117
6659,0.0904308946141266,0.0849537445288589,0.005477150085267696
6660,0.09137388995732278,0.0869873643315891,0.0043865256257336754
6661,0.08438047373301671,0.08848963935538855,-0.004109165622371833
6662,0.08962784344573303,0.08465403018464561,0.004973813261087423
6663,0.08939952317447465,0.08727581964836219,0.0021237035261124637
6664,0.0875053564851774,0.08213341429499252,0.005371942190184886
6665,0.08810899314427904,0.08696045370157297,0.0011485394427060702
6666,0.08264731604134855,0.07956986771329355,0.0030774483280549964
6667,0.09283938625683956,0.08883602873481618,0.004003357522023382
6668,0.09272777591354564,0.09268050986952459,4.726604402105483e-05
6669,0.09102253030712074,0.08918129244647285,0.0018412378606478819
6670,0.08243600474067367,0.0826357644379825,-0.00019975969730882948
6671,0.0764584486175623,0.07857846634707984,-0.0021200177295175315
6672,0.08685133872440828,0.08527218041201212,0.0015791583123961617
6673,0.09226924440484922,0.08977933211203423,0.0024899122928149914
6674,0.09449787733748517,0.08886238298278037,0.005635494354704798
6675,0.08268149794244954,0.08252191235786825,0.0001595855845812899
6676,0.07420661952790727,0.07289713756594143,0.0013094819619658415
6677,0.09607586435421184,0.09408953692593384,0.0019863274282779925
6678,0.09510662059878355,0.09074432211379152,0.004362298484992033
6679,0.07728594023048316,0.07427828477489218,0.0030076554555909796
6680,0.08917962407446318,0.08858799273702611,0.0005916313374370735
6681,0.08940984318305695,0.08485740797423634,0.004552435208820607
6682,0.08605889155779721,0.08364127352230856,0.00241761803548865
6683,0.09356668615440007,0.0906181668352479,0.0029485193191521736
6684,0.08528017848338625,0.08609278480291693,-0.0008126063195306871
6685,0.08409666164668483,0.08196236504226012,0.0021342966044247125
6686,0.08303240714999953,0.08084203542718373,0.0021903717228158037
6687,0.09374404191118463,0.09295837442771339,0.000785667483471239
6688,0.09143300506243066,0.08702015830365477,0.004412846758775887
6689,0.08200796088199573,0.07915615339150028,0.0028518074904954477
6690,0.07519841214051044,0.07615793094819648,-0.0009595188076860356
6691,0.09762254787942118,0.09601947218776524,0.0016030756916559363
6692,0.09465635835388406,0.09471742705759671,-6.106870371265505e-05
6693,0.09459592560685677,0.0923580324477578,0.002237893159098975
6694,0.08467328225955177,0.08095738546305681,0.0037158967964949635
6695,0.08659757375885767,0.0843153298825489,0.002282243876308765
6696,0.09298719963348477,0.08878415762875416,0.004203042004730609
6697,0.07917177960750808,0.07682679405970172,0.0023449855478063636
6698,0.07015145848518047,0.07042280890758046,-0.0002713504223999935
6699,0.09139621110213969,0.09082345384466933,0.0005727572574703577
6700,0.08110787540972744,0.07951272640555286,0.0015951490041745814
6701,0.08249684860556929,0.0811735320990777,0.0013233165064915897
6702,0.0955684515420742,0.09069046282375749,0.0048779887183167114
6703,0.0880528911943544,0.08865099924763029,-0.0005981080532758837
6704,0.09475403847708046,0.09065223830761125,0.004101800169469205
6705,0.10393745770021023,0.10060068881903454,0.003336768881175692
6706,0.07537398697595081,0.07574501464529576,-0.00037102766934495046
6707,0.08717519804477511,0.08457652754819994,0.0025986704965751672
6708,0.08996333333178638,0.08400493052260359,0.005958402809182792
6709,0.07911350799690106,0.08043884507380257,-0.0013253370769015088
6710,0.08961761870327455,0.08714888374010307,0.0024687349631714733
6711,0.08619602257483946,0.07964219277277144,0.00655382980206802
6712,0.08712973589464096,0.08705411764347176,7.561825116919607e-05
6713,0.08909193133250685,0.08495271619712186,0.0041392151353849965
6714,0.08370811819531233,0.08219650162956943,0.0015116165657429043
6715,0.08892467061191056,0.092059213389535,-0.003134542777624441
6716,0.08749577065694907,0.08408338145487361,0.0034123892020754554
6717,0.08923470227492566,0.08417774107057845,0.005056961204347218
6718,0.09037316602351561,0.08865221127142132,0.0017209547520942864
6719,0.07129659329286465,0.07052140609976451,0.0007751871931001436
6720,0.08635911803456132,0.08237103604212749,0.003988081992433834
6721,0.0968246022327113,0.0949480447900682,0.0018765574426431036
6722,0.09240787652412863,0.08805008954911192,0.004357786975016709
6723,0.08916740328571995,0.08162244943150676,0.007544953854213193
6724,0.0866753163373034,0.08663105792928219,4.425840802120551e-05
6725,0.08995288563846207,0.08732110652624947,0.002631779112212601
6726,0.08786904534501103,0.08343786270092973,0.004431182644081294
6727,0.08712793815228269,0.08592363381754949,0.0012043043347332028
6728,0.0903738040995569,0.08833528798867671,0.002038516110880198
6729,0.09481692888366075,0.09269604081213936,0.0021208880715213874
6730,0.08720666417320656,0.08423138390043092,0.002975280272775646
6731,0.09514004794230059,0.0936978362360208,0.0014422117062797835
6732,0.09863965786740204,0.0947517360299639,0.003887921837438149
6733,0.0798304576073962,0.07962784079238597,0.00020261681501022866
6734,0.09486962220487115,0.09164096230295674,0.003228659901914413
6735,0.08951946710880872,0.088923970065455,0.0005954970433537238
6736,0.09047245550941142,0.08825025365569565,0.0022222018537157717
6737,0.08942977149069942,0.08609362435498197,0.003336147135717449
6738,0.09057424602431363,0.0869639596748428,0.0036102863494708315
6739,0.09246742954679922,0.0895006799683451,0.0029667495784541226
6740,0.09038664739658088,0.08847621836912734,0.0019104290274535446
6741,0.09748199760486398,0.09598521056433555,0.0014967870405284273
6742,0.0786368949393766,0.0805389273072386,-0.0019020323678620027
6743,0.08475038917034264,0.08142016125562167,0.0033302279147209707
6744,0.09216101020451459,0.08918444503444199,0.0029765651700725954
6745,0.09336210322609655,0.0906797425960627,0.0026823606300338393
6746,0.08678769959076316,0.08560493155687329,0.0011827680338898638
6747,0.09031662570693348,0.08771241747019515,0.002604208236738334
6748,0.08123108344158891,0.07792848907515558,0.003302594366433334
6749,0.08977213227039657,0.08568244107540672,0.00408969119498985
6750,0.08632400561428626,0.08159540614263149,0.004728599471654771
6751,0.09775284594619835,0.09184141656842602,0.005911429377772323
6752,0.08899303194957232,0.08396715148168671,0.005025880467885616
6753,0.09513079538170446,0.09441400103574582,0.0007167943459586434
6754,0.08431020092477655,0.08089977629207024,0.003410424632706313
6755,0.09476055771586936,0.08950462845392843,0.005255929261940934
6756,0.08909414560348745,0.08761138910257396,0.001482756500913493
6757,0.08882061897525838,0.08571900942279902,0.003101609552459361
6758,0.08789028884315643,0.08305576977783075,0.004834519065325685
6759,0.09080462555325672,0.08834467523796732,0.0024599503152893942
6760,0.08372876880027122,0.08047779262036152,0.003250976179909701
6761,0.10069201153259287,0.09663719108002652,0.004054820452566346
6762,0.08048320223418279,0.07883977798583137,0.0016434242483514133
6763,0.08582886897729325,0.08319598794620445,0.0026328810310888018
6764,0.09229688983296964,0.0948783037770745,-0.0025814139441048545
6765,0.08076048905008448,0.0798193254439605,0.0009411636061239792
6766,0.09182765192114016,0.09011701128337486,0.0017106406377652983
6767,0.0879929588206393,0.08682800553725595,0.0011649532833833548
6768,0.08387670814179636,0.08286711613365566,0.0010095920081407
6769,0.08067935039502039,0.07947677522159635,0.0012025751734240364
6770,0.08467225015699982,0.0848215312615141,-0.00014928110451427334
6771,0.09716631308602626,0.09271452682278387,0.0044517862632423855
6772,0.08992795348222983,0.08518315369925776,0.00474479978297207
6773,0.08620129138903652,0.08363592646708562,0.002565364921950905
6774,0.08961601440444734,0.0886759934107507,0.0009400209936966386
6775,0.09406995150252022,0.08997276471964029,0.00409718678287993
6776,0.08148586765590536,0.07752301141703404,0.003962856238871326
6777,0.08846780051534313,0.08852865328119032,-6.085276584719135e-05
6778,0.09418426670026554,0.08770379210203322,0.006480474598232325
6779,0.09179504030372398,0.0900113803484418,0.0017836599552821797
6780,0.08845269010855399,0.08644313932608229,0.0020095507824716974
6781,0.08887286909472897,0.09096997553522147,-0.002097106440492505
6782,0.09595237943884863,0.09215885714447813,0.003793522294370494
6783,0.08409648707286033,0.08278141203635667,0.00131507503650366
6784,0.08793102553379976,0.0847477255442662,0.0031832999895335667
6785,0.08555093483844978,0.08800413444864723,-0.0024531996101974513
6786,0.08095413960086127,0.0797063170191305,0.0012478225817307703
6787,0.0897984442881916,0.09009543291195482,-0.00029698862376321966
6788,0.09569147885465941,0.09353197329751951,0.0021595055571398958
6789,0.0883701084740663,0.08500493465115831,0.003365173822907991
6790,0.09353946567933978,0.08925501970499565,0.004284445974344131
6791,0.09069599195371561,0.08710273105782473,0.0035932608958908763
6792,0.09347497132912493,0.09064495903908465,0.0028300122900402763
6793,0.08843781189807495,0.08475514739349427,0.003682664504580685
6794,0.09018967199397265,0.08484272287412226,0.005346949119850397
6795,0.09012926876154433,0.08888320320291,0.0012460655586343239
6796,0.0892979239696326,0.08769718033773453,0.0016007436318980633
6797,0.08530226827855228,0.08503080774850835,0.00027146053004392656
6798,0.08297848960331827,0.07834067697597888,0.004637812627339394
6799,0.09069931861784138,0.08756597328094043,0.0031333453369009473
6800,0.07812624452317124,0.07894596730401075,-0.000819722780839513
6801,0.08234341683395825,0.08122447958801297,0.0011189372459452784
6802,0.09608651190525949,0.09437336712958956,0.0017131447756699308
6803,0.08636524883175825,0.08291280471258029,0.003452444119177958
6804,0.08794391886328552,0.08688674264304586,0.0010571762202396667
6805,0.09000875458525269,0.08782792462459237,0.0021808299606603243
6806,0.10176275531541708,0.09670044813662076,0.005062307178796313
6807,0.09850553737142081,0.0960263368913227,0.002479200480098115
6808,0.0789652107273224,0.07791490042925998,0.0010503102980624207
6809,0.09212409862413286,0.09065245535562529,0.001471643268507572
6810,0.09737081782314637,0.09545985061776081,0.0019109672053855553
6811,0.07776516429906766,0.07611283452081585,0.0016523297782518043
6812,0.07843654248743341,0.07715717688941162,0.0012793655980217894
6813,0.09225029063382739,0.09028576803598824,0.0019645225978391495
6814,0.09305585448016383,0.08819819509339889,0.00485765938676494
6815,0.09631502935563727,0.09199608067806686,0.004318948677570406
6816,0.08614949862389852,0.08449188047779166,0.0016576181461068623
6817,0.09135706045186673,0.09179805539161226,-0.0004409949397455315
6818,0.08570825164547952,0.08138259369568292,0.004325657949796599
6819,0.10147865738968267,0.09678457173844675,0.004694085651235927
6820,0.08518123954204423,0.08899902001654672,-0.0038177804745024857
6821,0.07308255313564811,0.07417066546322447,-0.0010881123275763571
6822,0.0911095317522324,0.08436958379674919,0.006739947955483203
6823,0.08598927735534367,0.08454029863309187,0.0014489787222518036
6824,0.0909690724787804,0.08730462276829173,0.003664449710488668
6825,0.08851497069473659,0.08626598238267529,0.002248988312061301
6826,0.09593546650046277,0.09415362852733673,0.0017818379731260325
6827,0.08282224299362818,0.08069573576218997,0.0021265072314382155
6828,0.10320889325015824,0.10093423922225124,0.002274654027906997
6829,0.09610491895882116,0.08905488139074384,0.007050037568077316
6830,0.09853976877407371,0.09844772955249559,9.203922157811906e-05
6831,0.09301787537970611,0.0894031093744447,0.003614766005261408
6832,0.07984376017995132,0.08637669844137527,-0.006532938261423954
6833,0.08249469139504316,0.0788074382140288,0.0036872531810143577
6834,0.08407325490742142,0.08335823635658204,0.0007150185508393719
6835,0.08791922430941349,0.08561352791066525,0.0023056963987482387
6836,0.09404773969415067,0.09238195591348893,0.0016657837806617476
6837,0.09386296625503183,0.09039235001827836,0.0034706162367534737
6838,0.08940563201039152,0.08811482125553832,0.0012908107548531972
6839,0.09340048057551219,0.09030198089166616,0.003098499683846026
6840,0.08794663173933455,0.08560272061420367,0.002343911125130882
6841,0.0909338502967323,0.08717853691695737,0.00375531337977493
6842,0.0971308554353612,0.09548457451677626,0.0016462809185849303
6843,0.08772541227081658,0.08759293523026078,0.00013247704055580067
6844,0.1010511015519658,0.09859349346809662,0.0024576080838691755
6845,0.09078816342421528,0.08849117854281262,0.002296984881402661
6846,0.08761165441975836,0.08795061379741081,-0.00033895937765245077
6847,0.08568852391790763,0.0827953365149446,0.0028931874029630295
6848,0.09551161114149603,0.09355503423027826,0.0019565769112177694
6849,0.08619261045999499,0.08118774383070924,0.005004866629285745
6850,0.08317982167017735,0.08154997033045312,0.0016298513397242226
6851,0.09092673773642011,0.08692612617778862,0.004000611558631489
6852,0.08295869853091976,0.08949482375909273,-0.00653612522817297
6853,0.08495280862466756,0.08254866450893682,0.0024041441157307414
6854,0.09021160000643866,0.08662509084292004,0.003586509163518617
6855,0.08087277930551687,0.08048874845965451,0.0003840308458623598
6856,0.08672476331441481,0.08217200498494678,0.004552758329468026
6857,0.09542987735673561,0.09321088511443625,0.002218992242299364
6858,0.08570187160618868,0.08364975990749016,0.002052111698698525
6859,0.09187927173727145,0.0872605884833385,0.004618683253932956
6860,0.08416067895138939,0.08381094249502669,0.0003497364563627009
6861,0.09086998184177225,0.08655406295166407,0.0043159188901081835
6862,0.08317487715081447,0.07990067000172345,0.0032742071490910185
6863,0.09586762590722148,0.09000429330076136,0.005863332606460117
6864,0.0902782266228008,0.08938924956273595,0.000888977060064855
6865,0.10261529933966332,0.1002807907730606,0.002334508566602722
6866,0.09256706336859208,0.08869845314617551,0.003868610222416566
6867,0.09553936154992013,0.09593763159639855,-0.00039827004647842446
6868,0.08972208899317258,0.08894576882265283,0.0007763201705197481
6869,0.09283133957054127,0.09474162587461928,-0.00191028630407801
6870,0.09233307777535966,0.08718327395736988,0.0051498038179897815
6871,0.07797846991217305,0.07709901866466778,0.0008794512475052696
6872,0.08340308328608659,0.07860225051199371,0.004800832774092878
6873,0.10162326358070946,0.09808823073849379,0.0035350328422156657
6874,0.08819897842931304,0.09120986410517833,-0.003010885675865285
6875,0.09663781477163964,0.09691905586830486,-0.000281241096665219
6876,0.10162614306386741,0.09775547953114416,0.003870663532723251
6877,0.0839951604254229,0.08521271301024606,-0.0012175525848231589
6878,0.07973997427826636,0.07919103743743217,0.0005489368408341938
6879,0.09295578119138674,0.09040268140560344,0.0025530997857833027
6880,0.08884703965948236,0.09038721125539878,-0.0015401715959164203
6881,0.09172668427900568,0.09281620849919914,-0.0010895242201934552
6882,0.08153684400964335,0.08107641825854563,0.0004604257510977261
6883,0.09448872717196054,0.09158268092971902,0.002906046242241514
6884,0.09499287522054517,0.09167137281292358,0.003321502407621593
6885,0.07999752463908748,0.07903896043801766,0.0009585642010698225
6886,0.08767605006341331,0.08856338861005413,-0.0008873385466408173
6887,0.08659853302747376,0.08346901448753904,0.0031295185399347197
6888,0.09233500502204404,0.0903787994636007,0.0019562055584433496
6889,0.07674001210375729,0.07481023206557441,0.0019297800381828795
6890,0.10025113092759774,0.09699011745324586,0.0032610134743518843
6891,0.08707927254254677,0.084358229025898,0.0027210435166487718
6892,0.07900412688055673,0.07794182386029899,0.0010623030202577405
6893,0.08608775581204803,0.08100778104956143,0.005079974762486603
6894,0.09102183952225087,0.09150106449710227,-0.00047922497485139437
6895,0.08761065427941692,0.08911416626823951,-0.0015035119888225923
6896,0.07529313880983614,0.07552805144063793,-0.0002349126308017896
6897,0.08927223644595667,0.0906419340063265,-0.001369697560369837
6898,0.08995959313278941,0.08837121804214063,0.0015883750906487831
6899,0.07183009863853324,0.07247381009306518,-0.000643711454531945
6900,0.08014227184261787,0.08093844117561343,-0.000796169332995561
6901,0.08462320297094622,0.08141447303354915,0.00320872993739707
6902,0.08157671641655422,0.07974648455786011,0.0018302318586941035
6903,0.09735584522431359,0.09760942587607097,-0.00025358065175737354
6904,0.08596530037994057,0.08236775395642172,0.003597546423518852
6905,0.09668689938521424,0.09207447758255027,0.0046124218026639685
6906,0.09840271493555158,0.10091597783253294,-0.0025132628969813525
6907,0.093570802006533,0.08858130578599901,0.00498949622053399
6908,0.08763537128357446,0.08874025652069903,-0.0011048852371245699
6909,0.10086437823712067,0.09794422419189683,0.0029201540452238467
6910,0.08722689189059506,0.08409472975592973,0.0031321621346653283
6911,0.09290853706320171,0.08899226116265067,0.003916275900551033
6912,0.08859786884494554,0.08842512265655647,0.00017274618838906963
6913,0.07555633156000804,0.07234438432852494,0.0032119472314831032
6914,0.0907650157414609,0.09003416035341363,0.0007308553880472635
6915,0.08828196647098165,0.08693686497707889,0.0013451014939027534
6916,0.08611509748475134,0.0855413002377235,0.0005737972470278435
6917,0.08786563680691574,0.083958672583543,0.003906964223372736
6918,0.09861603535161097,0.09472474716295015,0.003891288188660816
6919,0.09206545792070826,0.09283200256702384,-0.0007665446463155784
6920,0.08449359541070196,0.08429406413445595,0.00019953127624601497
6921,0.09314689047525762,0.08968996475625228,0.003456925719005341
6922,0.0916138637687162,0.08680251420921337,0.004811349559502839
6923,0.07521832371932784,0.07801283640256008,-0.0027945126832322476
6924,0.08823467050376255,0.08591571918551659,0.002318951318245957
6925,0.08379006085630954,0.0842156081754316,-0.00042554731912206045
6926,0.08443351724669353,0.08231979544046793,0.002113721806225599
6927,0.09553910226737794,0.0934626010255917,0.0020765012417862383
6928,0.07568234505574728,0.07661967150086962,-0.000937326445122344
6929,0.08384003011797471,0.08207634427278297,0.001763685845191737
6930,0.0879661423276882,0.08706720033302821,0.0008989419946599797
6931,0.08242362546352204,0.07988959011351751,0.0025340353500045293
6932,0.09867144120376771,0.09395014630818067,0.004721294895587036
6933,0.08661104194257584,0.08627308933989011,0.00033795260268572325
6934,0.0847726442566269,0.08092772577868955,0.003844918477937345
6935,0.09081137931012735,0.08723536863516268,0.003576010674964672
6936,0.09349105649007186,0.09074470516041322,0.0027463513296586417
6937,0.09908764167553819,0.09559454133693464,0.003493100338603547
6938,0.08184731227954112,0.08076280914845863,0.0010845031310824926
6939,0.09850370121050497,0.09667411143685443,0.001829589773650539
6940,0.0914853410519704,0.08957521884582867,0.001910122206141729
6941,0.09712658554911908,0.08984791050934372,0.007278675039775362
6942,0.0770366673588858,0.07668718624247246,0.000349481116413336
6943,0.0968825530381333,0.09218030480878661,0.004702248229346687
6944,0.09565334148972063,0.09259352158565387,0.0030598199040667573
6945,0.09143501566675515,0.0898408209128023,0.0015941947539528517
6946,0.08917717916381394,0.08832616966710666,0.0008510094967072862
6947,0.09851941351359937,0.09779385693506862,0.0007255565785307533
6948,0.07937436466305536,0.07787455156374645,0.001499813099308911
6949,0.08813936269074789,0.0884043475670304,-0.00026498487628251466
6950,0.09119005818690454,0.08957782228188765,0.0016122359050168844
6951,0.08818079862391424,0.08518995575835446,0.002990842865559784
6952,0.10036996311415225,0.09807661181942545,0.0022933512947267976
6953,0.09793014634564601,0.09599092513758417,0.0019392212080618365
6954,0.08857220973790103,0.0885797616183121,-7.5518804110719095e-06
6955,0.0804316644572846,0.07820606756419388,0.0022255968930907227
6956,0.08713173624431557,0.08574678539591926,0.0013849508483963074
6957,0.08248936283676106,0.08176897534555172,0.00072038749120934
6958,0.08197822051881895,0.08041417108561505,0.0015640494332039012
6959,0.08399915343396722,0.08578686448302691,-0.0017877110490596981
6960,0.08609227208469175,0.08538077664197698,0.000711495442714774
6961,0.09840142251668219,0.09570250202432969,0.0026989204923524995
6962,0.09014052888325542,0.09068009427102675,-0.0005395653877713208
6963,0.08722059151221118,0.08711859337631665,0.00010199813589452378
6964,0.08447809356402634,0.08264792345571331,0.0018301701083130312
6965,0.09594450663769193,0.09496691387870054,0.000977592758991383
6966,0.08348294162610671,0.08286241748168716,0.0006205241444195569
6967,0.08423543035550232,0.0817801905853547,0.002455239770147624
6968,0.09717331199069484,0.09576069567989395,0.0014126163108008905
6969,0.0977550914066436,0.09552505245003955,0.0022300389566040496
6970,0.08869791571870053,0.08724331160902533,0.0014546041096751977
6971,0.08873404960579223,0.08559774366718757,0.0031363059386046582
6972,0.0904927053517078,0.09008501008870574,0.0004076952630020503
6973,0.1025416187495048,0.10119045371541814,0.0013511650340866654
6974,0.07761487483538586,0.0763216469274007,0.0012932279079851533
6975,0.0811979246867217,0.08387774977992335,-0.0026798250932016515
6976,0.09012763315158198,0.0868623660861464,0.003265267065435576
6977,0.07995464815605821,0.07794078271285516,0.0020138654432030473
6978,0.08891665859671419,0.0874166721380304,0.001499986458683794
6979,0.09955651663184947,0.09704525607599145,0.0025112605558580275
6980,0.08225640688875567,0.08083226156386655,0.0014241453248891173
6981,0.09249389452358216,0.09098864607742074,0.001505248446161414
6982,0.08062334484206779,0.07898724482989544,0.001636100012172348
6983,0.09645953429665861,0.0934355102269861,0.003024024069672518
6984,0.08592092472391599,0.08723246066113179,-0.0013115359372157936
6985,0.0819040923913154,0.08315010183887192,-0.0012460094475565259
6986,0.09313023814559727,0.09182930636272423,0.0013009317828730493
6987,0.09066502004096874,0.08652493500948547,0.004140085031483276
6988,0.0839268496071826,0.08409076760343245,-0.00016391799624985992
6989,0.08905403308199254,0.08804823492796261,0.00100579815402993
6990,0.09089811320284177,0.09072258240028108,0.00017553080256069165
6991,0.08016607090500343,0.07771485037020626,0.002451220534797169
6992,0.08326635528802981,0.07879530077957128,0.004471054508458527
6993,0.08860829988368894,0.08456298507236416,0.0040453148113247794
6994,0.07779801588894905,0.0763121989329888,0.0014858169559602563
6995,0.08110930015235031,0.0780343995003649,0.0030749006519854016
6996,0.09864643460804082,0.09533178879341167,0.003314645814629147
6997,0.08095745207718202,0.07739626374136595,0.003561188335816076
6998,0.08905651314106633,0.0926820302088242,-0.0036255170677578774
6999,0.08451413863413754,0.08215356395801146,0.002360574676126076
7000,0.09343975503321984,0.09263685656290901,0.0008028984703108283
7001,0.08735780320960371,0.0846758874266475,0.002681915782956207
7002,0.09938691266731009,0.09889629383731072,0.000490618829999373
7003,0.09349190061744397,0.0901656037844372,0.003326296833006767
7004,0.08463840112860921,0.08284199625076542,0.0017964048778437852
7005,0.08736941903006856,0.08811906546848283,-0.0007496464384142698
7006,0.0865581065454623,0.08435950941443472,0.0021985971310275743
7007,0.0828411883362998,0.08158957244147098,0.0012516158948288197
7008,0.08075517562671584,0.08356124909635294,-0.0028060734696370992
7009,0.09424239627282605,0.09201752275426671,0.0022248735185593366
7010,0.0971415437097743,0.09134983899345422,0.005791704716320081
7011,0.09687886313048838,0.09399825252557062,0.0028806106049177604
7012,0.09568693989817993,0.0917823184480461,0.00390462145013383
7013,0.09654406905771823,0.09657027628625804,-2.620722853981239e-05
7014,0.09548335079078644,0.09129014760855038,0.004193203182236066
7015,0.08694783082126886,0.08625286840858096,0.000694962412687905
7016,0.0890765923013113,0.08847901355446958,0.0005975787468417287
7017,0.08903316253481532,0.0845210791457595,0.004512083389055815
7018,0.08458067719541768,0.08698341858354867,-0.0024027413881309995
7019,0.08487075425673231,0.0818876616123782,0.0029830926443541045
7020,0.08694104886841753,0.08616372845742426,0.0007773204109932652
7021,0.08815288657584086,0.08708109468268627,0.0010717918931545944
7022,0.09451468870176745,0.08936564728546569,0.005149041416301764
7023,0.09161419175251405,0.08783778171750366,0.0037764100350103913
7024,0.1045883736326234,0.10347883714347691,0.0011095364891464815
7025,0.08472602054867741,0.08474969383001353,-2.3673281336122898e-05
7026,0.0971656035124977,0.09505702284713097,0.0021085806653667327
7027,0.08542664270831843,0.08347609680159405,0.0019505459067243741
7028,0.08805945244079483,0.09050678655124948,-0.0024473341104546548
7029,0.09458550328045033,0.09163291182626046,0.0029525914541898707
7030,0.07750431240052058,0.07642732652943636,0.0010769858710842212
7031,0.08439449628033284,0.0838469575483403,0.0005475387319925362
7032,0.09025336347515302,0.08947501485125987,0.0007783486238931436
7033,0.09431589671200845,0.09398137173812825,0.0003345249738802014
7034,0.082547614688817,0.07860180027439291,0.003945814414424084
7035,0.09220871688669682,0.08850308341068625,0.003705633476010578
7036,0.08965650052519362,0.0858125148914126,0.003843985633781022
7037,0.08439489566589435,0.08126330650461247,0.003131589161281881
7038,0.09115777957300315,0.08650535822805483,0.004652421344948324
7039,0.09335762707354336,0.09088889010682355,0.0024687369667198145
7040,0.0789943269197943,0.0770241434062588,0.001970183513535506
7041,0.09532857359118656,0.09179767601631311,0.0035308975748734456
7042,0.08162081177054736,0.08630146737396155,-0.0046806556034141855
7043,0.08537632541779065,0.08572223759096179,-0.000345912173171134
7044,0.09553592797549965,0.0965954935556133,-0.00105956558011365
7045,0.09510981931221765,0.09005028003582682,0.005059539276390829
7046,0.09175829035500377,0.09035569946650038,0.001402590888503391
7047,0.09114786882062423,0.08673966301733241,0.00440820580329182
7048,0.09430884481120454,0.09292958088534302,0.001379263925861518
7049,0.08634747909710706,0.08136666457791619,0.004980814519190871
7050,0.0853155231692761,0.08296889173616503,0.0023466314331110627
7051,0.10190182400733602,0.09864713602788132,0.003254687979454704
7052,0.08867147799599097,0.08522027512488985,0.0034512028711011222
7053,0.07569703048783043,0.07096072570349225,0.0047363047843381745
7054,0.07526582266390738,0.07460323300367627,0.000662589660231111
7055,0.08109214620209869,0.0783195426865846,0.0027726035155140882
7056,0.08383441607267438,0.08290629660301954,0.0009281194696548339
7057,0.08341482947037403,0.08247264792451289,0.0009421815458611343
7058,0.08212589953759068,0.08058619208596778,0.001539707451622907
7059,0.09074694729852315,0.08720619284870865,0.0035407544498144983
7060,0.0963681820765049,0.09326274772793816,0.003105434348566735
7061,0.09182509508772076,0.09449808863193833,-0.0026729935442175723
7062,0.08687644372878378,0.08365780812839126,0.003218635600392525
7063,0.08538900992280932,0.0858512477522042,-0.00046223782939487645
7064,0.08937096225906206,0.0865414253828972,0.0028295368761648565
7065,0.0755274284266527,0.0739307457396396,0.0015966826870131012
7066,0.08280781863482733,0.08189483541335421,0.0009129832214731237
7067,0.08693368564361285,0.08239695299955231,0.004536732644060543
7068,0.09271265656495004,0.0900972392727142,0.0026154172922358415
7069,0.08686832191492541,0.08296361201826093,0.003904709896664485
7070,0.09554062374362648,0.09396122376429539,0.0015793999793310975
7071,0.09303659527164013,0.08931960800347723,0.0037169872681628996
7072,0.08060999267024843,0.07933145044747902,0.0012785422227694077
7073,0.0918342211205903,0.08715301051424183,0.004681210606348463
7074,0.08393925853764389,0.0846563332265954,-0.0007170746889515051
7075,0.0954970153422443,0.09117634013626529,0.0043206752059790215
7076,0.0911382560824393,0.08885953727887592,0.0022787188035633815
7077,0.08603521940223827,0.08328246198129234,0.0027527574209459255
7078,0.08284371659721167,0.08138682481608527,0.0014568917811264015
7079,0.08814155761668187,0.08608815506146922,0.0020534025552126495
7080,0.09817859172592759,0.09491266862238103,0.003265923103546564
7081,0.08675149293082417,0.08817542242281311,-0.00142392949198894
7082,0.10053395132904439,0.09905484413514472,0.0014791071938996675
7083,0.09603556328935528,0.09316235828941896,0.0028732049999363185
7084,0.09408636412525186,0.0906974354138379,0.003388928711413955
7085,0.1004387923969121,0.09813159669434231,0.002307195702569792
7086,0.08742577532928757,0.08769586122576446,-0.00027008589647689596
7087,0.09425182231570466,0.09150526218334025,0.002746560132364406
7088,0.08662680450050174,0.08213671775826677,0.004490086742234972
7089,0.09672293596165643,0.09047915738489778,0.006243778576758646
7090,0.08874653667429655,0.08533060497948414,0.003415931694812413
7091,0.0925842714901269,0.08961462311108133,0.002969648379045564
7092,0.09260074005860855,0.08952460894236494,0.003076131116243608
7093,0.08287155762960519,0.08161675524815003,0.0012548023814551584
7094,0.0848717007331981,0.0842101217840094,0.0006615789491886959
7095,0.08570565702032656,0.08396544627421457,0.0017402107461119976
7096,0.08827663469219792,0.08970734318310596,-0.0014307084909080392
7097,0.07994187531010362,0.08162907184238496,-0.001687196532281346
7098,0.09247340496469829,0.08698509485245479,0.005488310112243502
7099,0.0867609280795156,0.08397197451245603,0.0027889535670595766
7100,0.09830120285729517,0.09663871176350948,0.0016624910937856896
7101,0.09118760681056184,0.08844174207833849,0.002745864732223352
7102,0.09050772379841722,0.08637677666080976,0.004130947137607463
7103,0.08226551969505172,0.07667339808257727,0.005592121612474452
7104,0.08798309303842385,0.08368926972144222,0.004293823316981624
7105,0.08534954182230695,0.0824984512183573,0.002851090603949641
7106,0.08560269793341325,0.0834656549994329,0.002137042933980357
7107,0.08045401229184525,0.07793115941981138,0.0025228528720338678
7108,0.0967735472827409,0.09110669046735002,0.005666856815390878
7109,0.08254866543745133,0.0819471154860562,0.0006015499513951361
7110,0.09344704973030682,0.09099884800117543,0.0024482017291313912
7111,0.09375383734683244,0.08987265898428927,0.003881178362543175
7112,0.102216059301185,0.09988640228989343,0.0023296570112915777
7113,0.09706007459461437,0.09660855558602292,0.00045151900859144445
7114,0.08939891819000127,0.08649203494897764,0.0029068832410236306
7115,0.09275533492917183,0.09232896018736488,0.00042637474180695634
7116,0.09435374074922633,0.09252904423912219,0.0018246965101041401
7117,0.09515814304894483,0.0946871701975514,0.00047097285139342804
7118,0.09446255341613051,0.08982152080385497,0.004641032612275539
7119,0.08964223356402228,0.0892308715784049,0.00041136198561737836
7120,0.07899836124161161,0.07629664375539726,0.002701717486214353
7121,0.07800433112575997,0.07633669004171378,0.0016676410840461842
7122,0.08727376443694797,0.0859303681247696,0.0013433963121783632
7123,0.09947015433648691,0.09392397410656302,0.005546180229923897
7124,0.0791222502171517,0.07710167418392523,0.0020205760332264733
7125,0.09452654128949367,0.09615665098548748,-0.0016301096959938088
7126,0.089350093813661,0.08788069710665088,0.0014693967070101288
7127,0.081407071911096,0.08539260921185013,-0.003985537300754127
7128,0.09258482718576841,0.08985610280347853,0.002728724382289882
7129,0.09315165356410246,0.0928912411028034,0.00026041246129905604
7130,0.08633718325456881,0.08267651947837311,0.0036606637761956995
7131,0.07122293569836656,0.07462594596822374,-0.0034030102698571763
7132,0.09271376437430681,0.08819713874222178,0.004516625632085033
7133,0.08919192666958031,0.08595294136506643,0.003238985304513886
7134,0.09070913057435445,0.0909174698890938,-0.00020833931473934753
7135,0.07864839285601394,0.07719808486553541,0.0014503079904785304
7136,0.07778627765172334,0.08056323138207296,-0.002776953730349613
7137,0.08576739448175268,0.08540135209383362,0.00036604238791905497
7138,0.10044463365190746,0.09798165016205743,0.0024629834898500375
7139,0.10063796863089944,0.09643742636364082,0.00420054226725862
7140,0.08287359286689173,0.08309925164312956,-0.0002256587762378276
7141,0.08457592750725686,0.0801350033402739,0.004440924166982954
7142,0.08592402760714137,0.08941917772867614,-0.0034951501215347708
7143,0.09100821135440418,0.09046582827586949,0.0005423830785346861
7144,0.09971305899734975,0.09552433180011341,0.004188727197236342
7145,0.08883239532206758,0.08750064619950026,0.0013317491225673106
7146,0.09709658423893633,0.09441627803405557,0.0026803062048807585
7147,0.08872761819213745,0.08728526161710358,0.0014423565750338735
7148,0.08754202001886482,0.08672950697682484,0.0008125130420399834
7149,0.08553489661462146,0.08633610469466575,-0.0008012080800442883
7150,0.09024836674799575,0.08729953131626637,0.0029488354317293713
7151,0.08885587043673873,0.08704035991058058,0.0018155105261581511
7152,0.07891059727743772,0.08157075733856319,-0.0026601600611254606
7153,0.09918481300417915,0.09819753118632772,0.000987281817851432
7154,0.09110398655210548,0.086640355323579,0.004463631228526485
7155,0.09166781849122561,0.08971521806671781,0.0019526004245078027
7156,0.09330467103602982,0.09101708741165049,0.0022875836243793357
7157,0.09494321709807409,0.0953051953840375,-0.0003619782859634185
7158,0.08339176954461801,0.08128841826722612,0.0021033512773918905
7159,0.09605108261155133,0.09206037572142603,0.0039907068901253034
7160,0.09285595022015523,0.0850859578721365,0.007769992348018728
7161,0.09129028497829664,0.09004345035596392,0.0012468346223327154
7162,0.08022219390531515,0.08108383962273547,-0.0008616457174203118
7163,0.09428558358713694,0.09173854233850498,0.002547041248631962
7164,0.09314519706000503,0.09020422805947788,0.0029409690005271494
7165,0.08807580975720453,0.0867979084828125,0.001277901274392021
7166,0.09507317595956545,0.09261255783315495,0.002460618126410505
7167,0.0840820781396745,0.08350886099118741,0.0005732171484870846
7168,0.08827438154655631,0.08628464180161538,0.0019897397449409326
7169,0.07906420157951291,0.07819436267587829,0.0008698389036346232
7170,0.09446674846892869,0.09071662480936005,0.003750123659568644
7171,0.10045523794547859,0.09720594925754632,0.0032492886879322697
7172,0.08766478909043773,0.08562987505611046,0.002034914034327276
7173,0.09387221966592657,0.091917816466293,0.001954403199633567
7174,0.0838287324233102,0.08502412113502415,-0.0011953887117139572
7175,0.09282735688265961,0.09312015633660377,-0.0002927994539441564
7176,0.0855736378157748,0.07955185098676566,0.00602178682900914
7177,0.08516392131579953,0.08377415909526657,0.0013897622205329557
7178,0.08473009028789544,0.0864709998069136,-0.0017409095190181606
7179,0.08849918981336907,0.08610900003566344,0.002390189777705637
7180,0.10003724110516879,0.09740588257621215,0.0026313585289566427
7181,0.0813899503200661,0.0809094911104214,0.0004804592096447069
7182,0.09035741115181897,0.08722229466951632,0.0031351164823026495
7183,0.07511506204361452,0.07239711960746228,0.0027179424361522403
7184,0.09800320830513978,0.09396575670892235,0.004037451596217434
7185,0.09018875290080416,0.08992598162381799,0.00026277127698617897
7186,0.08410568637334931,0.07839863682338401,0.005707049549965301
7187,0.08421769445922819,0.08135777450157107,0.0028599199576571227
7188,0.09142438446455269,0.08748867128895935,0.003935713175593339
7189,0.08347267321490692,0.0805092929599457,0.0029633802549612204
7190,0.10331742849605288,0.09821967830546544,0.005097750190587447
7191,0.07850220482540532,0.07585292653875177,0.002649278286653553
7192,0.09716675199293048,0.0911525982714683,0.00601415372146219
7193,0.08551434357653806,0.08556327487337802,-4.893129683995745e-05
7194,0.08639503643170092,0.08632966292484925,6.537350685166532e-05
7195,0.0891540242194051,0.08653322231021941,0.002620801909185691
7196,0.09037050697732554,0.09207486850957358,-0.0017043615322480388
7197,0.0918223764898484,0.08997327341809745,0.0018491030717509432
7198,0.07225634304298888,0.07141138925780051,0.0008449537851883682
7199,0.08600786686361145,0.08163384312737863,0.0043740237362328155
7200,0.07629512507796635,0.07673981235618735,-0.00044468727822100096
7201,0.09735889258144395,0.09367622939481468,0.0036826631866292703
7202,0.08532598473099352,0.0824954676283096,0.0028305171026839215
7203,0.09069300548114417,0.09065216826736525,4.083721377892702e-05
7204,0.08132031140606813,0.08209857582112608,-0.0007782644150579471
7205,0.0778982156147462,0.07513773285894595,0.0027604827558002504
7206,0.0946900336045923,0.09096083458177019,0.003729199022822108
7207,0.08773742062373834,0.08430547642225536,0.0034319442014829754
7208,0.0924096220663235,0.09248059487546674,-7.0972809143241e-05
7209,0.08472246996063616,0.08410614541306635,0.0006163245475698104
7210,0.07601352918299348,0.0800108031115542,-0.003997273928560724
7211,0.08574913852765559,0.08618524518335179,-0.00043610665569619733
7212,0.08920520620545529,0.08557780377039403,0.0036274024350612527
7213,0.09145997251792941,0.08713086464347758,0.004329107874451829
7214,0.08781364293501441,0.08531048899798487,0.0025031539370295453
7215,0.0776463861638189,0.07932269479804926,-0.001676308634230364
7216,0.0871196920331116,0.08514197380456949,0.001977718228542105
7217,0.08746547164912805,0.0868482291152511,0.0006172425338769466
7218,0.0921502270108874,0.0916300823401752,0.0005201446707122082
7219,0.09169443154016997,0.08707699979617947,0.004617431743990499
7220,0.09093558077684936,0.0905444745194432,0.000391106257406168
7221,0.08266133568251614,0.08115582796150518,0.0015055077210109624
7222,0.09790824407565815,0.09517927771176833,0.0027289663638898204
7223,0.0906848494213701,0.08700164751320591,0.0036832019081641937
7224,0.08965683739950799,0.09035620508328165,-0.000699367683773669
7225,0.08906159644031882,0.08691157750466877,0.002150018935650047
7226,0.09348481882387744,0.0921010925651785,0.001383726258698939
7227,0.0819591816527276,0.08227640919053429,-0.00031722753780669133
7228,0.08632200140735508,0.08305992668354517,0.0032620747238099046
7229,0.08706533413625243,0.08443621935448192,0.0026291147817705113
7230,0.09609691229324788,0.09293030060189439,0.003166611691353488
7231,0.08651639014605061,0.08196907965248895,0.004547310493561663
7232,0.09338805894455357,0.08828550066538363,0.005102558279169944
7233,0.0863297957970924,0.08589355941255183,0.00043623638454057256
7234,0.08861357641956473,0.08460356456636245,0.0040100118532022805
7235,0.08764576885383807,0.08687188956023884,0.0007738792935992334
7236,0.09607854028031873,0.09435189132223684,0.001726648958081889
7237,0.0893261520637712,0.08903218343487437,0.00029396862889682907
7238,0.08778530846719916,0.08642794622994027,0.001357362237258894
7239,0.09308468448563705,0.08984456273472889,0.0032401217509081537
7240,0.08973951406145733,0.08554927915423516,0.004190234907222173
7241,0.097635452290964,0.0961049461405164,0.0015305061504475997
7242,0.08832616128122692,0.08582391176436543,0.0025022495168614822
7243,0.09553929989409453,0.09167496479736614,0.0038643350967283857
7244,0.07747776384192395,0.07746864783455878,9.116007365167489e-06
7245,0.08427123510112398,0.08349777722322331,0.000773457877900674
7246,0.08591138094404387,0.08468313515933627,0.0012282457847075934
7247,0.08987405430918095,0.08822875004758858,0.001645304261592373
7248,0.08411611882269339,0.07993007163359238,0.004186047189101011
7249,0.08512750590944562,0.08384534837760722,0.0012821575318383988
7250,0.10346981302340523,0.10130780870468167,0.0021620043187235566
7251,0.09519910597930767,0.09273884608717756,0.002460259892130112
7252,0.08955504124070116,0.08847615472581137,0.0010788865148897847
7253,0.09690056079336345,0.09347220665053145,0.0034283541428320047
7254,0.08376907938254799,0.08452184297872727,-0.0007527635961792761
7255,0.08823177271925098,0.08726124700224885,0.0009705257170021242
7256,0.08372426940637974,0.08223261715659672,0.0014916522497830237
7257,0.09375338773113566,0.092944879561948,0.0008085081691876633
7258,0.08733464959029691,0.08781498146566875,-0.00048033187537184496
7259,0.07987287395475784,0.08112464225660153,-0.0012517683018436893
7260,0.0816440271197523,0.07949949317963281,0.0021445339401194863
7261,0.0867860175862331,0.08870866319888861,-0.0019226456126555103
7262,0.09016258113752323,0.08645994289352407,0.0037026382439991623
7263,0.08989063754218994,0.08573620260943808,0.00415443493275186
7264,0.08101242191601465,0.0822520663235777,-0.0012396444075630508
7265,0.09126250238306831,0.0947503605420772,-0.003487858159008886
7266,0.09798299579600772,0.09305203900891364,0.004930956787094085
7267,0.10440083342222085,0.09803205075936357,0.006368782662857286
7268,0.09607743067564047,0.09245858908866152,0.003618841586978949
7269,0.10287341890411984,0.09603417157167694,0.006839247332442899
7270,0.09057554443600241,0.089284965426391,0.001290579009611409
7271,0.08372726752354262,0.08091696370320245,0.002810303820340171
7272,0.0898698907337293,0.08667668581496257,0.0031932049187667205
7273,0.09359072299340015,0.0922142434417587,0.0013764795516414546
7274,0.09250408195869408,0.09127510794818265,0.0012289740105114327
7275,0.08675787670562837,0.08630285275449207,0.00045502395113630745
7276,0.09051153836525662,0.08891368935243898,0.0015978490128176343
7277,0.09241244953879697,0.09093340766008896,0.0014790418787080095
7278,0.08367472101671479,0.08242332844159361,0.0012513925751211769
7279,0.08806924742179223,0.08776781591742422,0.00030143150436801047
7280,0.0925892303561218,0.08907101589930518,0.003518214456816618
7281,0.09021920776830125,0.08680658756282365,0.0034126202054775984
7282,0.09253038776578787,0.08850736486100472,0.004023022904783152
7283,0.08953111577249115,0.09089138202225076,-0.0013602662497596146
7284,0.09269921049197018,0.0878308095532788,0.0048684009386913835
7285,0.09150604355044775,0.09095947772380185,0.0005465658266459034
7286,0.0956115928179345,0.09444758074227537,0.0011640120756591238
7287,0.09173239561146421,0.08865209722529388,0.003080298386170327
7288,0.09508216425419407,0.09279345464063153,0.002288709613562534
7289,0.08121396993285322,0.07600966894133955,0.005204300991513672
7290,0.0821797958992482,0.07997923602211271,0.002200559877135494
7291,0.0936350477851469,0.0901402743418138,0.003494773443333099
7292,0.08698818459363504,0.086301441655273,0.0006867429383620449
7293,0.07658175126249525,0.07663065671164265,-4.890544914740169e-05
7294,0.07815154960314728,0.08096940023507289,-0.002817850631925606
7295,0.09351138512026674,0.09607173152092902,-0.0025603464006622723
7296,0.08739296703918308,0.0886885095018043,-0.0012955424626212297
7297,0.09299093710910644,0.09546270057836906,-0.0024717634692626167
7298,0.08957053497021608,0.08427803064815931,0.005292504322056774
7299,0.08775741473830072,0.08400189150850566,0.0037555232297950547
7300,0.09053814259031795,0.08601905440363505,0.004519088186682896
7301,0.08201599983793412,0.08219441356731591,-0.00017841372938179334
7302,0.09460429966038207,0.09069113604773751,0.003913163612644557
7303,0.09454638363977297,0.09275741409112591,0.0017889695486470597
7304,0.09050166211594698,0.08808890905393076,0.002412753062016229
7305,0.08443984576149866,0.08557082796501896,-0.0011309822035203004
7306,0.08897951534925534,0.08881703463599928,0.00016248071325605795
7307,0.08705200328834777,0.08455770841592006,0.0024942948724277075
7308,0.090461349392185,0.08802454401164853,0.0024368053805364775
7309,0.10255629714732256,0.09473171255025314,0.007824584597069417
7310,0.0728820520009601,0.07249773848019643,0.00038431352076366554
7311,0.08549629013866855,0.08211489937515101,0.003381390763517539
7312,0.09424239125732942,0.09340466519681055,0.0008377260605188647
7313,0.08967700710700792,0.08766802291464565,0.0020089841923622703
7314,0.09792321127648965,0.0964353918417633,0.0014878194347263535
7315,0.0960147599964566,0.0950424845147447,0.0009722754817119011
7316,0.08579371193905763,0.08801825252901085,-0.0022245405899532222
7317,0.09081766217386393,0.08687839085845546,0.003939271315408471
7318,0.0878540776821996,0.08533168589301898,0.0025223917891806225
7319,0.09061304469896433,0.08816747853156628,0.00244556616739805
7320,0.09153022492551864,0.08601057692269945,0.005519648002819191
7321,0.07843974248706855,0.07622129513869003,0.002218447348378519
7322,0.08548158062289818,0.08783274587853246,-0.00235116525563428
7323,0.07416816389570144,0.07360041215219537,0.0005677517435060675
7324,0.09173070373011805,0.08861039306011258,0.003120310670005469
7325,0.10453827323198836,0.10286413879513216,0.0016741344368561978
7326,0.08972297170225522,0.08747541836403412,0.0022475533382211033
7327,0.08259051878248765,0.08260322218899455,-1.2703406506900383e-05
7328,0.08354259232496897,0.08287060652337719,0.000671985801591779
7329,0.09767393031581065,0.09707491600961805,0.000599014306192594
7330,0.09954948850931823,0.0969620922566378,0.002587396252680438
7331,0.08210031553354727,0.07892328164193024,0.003177033891617026
7332,0.09040879573480368,0.09019413987447496,0.00021465586032871908
7333,0.08214340230550742,0.07833326428987213,0.0038101380156352893
7334,0.09262900617873748,0.08951300994824096,0.0031159962304965205
7335,0.09285229830471126,0.0896013706617022,0.0032509276430090495
7336,0.10012621561970275,0.09666137350856653,0.003464842111136221
7337,0.09424037670018633,0.09026996834337424,0.0039704083568120885
7338,0.09183745778971408,0.08777372968941811,0.0040637281002959685
7339,0.10017319342002376,0.0970533444509781,0.0031198489690456577
7340,0.10011725448509268,0.09654657557237632,0.0035706789127163546
7341,0.0879703177313577,0.08844965909146629,-0.00047934136010858996
7342,0.08851258080232749,0.08956614266713707,-0.0010535618648095796
7343,0.08426363999903873,0.08232497658600871,0.00193866341303002
7344,0.08841210625257351,0.0885517786665675,-0.00013967241399398533
7345,0.07968578063204233,0.0771225754955562,0.002563205136486127
7346,0.08555449179523936,0.08812921716538984,-0.0025747253701504796
7347,0.08710051590166687,0.08680347367171606,0.00029704222995080576
7348,0.09716942354657664,0.09292392276563584,0.004245500780940797
7349,0.09634170894410203,0.09382158591453411,0.0025201230295679167
7350,0.08816835786588531,0.08560282586455287,0.0025655320013324434
7351,0.0898614730410891,0.08683263613411411,0.003028836906974988
7352,0.09336966524713887,0.08993778914673056,0.003431876100408307
7353,0.08801147000917753,0.08743738867478362,0.0005740813343939055
7354,0.07968469337547884,0.08075104727269122,-0.0010663538972123798
7355,0.08238250277192401,0.0843104042803628,-0.0019279015084387868
7356,0.09617289765959618,0.08925025595508579,0.006922641704510388
7357,0.08492246105860578,0.08303917537310021,0.0018832856855055674
7358,0.07974494983919458,0.07714401141699939,0.0026009384221951926
7359,0.09084945794068379,0.08837442261219507,0.0024750353284887228
7360,0.0899033262351296,0.09156338575101138,-0.0016600595158817733
7361,0.09216721485903924,0.09034076285802081,0.0018264520010184276
7362,0.08607989459592887,0.08463718493932043,0.0014427096566084346
7363,0.0922608844038084,0.09035411433438775,0.0019067700694206519
7364,0.08577744653350709,0.0834312154857503,0.002346231047756789
7365,0.09494674502758037,0.09109013396706978,0.0038566110605105924
7366,0.09833052011292956,0.09761475136126609,0.0007157687516634731
7367,0.07900898848393839,0.07899305231294143,1.5936170996960763e-05
7368,0.09053330470747287,0.08661665128371325,0.003916653423759617
7369,0.08139776560517165,0.08359984504364806,-0.0022020794384764175
7370,0.08655538703842969,0.08503743657699267,0.0015179504614370176
7371,0.08593365232044535,0.08257561760861966,0.0033580347118256915
7372,0.09026441303134652,0.08896361037832975,0.0013008026530167693
7373,0.0864213315248748,0.08622443446459266,0.00019689706028214182
7374,0.09064160595283058,0.08383872874784995,0.0068028772049806285
7375,0.08746743546099546,0.08591883470954732,0.001548600751448137
7376,0.09157614722868693,0.09100031908223652,0.0005758281464504078
7377,0.09091946203111309,0.08961527889511889,0.0013041831359942024
7378,0.08788035214629042,0.08434064389239405,0.003539708253896365
7379,0.09291085334556672,0.09118534504045112,0.0017255083051156
7380,0.09296262214720731,0.0912318279190759,0.0017307942281314104
7381,0.08388267125522007,0.08660949553899015,-0.0027268242837700796
7382,0.08701014074322082,0.08335054912178264,0.0036595916214381824
7383,0.09218980106938798,0.08852490867335101,0.00366489239603697
7384,0.08929165654835598,0.0856132851334668,0.0036783714148891783
7385,0.09217125131663449,0.09145793510242206,0.0007133162142124311
7386,0.08616706497842554,0.08677816605771554,-0.0006111010792900079
7387,0.09246231450209645,0.09152445192784334,0.0009378625742531149
7388,0.09733333168878763,0.09681897589905185,0.0005143557897357848
7389,0.08594550161140066,0.08442697782029265,0.0015185237911080063
7390,0.09494078136894216,0.09531975989407548,-0.00037897852513332775
7391,0.08920491342107759,0.08582212021849639,0.003382793202581197
7392,0.09449378558317291,0.09178951671813063,0.0027042688650422836
7393,0.08363272155181883,0.07761446011965646,0.006018261432162372
7394,0.10327389742036609,0.09707948335870036,0.006194414061665737
7395,0.08972210480281466,0.09002761838433276,-0.0003055135815181048
7396,0.0877716307168732,0.08694095521588177,0.0008306755009914318
7397,0.07988736132260993,0.0824343010787879,-0.0025469397561779655
7398,0.08966350333710697,0.08589847400200262,0.00376502933510435
7399,0.0932479476676286,0.09024603938003176,0.0030019082875968467
7400,0.09218690186191335,0.0869687235983732,0.005218178263540152
7401,0.10052196383814326,0.09758930334777167,0.0029326604903715803
7402,0.07902728777165684,0.07655933488600142,0.0024679528856554195
7403,0.08440464627445875,0.08251033588480004,0.0018943103896587044
7404,0.09180215639804601,0.09255321483469153,-0.0007510584366455242
7405,0.09760138868539255,0.0949786509023682,0.00262273778302434
7406,0.08774211206333148,0.08645849087337623,0.0012836211899552447
7407,0.09004147560678764,0.08747111418236342,0.002570361424424225
7408,0.09806002536761234,0.09792044752307102,0.00013957784454131372
7409,0.08587040275963222,0.08202598957680507,0.003844413182827147
7410,0.08829139429974799,0.08807578832695952,0.0002156059727884685
7411,0.08738161129438105,0.0874820500983867,-0.00010043880400564809
7412,0.08525008202124158,0.08527157541281352,-2.149339157193897e-05
7413,0.09021199155470677,0.0886950234732365,0.0015169680814702685
7414,0.08549577576151439,0.08693478137770781,-0.0014390056161934228
7415,0.08656752719348318,0.08433538417472032,0.0022321430187628583
7416,0.09451982998832494,0.09096098776302243,0.0035588422253025054
7417,0.07559560716899218,0.07642170404416285,-0.0008260968751706704
7418,0.09566569336893192,0.09088670116723958,0.004778992201692339
7419,0.09242279694404415,0.08821667101307533,0.004206125930968821
7420,0.08729016357863713,0.08617672587893607,0.0011134376997010559
7421,0.08773738954249553,0.08262081605816499,0.005116573484330547
7422,0.10402349551996501,0.10001906375264039,0.004004431767324623
7423,0.09163197972441235,0.09109302837486725,0.000538951349545097
7424,0.0924812385837389,0.08876206015663224,0.003719178427106659
7425,0.07559486216545334,0.07512023511461081,0.0004746270508425299
7426,0.09213234162634276,0.089428504866435,0.002703836759907763
7427,0.08728431899877126,0.08749595986547387,-0.0002116408667026115
7428,0.0883826987776754,0.08783958965111863,0.0005431091265567789
7429,0.08147906561812358,0.08065966952786478,0.0008193960902588004
7430,0.1023282450270847,0.09860908434922641,0.0037191606778582825
7431,0.09307258231406478,0.09139335974450248,0.0016792225695622942
7432,0.08463124537753826,0.07969471984210205,0.004936525535436206
7433,0.08575464276280095,0.08360733675992421,0.002147306002876742
7434,0.08552383916208692,0.08080422976087782,0.004719609401209093
7435,0.10206916536487216,0.09747616449913533,0.004593000865736829
7436,0.07718443548603067,0.0759595871627176,0.0012248483233130714
7437,0.09335732446912584,0.09076678029794374,0.0025905441711820965
7438,0.07879295612601808,0.0815070993082747,-0.0027141431822566148
7439,0.09118509189580168,0.08840025415062469,0.002784837745176988
7440,0.0889972462532686,0.08833722914258539,0.0006600171106832114
7441,0.0849323749377666,0.08332520445942627,0.0016071704783403307
7442,0.10206417659738515,0.09799176150505186,0.00407241509233329
7443,0.08262815474804491,0.08164708292956377,0.000981071818481144
7444,0.09503668406869994,0.09283029247155944,0.0022063915971405057
7445,0.08904056882662933,0.08725026306431921,0.0017903057623101237
7446,0.08854571664230071,0.0866008391749154,0.0019448774673853086
7447,0.08688246411181832,0.08337521048086832,0.0035072536309500024
7448,0.08645208615677012,0.08490451044060641,0.0015475757161637071
7449,0.08714884150877039,0.08838705594185516,-0.0012382144330847639
7450,0.0882906064542472,0.08479973989033197,0.003490866563915229
7451,0.09615510206773854,0.09250752956920473,0.003647572498533813
7452,0.0846055405423829,0.07905266603192002,0.00555287451046288
7453,0.08154508296540004,0.08087612898190184,0.0006689539834981995
7454,0.09807997495413617,0.09258083824193467,0.005499136712201508
7455,0.08869638572512997,0.08587557028889053,0.0028208154362394378
7456,0.09175514157298979,0.09111943715263582,0.0006357044203539747
7457,0.10299058397044451,0.10280125433270157,0.00018932963774294376
7458,0.08516593650209749,0.08374696772824244,0.0014189687738550422
7459,0.08015648594293116,0.0779925624809947,0.0021639234619364595
7460,0.08537839033027929,0.08157258073676432,0.0038058095935149666
7461,0.10323068452974511,0.10122188510363138,0.002008799426113733
7462,0.08105717904750705,0.07993487183638222,0.001122307211124829
7463,0.08457506272947006,0.08531684300696185,-0.0007417802774917909
7464,0.09540211407550088,0.09045572001632672,0.004946394059174158
7465,0.08776769462345828,0.08452588498302432,0.003241809640433954
7466,0.08084504005143799,0.0787021918797785,0.002142848171659481
7467,0.09512355369139075,0.09071297482376514,0.004410578867625609
7468,0.08947713189544813,0.08964526975351952,-0.00016813785807139048
7469,0.0863824980548183,0.0826884726813325,0.0036940253734858014
7470,0.0955548225506748,0.09257156974910152,0.0029832528015732718
7471,0.08822152496012606,0.09095797496062934,-0.0027364500005032794
7472,0.0852753128545994,0.08361338101744499,0.0016619318371544067
7473,0.09719241763953129,0.0931476327107528,0.004044784928778494
7474,0.0862366112127467,0.08348089844806322,0.0027557127646834767
7475,0.09108271183176066,0.08861201535778387,0.002470696473976783
7476,0.08889865572285668,0.08686934153814371,0.0020293141847129714
7477,0.0825545697592773,0.08361580335925295,-0.0010612335999756473
7478,0.08880807063564757,0.08656577954632884,0.0022422910893187264
7479,0.09476607424173145,0.08933405334784189,0.005432020893889555
7480,0.08089894115866716,0.08066839159364568,0.0002305495650214845
7481,0.094115378377921,0.09064215398493698,0.0034732243929840173
7482,0.08725612484882035,0.08432895630568214,0.002927168543138209
7483,0.08207597599286288,0.0794754390254247,0.0026005369674381856
7484,0.08996495662026668,0.0877463342507116,0.0022186223695550844
7485,0.08750659264591643,0.08672660092265581,0.0007799917232606118
7486,0.084143667979229,0.08093120194620267,0.003212466033026329
7487,0.08666803493407028,0.08730672317060523,-0.0006386882365349428
7488,0.08608573756662243,0.08565334325354833,0.00043239431307409704
7489,0.08387981141147735,0.07846800001825331,0.005411811393224039
7490,0.07512740112604681,0.07697772075670525,-0.0018503196306584452
7491,0.08464125053131459,0.08488267189411612,-0.00024142136280153048
7492,0.08553573809725513,0.08539608077989824,0.00013965731735689213
7493,0.09779047951713367,0.0942968432577514,0.003493636259382274
7494,0.07963382991406256,0.07833389255414797,0.0012999373599145991
7495,0.0697636502033072,0.07014441726160335,-0.00038076705829614976
7496,0.0809665174180303,0.08274077238361384,-0.0017742549655835327
7497,0.08708399034676327,0.0868618498355639,0.00022214051119937017
7498,0.09132468325473042,0.08748164913744283,0.0038430341172875915
7499,0.0938477131513253,0.08746502098772754,0.006382692163597756
7500,0.10009393764706472,0.09719475998229195,0.0028991776647727674
7501,0.07796513905651685,0.07585607217958264,0.0021090668769342125
7502,0.0962129244295454,0.09257817789526981,0.0036347465342755902
7503,0.09875200904259457,0.09577970948653304,0.002972299556061528
7504,0.08213850735127692,0.07859617433338856,0.003542333017888366
7505,0.08363651508785995,0.08270147011727522,0.0009350449705847336
7506,0.09164761027424917,0.08750566858602486,0.004141941688224307
7507,0.08566157251160791,0.08243589213539561,0.003225680376212306
7508,0.09641732804810266,0.09500299755795893,0.0014143304901437226
7509,0.07702244354866694,0.0782824743757068,-0.0012600308270398625
7510,0.09928124917316405,0.09628245194912143,0.002998797224042629
7511,0.0886468149015909,0.08484704968767941,0.0037997652139114962
7512,0.08276939890028545,0.08338211853753529,-0.0006127196372498339
7513,0.10029687689928468,0.09632223864191009,0.003974638257374596
7514,0.080735345090408,0.08235001453785257,-0.0016146694474445666
7515,0.1001699255539037,0.0960679848289439,0.004101940724959799
7516,0.09442593319155787,0.09272468878688009,0.001701244404677782
7517,0.08844867264060528,0.08614953983188614,0.0022991328087191426
7518,0.09013058547391826,0.088794601786341,0.0013359836875772718
7519,0.09362212505716525,0.08790195463916077,0.005720170418004475
7520,0.09366309661158317,0.09171226624647513,0.0019508303651080416
7521,0.08223725206841491,0.0846457154348533,-0.002408463366438393
7522,0.08736937329301543,0.08278004977351705,0.004589323519498381
7523,0.08789510142041605,0.08539674914525434,0.002498352275161708
7524,0.09300528737305003,0.09103157713622033,0.0019737102368296983
7525,0.09188511913367221,0.09305003988769957,-0.0011649207540273543
7526,0.08314377916046467,0.08072261989248154,0.002421159267983128
7527,0.0891448358527591,0.0840717309359517,0.005073104916807403
7528,0.0932232645851286,0.09295714684444956,0.00026611774067904215
7529,0.09902739699420238,0.09245107646724003,0.006576320526962345
7530,0.09136474278809768,0.08857385119198403,0.0027908915961136482
7531,0.07602695598471496,0.06967589193727822,0.006351064047436739
7532,0.08673872029329938,0.08291468949036516,0.0038240308029342113
7533,0.09420970328084578,0.09084504092241688,0.003364662358428902
7534,0.09320607543454042,0.09042370441026701,0.0027823710242734084
7535,0.09477120164973804,0.09199947510156481,0.002771726548173231
7536,0.09522146852385883,0.08572733178830946,0.009494136735549372
7537,0.07943210184994284,0.07898461126873282,0.0004474905812100194
7538,0.09377411879909521,0.09065949140702792,0.00311462739206729
7539,0.08882539371075436,0.08440885883143504,0.004416534879319325
7540,0.09776967309817455,0.09572497809893779,0.0020446949992367625
7541,0.07986793651482024,0.08168201593509127,-0.0018140794202710225
7542,0.09684944771866116,0.09524645158815488,0.0016029961305062818
7543,0.0839265325066619,0.082899293278231,0.0010272392284308984
7544,0.07359033878057303,0.0788475953507597,-0.0052572565701866775
7545,0.09448104406277275,0.09507638420216032,-0.0005953401393875707
7546,0.10587005788571689,0.10157052702261571,0.004299530863101184
7547,0.08121828767760418,0.07951865335179081,0.0016996343258133678
7548,0.08648953657805271,0.0822079429836812,0.0042815935943715105
7549,0.08817079354091628,0.08592955415095482,0.002241239389961458
7550,0.07622328787735248,0.07483377346937682,0.0013895144079756616
7551,0.08703045199363806,0.08586380310028723,0.00116664889335083
7552,0.09636342705865851,0.09251878477115917,0.003844642287499339
7553,0.1014411876716408,0.09684115737558126,0.004600030296059543
7554,0.08631398201416705,0.08918066840797367,-0.0028666863938066195
7555,0.08805261376826859,0.08351118499949677,0.004541428768771824
7556,0.08718581035588571,0.08455078151847084,0.002635028837414871
7557,0.09341449436619219,0.08689823636859327,0.006516257997598918
7558,0.08873316077308484,0.08834668959192349,0.00038647118116134915
7559,0.08837537897877905,0.0858607343780724,0.0025146446007066475
7560,0.0918213499838055,0.08956901888708768,0.0022523310967178245
7561,0.08756724417713566,0.08380282107875418,0.0037644230983814725
7562,0.08704447653678889,0.08477075648999104,0.0022737200467978502
7563,0.09722321283360381,0.09625283917967084,0.0009703736539329738
7564,0.09117605370452711,0.08889166190234761,0.0022843918021795
7565,0.08986866146174893,0.08819419915747109,0.0016744623042778406
7566,0.09263743433948053,0.0918956298044138,0.0007418045350667257
7567,0.09064764386729951,0.08656428226419498,0.004083361603104532
7568,0.10194786569809543,0.1000696314839988,0.0018782342140966218
7569,0.0946509490687233,0.0878605565815543,0.006790392487169006
7570,0.08086872111818313,0.07992938664556591,0.0009393344726172231
7571,0.08731426690198765,0.08475412385811221,0.0025601430438754458
7572,0.10004703383089467,0.09716248673241906,0.002884547098475604
7573,0.09690213712422294,0.09446651657320948,0.0024356205510134565
7574,0.08505339336146983,0.08189951967317767,0.003153873688292161
7575,0.09160554884838884,0.0911717848973557,0.0004337639510331448
7576,0.07276591253573055,0.0732852125471286,-0.0005193000113980495
7577,0.09166483407023884,0.0893600230974293,0.0023048109728095456
7578,0.08096747540439853,0.08266213604017154,-0.0016946606357730182
7579,0.07662881151009068,0.07598621901318357,0.0006425924969071101
7580,0.08725290595984418,0.0800242620482209,0.007228643911623284
7581,0.09499190577871784,0.08871503854633227,0.0062768672323855745
7582,0.09785633199419412,0.09598320939798947,0.001873122596204646
7583,0.08533626782938342,0.0807841084470385,0.00455215938234492
7584,0.08811105066399981,0.08701507313796451,0.0010959775260352966
7585,0.09327042655555866,0.09130942695458258,0.0019609996009760794
7586,0.08448486565103164,0.0799815224271991,0.004503343223832543
7587,0.0952341691979796,0.09361757159138012,0.0016165976065994764
7588,0.08682933993438906,0.08406329060248618,0.002766049331902873
7589,0.09366133658029258,0.09020844634683117,0.003452890233461403
7590,0.09476221748159122,0.09028144851968639,0.00448076896190483
7591,0.09231164908078682,0.08803311991375476,0.004278529167032058
7592,0.08645310128513599,0.0805187340779342,0.005934367207201793
7593,0.08544810961423734,0.08483240263587134,0.000615706978365993
7594,0.08940723915546187,0.08494890284714865,0.0044583363083132155
7595,0.09243980406951113,0.09191031804977609,0.0005294860197350426
7596,0.09344970225063985,0.08899435632865693,0.00445534592198292
7597,0.07306086356626429,0.07320520767966485,-0.00014434411340055742
7598,0.10418905712201947,0.09755808998959607,0.006630967132423393
7599,0.08069752014802492,0.07600494505276209,0.00469257509526283
7600,0.09287472376678392,0.09087616634170553,0.001998557425078387
7601,0.08308999851715362,0.08550196340422818,-0.0024119648870745553
7602,0.08498658496572395,0.08354974532925195,0.0014368396364719954
7603,0.08538548311664636,0.08468339002352451,0.0007020930931218444
7604,0.08712967898235037,0.08845098226412475,-0.0013213032817743775
7605,0.08933634849526854,0.08796734311878251,0.0013690053764860294
7606,0.09472717629328091,0.08910251009345821,0.0056246661998227004
7607,0.07987470437231771,0.07834952865984639,0.0015251757124713217
7608,0.08205339322308294,0.08174692184814761,0.0003064713749353354
7609,0.08988599350113045,0.0879325994917106,0.001953394009419851
7610,0.08861010283722083,0.08474085891795959,0.003869243919261245
7611,0.09365084590907641,0.09148840086172202,0.0021624450473543833
7612,0.09596707721813362,0.0940321520013653,0.0019349252167683156
7613,0.08998763831355934,0.08569345923851872,0.004294179075040622
7614,0.08199605519100338,0.08258409741560448,-0.0005880422246010986
7615,0.09577951228670388,0.09236026077155272,0.003419251515151156
7616,0.08659692918381345,0.08718052148946276,-0.0005835923056493053
7617,0.09280928620429862,0.09048232146948511,0.0023269647348135164
7618,0.08442936102941458,0.08641306476145558,-0.0019837037320410006
7619,0.08472898820697469,0.08328356281493256,0.001445425392042135
7620,0.09264572395002693,0.08494788450758463,0.007697839442442303
7621,0.08965011052445836,0.09286334997795971,-0.003213239453501354
7622,0.09810624127257844,0.09840012482526302,-0.00029388355268457345
7623,0.07242031969386548,0.07259371719766304,-0.0001733975037975649
7624,0.08285326733547,0.08055408157289352,0.0022991857625764694
7625,0.0934163299324237,0.09330971720604536,0.00010661272637833841
7626,0.09374091711532895,0.09223107436247517,0.0015098427528537767
7627,0.08548117611250242,0.08690611168841363,-0.0014249355759112098
7628,0.0777086843491756,0.0822791587195797,-0.004570474370404101
7629,0.09170047960501733,0.08809635438481067,0.003604125220206658
7630,0.07858409219862772,0.07831870056620306,0.000265391632424658
7631,0.08328629333084361,0.08261517500989729,0.0006711183209463234
7632,0.09130485055170907,0.08879015679952369,0.002514693752185382
7633,0.08971413409490067,0.09051207458285673,-0.0007979404879560614
7634,0.08743742456007113,0.08380046722747793,0.003636957332593199
7635,0.09573789174445074,0.09376378577552945,0.001974105968921294
7636,0.09297815284670316,0.09363703054232211,-0.0006588776956189535
7637,0.08078084923185483,0.07851915727404121,0.0022616919578136163
7638,0.08370270236199953,0.08372436054154021,-2.165817954068172e-05
7639,0.097321107495285,0.09030665101973406,0.007014456475550934
7640,0.0827903563741139,0.08146250077551118,0.0013278555986027257
7641,0.07830281877620858,0.07759893319529841,0.0007038855809101685
7642,0.08200356797144032,0.08420256746074026,-0.002198999489299941
7643,0.08711963836070294,0.08850523184606,-0.0013855934853570645
7644,0.08364526983885057,0.07758647896851084,0.006058790870339725
7645,0.07731932828143402,0.07733564740929547,-1.6319127861444405e-05
7646,0.08647697148587113,0.08512763483701404,0.0013493366488570996
7647,0.08121896375899691,0.07935188177530522,0.0018670819836916902
7648,0.08766521087730654,0.08664441042712873,0.001020800450177814
7649,0.08707307422388642,0.08493949659723944,0.002133577626646982
7650,0.08422772129503926,0.08466946105718054,-0.0004417397621412772
7651,0.09002685287566065,0.09302662848513653,-0.0029997756094758826
7652,0.08837380567260142,0.08700403554227999,0.0013697701303214266
7653,0.08666091408958919,0.08471053732665472,0.0019503767629344693
7654,0.08018000002869374,0.07754505373587697,0.00263494629281677
7655,0.08146164706115382,0.07645457331592573,0.005007073745228088
7656,0.08559355128382061,0.08464599453226745,0.0009475567515531552
7657,0.0901285351604549,0.09148226526638738,-0.0013537301059324824
7658,0.0924268664596393,0.08842960751984479,0.00399725893979451
7659,0.09438805749989318,0.09166829305352012,0.002719764446373063
7660,0.09310993198009672,0.09307809815554675,3.183382454996497e-05
7661,0.10083151899702243,0.09744196206795427,0.0033895569290681576
7662,0.08674693757339035,0.0856276936637961,0.0011192439095942391
7663,0.08304120869511869,0.07929981792086896,0.003741390774249731
7664,0.08684323438853798,0.08350028857995795,0.003342945808580036
7665,0.08767325289879983,0.0845694130422187,0.0031038398565811365
7666,0.0971343093733392,0.09271695873063306,0.004417350642706139
7667,0.08402540602346908,0.08016726720317766,0.003858138820291429
7668,0.09349612713960212,0.09085413355399352,0.0026419935856085985
7669,0.08317766609964447,0.08338748176052603,-0.0002098156608815599
7670,0.09050012031957495,0.08765049134083427,0.0028496289787406787
7671,0.09290003439213038,0.09165832517919051,0.0012417092129398677
7672,0.09157378556901913,0.08789239169149986,0.0036813938775192706
7673,0.08500364778902796,0.08267261506196219,0.0023310327270657655
7674,0.08836848122915143,0.08409899602969652,0.004269485199454914
7675,0.08935278113769815,0.08840444588808993,0.0009483352496082176
7676,0.08323137644303585,0.0808841955689685,0.0023471808740673505
7677,0.0869275734524681,0.08928598460081177,-0.0023584111483436754
7678,0.0779118246580264,0.0792221265057894,-0.0013103018477629985
7679,0.08383516820735909,0.08400585016423318,-0.00017068195687408583
7680,0.07801665191115525,0.07430218505019466,0.003714466860960594
7681,0.09281101754982612,0.09066143679460856,0.002149580755217567
7682,0.08405778754623201,0.08045876069570226,0.003599026850529749
7683,0.09494786443449256,0.0922649657699613,0.0026828986645312664
7684,0.09283146563479167,0.0874979859111505,0.005333479723641163
7685,0.0791731343496632,0.07986908620125414,-0.0006959518515909507
7686,0.09293173548757766,0.09041515640152027,0.0025165790860573883
7687,0.10441403587410303,0.09974396827490294,0.004670067599200092
7688,0.08265492182999949,0.08100952230446001,0.0016453995255394788
7689,0.0906131830721333,0.0870647376943016,0.0035484453778316938
7690,0.0784063418740309,0.08007113465016896,-0.0016647927761380688
7691,0.09339344453223007,0.08984219621214252,0.0035512483200875467
7692,0.08840260126603806,0.08770129716682602,0.0007013040992120412
7693,0.0931647966767709,0.08973399341611686,0.003430803260654036
7694,0.07933491630634683,0.07633806247050712,0.0029968538358397107
7695,0.07739528401237246,0.08070248057395622,-0.003307196561583764
7696,0.09803831228943077,0.09466339665038048,0.003374915639050291
7697,0.08285146131269455,0.08402088836900012,-0.001169427056305572
7698,0.08941052559446121,0.08802506221673634,0.0013854633777248687
7699,0.09446245529370388,0.0925728202290663,0.0018896350646375876
7700,0.09315714033859239,0.08927685982622661,0.0038802805123657746
7701,0.08127574328857992,0.07818442665402225,0.003091316634557667
7702,0.08352214512406884,0.08364280168720063,-0.00012065656313178796
7703,0.09358073190762566,0.08882091475357068,0.004759817154054977
7704,0.0971368712259262,0.09543576505901531,0.0017011061669108818
7705,0.08958779615895943,0.08142659843640004,0.008161197722559382
7706,0.0885925642394858,0.08418515087681856,0.004407413362667242
7707,0.10177672278068736,0.09795855586993481,0.0038181669107525545
7708,0.09137534551091143,0.09126061271044776,0.00011473280046367385
7709,0.09090640115392208,0.08818497229819817,0.0027214288557239064
7710,0.07588714458773128,0.075573221524474,0.00031392306325728203
7711,0.0834409286662021,0.08034436148922844,0.0030965671769736663
7712,0.0958536586222121,0.09351475699668788,0.00233890162552422
7713,0.09195100631834291,0.08739465179058328,0.004556354527759626
7714,0.08931449871511088,0.08943150573931502,-0.000117007024204141
7715,0.09708988455333947,0.09311496564744333,0.003974918905896144
7716,0.08919941770439621,0.08649125394075947,0.0027081637636367367
7717,0.09158904533348201,0.09071633729594271,0.0008727080375393048
7718,0.09656544400591362,0.0946558835925307,0.0019095604133829158
7719,0.08920748909008962,0.08340177825984851,0.005805710830241104
7720,0.09929036269727146,0.09754105017628564,0.001749312520985813
7721,0.09496212429495036,0.09071197372252973,0.004250150572420633
7722,0.09732285635585375,0.0933766974045937,0.003946158951260048
7723,0.08911928759287281,0.08992115573772118,-0.0008018681448483667
7724,0.09178309578353751,0.08700211720392424,0.004780978579613265
7725,0.09785804075332045,0.0937170035343428,0.004141037218977656
7726,0.08609412144559739,0.08372288139616216,0.0023712400494352304
7727,0.08100396691236078,0.08211642751424543,-0.001112460601884649
7728,0.09044853154120698,0.08831345040791135,0.0021350811332956354
7729,0.09336710563014657,0.08987750824355076,0.003489597386595808
7730,0.0840344565171956,0.08365853218306173,0.00037592433413387305
7731,0.09475455923615997,0.09233665409654832,0.0024179051396116535
7732,0.08108094694414254,0.08156835445547371,-0.0004874075113311671
7733,0.08918808222053709,0.08589754758063402,0.0032905346399030727
7734,0.09118955083602982,0.09157351912503918,-0.00038396828900935653
7735,0.08863852864081752,0.08709428454334986,0.0015442440974676591
7736,0.094913076418638,0.09223802714584459,0.0026750492727934116
7737,0.09345581931295448,0.09349873956402562,-4.292025107113795e-05
7738,0.08904072303309163,0.08978725022922675,-0.0007465271961351189
7739,0.08695511896389037,0.0837730828889854,0.0031820360749049703
7740,0.09123594445971152,0.09206559681695872,-0.0008296523572472042
7741,0.08473615343235544,0.08259578788203527,0.0021403655503201696
7742,0.08535350474294477,0.08422237802862376,0.0011311267143210152
7743,0.08199785320728337,0.08086350476447578,0.0011343484428075895
7744,0.10139625911039682,0.10102499840935407,0.0003712607010427499
7745,0.08963085542665197,0.087388196245788,0.0022426591808639706
7746,0.09056570056689302,0.08770370393780412,0.0028619966290888976
7747,0.08985809644768561,0.08546075985476514,0.004397336592920464
7748,0.07951719465739975,0.07783898953190498,0.0016782051254947694
7749,0.08430988287921512,0.08500472908717685,-0.0006948462079617301
7750,0.0892621607028399,0.0859979946930251,0.0032641660098148007
7751,0.08385321637599909,0.08115524109047315,0.0026979752855259415
7752,0.08277464079562862,0.07964357740366262,0.003131063391965991
7753,0.08084238765320376,0.07921047640801791,0.0016319112451858436
7754,0.09068720223345371,0.09013525020085936,0.0005519520325943522
7755,0.08919562960113066,0.0877750498056813,0.0014205797954493643
7756,0.08848599768075896,0.08736393239243471,0.001122065288324245
7757,0.08680086490428487,0.07978670525006018,0.007014159654224694
7758,0.08564120017003013,0.08468716056271822,0.0009540396073119128
7759,0.09308372064763634,0.09025296069635075,0.002830759951285594
7760,0.08111179119022083,0.07757721868574732,0.0035345725044735044
7761,0.09235342172402476,0.08975040543933334,0.002603016284691423
7762,0.09285220207629986,0.0910236344842079,0.001828567592091962
7763,0.09084589921665383,0.08765354613980474,0.0031923530768490915
7764,0.08279323723580076,0.08091337095293269,0.0018798662828680701
7765,0.09073652554456489,0.08711735738435662,0.0036191681602082693
7766,0.09263455284806951,0.08614524928854224,0.0064893035595272736
7767,0.09928945532628217,0.09610998061173887,0.003179474714543301
7768,0.08297889136640613,0.08225630988264925,0.0007225814837568817
7769,0.09952961101748928,0.09581205667967754,0.003717554337811735
7770,0.09247974810078888,0.08964695244216568,0.0028327956586231967
7771,0.0901955711751277,0.08990750813554431,0.0002880630395833972
7772,0.08994430780028194,0.08593135942350186,0.004012948376780082
7773,0.0835521498080908,0.08325238843773414,0.0002997613703566576
7774,0.08204029481414792,0.08174132188311267,0.00029897293103524347
7775,0.08468297068675851,0.08368389582385281,0.000999074862905694
7776,0.09474513336996498,0.09099802426676427,0.0037471091032007103
7777,0.091684739842784,0.0877205671855604,0.003964172657223597
7778,0.0932404358575269,0.08956945251047552,0.0036709833470513764
7779,0.09699902647882765,0.09385095375055466,0.0031480727282729853
7780,0.08795451518317444,0.08757555620102597,0.00037895898214847235
7781,0.09429911814937461,0.09105800763693608,0.0032411105124385275
7782,0.08854205353495458,0.08200651190343848,0.006535541631516095
7783,0.0889909528734595,0.08992637756325847,-0.0009354246897989721
7784,0.0848709368577617,0.08135455910272656,0.0035163777550351466
7785,0.0880672808812231,0.08512162110842009,0.0029456597728030193
7786,0.07852930705770497,0.07865358383577623,-0.00012427677807125281
7787,0.08599920628765094,0.08480073941934417,0.001198466868306769
7788,0.09772663294868367,0.0959992288789261,0.0017274040697575627
7789,0.10302800716126666,0.09910824167646105,0.003919765484805604
7790,0.0882592966289803,0.08551328702969296,0.0027460095992873357
7791,0.07887307900410787,0.07920192111789555,-0.00032884211378768347
7792,0.08494693895427419,0.07925913355583612,0.005687805398438064
7793,0.07387783951922208,0.06995682825190383,0.003921011267318253
7794,0.1013718334012957,0.1011120233431933,0.0002598100581023971
7795,0.08642381694877233,0.08600186623312797,0.0004219507156443536
7796,0.09788992112367831,0.09583876743725094,0.0020511536864273733
7797,0.08443974796040073,0.07926819922118442,0.005171548739216311
7798,0.09149652528931913,0.087651640526471,0.0038448847628481386
7799,0.09498086513679334,0.09179274427829405,0.003188120858499288
7800,0.08763028656236832,0.08760301673078666,2.7269831581661075e-05
7801,0.08946837271413952,0.08445904392567154,0.005009328788467979
7802,0.08743751708739786,0.08507838726624473,0.002359129821153133
7803,0.092293314286056,0.09213823179457603,0.00015508249147996866
7804,0.09377659100288473,0.09300125244811086,0.0007753385547738662
7805,0.09322453959057445,0.09012061284840979,0.003103926742164656
7806,0.09255256267275466,0.09017146167049678,0.002381101002257885
7807,0.08788069259212578,0.0843048034034235,0.003575889188702275
7808,0.0798870124235306,0.07580826876340876,0.004078743660121842
7809,0.0896766227809942,0.08578867165581563,0.0038879511251785626
7810,0.08944327820104907,0.09129598590493589,-0.001852707703886819
7811,0.08389546286639793,0.08199597616100324,0.0018994867053946929
7812,0.07768533454379913,0.0769500394492159,0.0007352950945832271
7813,0.08182887299799159,0.08374975105705018,-0.0019208780590585922
7814,0.08529471804622536,0.08210326273642976,0.0031914553097956017
7815,0.0916276138174283,0.08973298024521859,0.0018946335722097168
7816,0.07104000021847055,0.06844216948852182,0.0025978307299487358
7817,0.09328469320032627,0.09319978228467596,8.491091565031306e-05
7818,0.08504736145049667,0.08435290779444897,0.0006944536560476999
7819,0.09175616067667479,0.09047377192356264,0.0012823887531121514
7820,0.09538116463053423,0.09060283507231366,0.004778329558220565
7821,0.0833229586763827,0.08254660451500476,0.0007763541613779457
7822,0.08381646728510765,0.08283661517605641,0.0009798521090512435
7823,0.08481746310484274,0.07950566914843583,0.005311793956406907
7824,0.07750563297784327,0.07668082401278441,0.0008248089650588625
7825,0.0860812335229495,0.08587761752949195,0.00020361599345754267
7826,0.09521688186962939,0.08853676830474094,0.006680113564888443
7827,0.0950137843980362,0.09676859418080848,-0.0017548097827722736
7828,0.08843746318062792,0.08430171154224925,0.004135751638378676
7829,0.1005672019981057,0.09584214703989187,0.004725054958213834
7830,0.08114660898334135,0.0795205762133764,0.0016260327699649524
7831,0.09455809414344848,0.09436436534250588,0.00019372880094260803
7832,0.09386333414553709,0.0912119644323696,0.002651369713167484
7833,0.08570327498966851,0.08540966378563752,0.00029361120403098573
7834,0.09022730959969327,0.08789405703485532,0.002333252564837948
7835,0.09676923947544744,0.09457377290920811,0.0021954665662393263
7836,0.08932209381177095,0.09127298101111357,-0.0019508871993426241
7837,0.09266392406520427,0.08755841335672002,0.005105510708484251
7838,0.0870188700096049,0.08288239548207213,0.0041364745275327686
7839,0.09185225684743634,0.0888366272677566,0.0030156295796797405
7840,0.09420748266081781,0.0873500447183543,0.006857437942463518
7841,0.08872858518339923,0.08787637146193386,0.0008522137214653641
7842,0.09186270290553504,0.08611851350369437,0.005744189401840669
7843,0.08288541829896479,0.07998676508439674,0.002898653214568045
7844,0.08645697411446854,0.08489164333524091,0.0015653307792276305
7845,0.08597815669648629,0.08626847415254617,-0.00029031745605988257
7846,0.09260747928109041,0.08774813018666071,0.004859349094429699
7847,0.08439601854295865,0.08811056536575693,-0.003714546822798273
7848,0.08742498494853279,0.08469526778337831,0.00272971716515448
7849,0.09291861806908881,0.08634827301647273,0.006570345052616083
7850,0.09350313108069822,0.08794592479190365,0.005557206288794567
7851,0.08367149423488926,0.0826843660939462,0.0009871281409430666
7852,0.09455217787525935,0.09225527195753827,0.0022969059177210815
7853,0.08630156961231529,0.08450654168168911,0.001795027930626178
7854,0.08549803140451827,0.08276335552367552,0.002734675880842752
7855,0.08317720610858324,0.08127709422871723,0.0019001118798660094
7856,0.08822165613784835,0.08983452808760246,-0.0016128719497541105
7857,0.08513687606880635,0.08501862810778739,0.00011824796101896073
7858,0.08945789119605829,0.08757402343823376,0.0018838677578245366
7859,0.07982091133065351,0.07740914959464545,0.0024117617360080584
7860,0.09234898954935236,0.09246707583689978,-0.00011808628754741979
7861,0.09694445985509934,0.0929386002322201,0.004005859622879235
7862,0.08915879843517482,0.08514312492218735,0.004015673512987469
7863,0.08418110733428533,0.08627394172604133,-0.0020928343917560044
7864,0.09466041671341367,0.09428761513178105,0.000372801581632623
7865,0.08979847599520503,0.08745609645967849,0.0023423795355265453
7866,0.08602492016110154,0.08675616847309599,-0.000731248311994448
7867,0.08163705826074702,0.07770081969220913,0.003936238568537892
7868,0.08507620308102806,0.08132485482913983,0.003751348251888234
7869,0.08720640421255606,0.08555093451036828,0.001655469702187773
7870,0.08226922235822609,0.0871930121746939,-0.004923789816467808
7871,0.09097274672999758,0.08512925808994161,0.005843488640055974
7872,0.07564346403115005,0.07718813394438549,-0.0015446699132354441
7873,0.0809674606000443,0.08118551949452482,-0.0002180588944805245
7874,0.09386046699762787,0.09381694735553328,4.351964209459158e-05
7875,0.1034959442244874,0.09689962307058145,0.006596321153905946
7876,0.08669116587937373,0.08825607682961578,-0.0015649109502420544
7877,0.09064881167203034,0.08830449266170494,0.0023443190103254047
7878,0.08776305305288795,0.08532910749859834,0.002433945554289607
7879,0.1009233494215859,0.09774655797944103,0.0031767914421448745
7880,0.08162425538959868,0.07718121953236781,0.004443035857230868
7881,0.08551220330624149,0.08164453822554492,0.0038676650806965668
7882,0.08896578349930022,0.08768772841509904,0.001278055084201174
7883,0.08823364322209382,0.08448541207695155,0.003748231145142264
7884,0.08473285083708211,0.08492485901471603,-0.00019200817763391498
7885,0.09149877404724997,0.08946972714291822,0.002029046904331755
7886,0.08570433029119957,0.08459312296261211,0.0011112073285874657
7887,0.09671857080871091,0.09169974703079477,0.00501882377791614
7888,0.09340651237565639,0.08996348779871526,0.0034430245769411366
7889,0.08423569705646795,0.08857891996191267,-0.004343222905444713
7890,0.07868582169335908,0.07875973062468594,-7.390893132686038e-05
7891,0.08385662702571964,0.08263128597983428,0.0012253410458853559
7892,0.0878937994935708,0.08667708877868584,0.0012167107148849665
7893,0.08334082323794904,0.08623956721494515,-0.0028987439769961043
7894,0.09269187877728788,0.09234510067767275,0.0003467780996151276
7895,0.10123396324623479,0.099412170987774,0.001821792258460797
7896,0.08739866172868173,0.08626290142238464,0.0011357603062970845
7897,0.09913733174607599,0.09727679100701137,0.0018605407390646228
7898,0.08394907352651913,0.08138384481628229,0.0025652287102368443
7899,0.09290741836053075,0.09175296018500374,0.0011544581755270067
7900,0.08146090672047272,0.07945960280945273,0.0020013039110199915
7901,0.09116399036706561,0.09057723399736377,0.0005867563697018463
7902,0.08662442616812452,0.0836179823307582,0.0030064438373663127
7903,0.09214932635859911,0.08864617691038529,0.0035031494482138242
7904,0.09383232092861075,0.08998367385856983,0.003848647070040928
7905,0.08416626886325565,0.08244811700385205,0.001718151859403605
7906,0.0843291925965862,0.08426144002256822,6.77525740179763e-05
7907,0.0801551130955998,0.07868808731348596,0.0014670257821138427
7908,0.09660274359763105,0.09586899907750358,0.0007337445201274634
7909,0.09424124590953152,0.08914742980364088,0.0050938161058906445
7910,0.08894445206671822,0.09093132775902801,-0.001986875692309792
7911,0.0850042208416582,0.08556862658382877,-0.000564405742170565
7912,0.09408812719669726,0.09156844795202486,0.0025196792446724042
7913,0.0964942777748624,0.09172251661652524,0.004771761158337162
7914,0.0907325125202703,0.09101361429058485,-0.0002811017703145541
7915,0.08806227763211193,0.08645130568060544,0.0016109719515064874
7916,0.079501657430303,0.0795726741418071,-7.101671150409883e-05
7917,0.10163311448829625,0.09768105887122126,0.003952055617074984
7918,0.09177560848349879,0.08837994990731653,0.0033956585761822644
7919,0.10190609764942314,0.09841876782290793,0.0034873298265152147
7920,0.08260906117434583,0.08165476890604634,0.0009542922682994892
7921,0.09032061638318634,0.09015731481174143,0.00016330157144490987
7922,0.08161284246746249,0.07684729990564226,0.004765542561820227
7923,0.09212342473915061,0.0857320443990029,0.006391380340147718
7924,0.08811754479190918,0.08471025258418509,0.003407292207724094
7925,0.0916987728387342,0.09056798670346779,0.0011307861352664178
7926,0.08502160844534185,0.08283293602480557,0.002188672420536275
7927,0.07780911089973373,0.07768298675307238,0.00012612414666135496
7928,0.08032707238382111,0.08223139905087887,-0.001904326667057754
7929,0.08540651194359379,0.08347333649400392,0.0019331754495898745
7930,0.09501291862508346,0.09005883984547365,0.004954078779609808
7931,0.0834830041715007,0.08454695173280787,-0.001063947561307163
7932,0.08939569023099965,0.08933540920513294,6.0281025866706917e-05
7933,0.08484043308006001,0.0810422419965537,0.0037981910835063054
7934,0.10520666815785187,0.10360165932539644,0.001605008832455429
7935,0.09981352392744235,0.0966283685887746,0.0031851553386677417
7936,0.07652857847369068,0.07256596847727001,0.003962609996420674
7937,0.09449427298902284,0.0930651661624753,0.0014291068265475382
7938,0.10178956128370745,0.0977031477614651,0.004086413522242344
7939,0.09208942924027547,0.09020393413678025,0.0018854951034952133
7940,0.08602493361125645,0.08251106485350282,0.003513868757753627
7941,0.08203437038351807,0.0811347554104849,0.0008996149730331748
7942,0.09345459919066003,0.09251976255906111,0.0009348366315989204
7943,0.08773106662015648,0.08562220524809736,0.002108861372059123
7944,0.08227034355944575,0.0825380714259186,-0.0002677278664728472
7945,0.08261417392497611,0.08003275211919053,0.0025814218057855776
7946,0.09569114050546423,0.09376624104318974,0.0019248994622744903
7947,0.09778219477474695,0.09543994489739617,0.00234224987735078
7948,0.09755844448886411,0.09485203682099992,0.0027064076678641885
7949,0.0847983707066927,0.0808722763301605,0.003926094376532199
7950,0.08346186449314613,0.08218856385767342,0.0012733006354727072
7951,0.08048583899752279,0.07957920748419295,0.0009066315133298419
7952,0.08628080775530296,0.08141722847844858,0.0048635792768543795
7953,0.09693029780861373,0.09507197440467613,0.0018583234039376006
7954,0.08825869684397601,0.08707897583758083,0.0011797210063951846
7955,0.09381059063400495,0.09438655050414362,-0.0005759598701386703
7956,0.08707691401775368,0.08429078546401214,0.0027861285537415376
7957,0.08909829940899361,0.08546014043746125,0.003638158971532357
7958,0.09699898555862656,0.09507236476130267,0.0019266207973238914
7959,0.08568081724261939,0.08623582585494098,-0.0005550086123215919
7960,0.09282814683297394,0.09094810172701602,0.0018800451059579198
7961,0.08229967588699592,0.0827485668039713,-0.000448890916975378
7962,0.09635400743627275,0.09575267995808978,0.0006013274781829642
7963,0.09699379800810344,0.096872759869316,0.00012103813878744374
7964,0.1011297573070133,0.09763296725197454,0.003496790055038765
7965,0.09650801780583453,0.09027525010341798,0.006232767702416542
7966,0.08795102594174119,0.08807280333578177,-0.00012177739404058141
7967,0.08915681205065092,0.08680357874573395,0.002353233304916963
7968,0.09312336245512663,0.09047346652077357,0.0026498959343530665
7969,0.09579871697475809,0.09238458964012686,0.0034141273346312284
7970,0.08846686727982862,0.08758992250077242,0.000876944779056199
7971,0.09572580937513493,0.0916432297194241,0.004082579655710836
7972,0.08205120302898956,0.0791963901192528,0.0028548129097367703
7973,0.09356781985239684,0.0883408805292359,0.005226939323160942
7974,0.08157661423893017,0.08346632137913512,-0.0018897071402049492
7975,0.08465026896832129,0.08040905460101373,0.0042412143673075525
7976,0.09512343071469448,0.09454059584829416,0.0005828348664003169
7977,0.08838920456209653,0.08519419097749688,0.003195013584599657
7978,0.08864679999827071,0.09100932452599812,-0.002362524527727408
7979,0.08711714245370955,0.08383068683888352,0.003286455614826031
7980,0.09084198060436675,0.08698893748399636,0.0038530431203703946
7981,0.08665804218356968,0.08819531196048588,-0.0015372697769162058
7982,0.09560962407934605,0.09175511103166134,0.0038545130476847073
7983,0.08733917607287892,0.08730757285119424,3.1603221684675664e-05
7984,0.08438423335223039,0.08037971714243948,0.0040045162097909065
7985,0.08750856625132433,0.08366070917757301,0.0038478570737513207
7986,0.09185707141974692,0.09534854642198339,-0.0034914750022364688
7987,0.09042216346702468,0.08684628820360316,0.003575875263421527
7988,0.09286772715509295,0.09469946793747275,-0.0018317407823797982
7989,0.07688328900225509,0.07154585474709106,0.005337434255164031
7990,0.07933746756377254,0.07973848694086401,-0.0004010193770914716
7991,0.0862552584274755,0.08510734051738934,0.0011479179100861575
7992,0.07950066639794383,0.07727872507080266,0.0022219413271411664
7993,0.08861131153701962,0.08436892335397655,0.0042423881830430665
7994,0.08817235402789363,0.08304952681518017,0.005122827212713454
7995,0.09061629685573343,0.08394833667315219,0.006667960182581242
7996,0.09055992341984075,0.09017370818508486,0.0003862152347558906
7997,0.08574331258421283,0.0815310330001391,0.004212279584073733
7998,0.08614631144504709,0.08324414136158108,0.0029021700834660075
7999,0.08847898161412994,0.0825199318700355,0.005959049744094433
8000,0.0897473188271462,0.08760447570535247,0.0021428431217937333
8001,0.0900323750779593,0.08610390660319632,0.003928468474762983
8002,0.09555715540410176,0.09105394063798718,0.00450321476611458
8003,0.09805844584120862,0.09330006026802351,0.004758385573185114
8004,0.09241038352107812,0.0908055270167233,0.0016048565043548235
8005,0.0893244872696865,0.08548460177681261,0.0038398854928738957
8006,0.10086326329473817,0.09835664435073718,0.0025066189440009906
8007,0.09714209286397246,0.09251094535600894,0.004631147507963521
8008,0.09774316404628704,0.09572832412360247,0.002014839922684572
8009,0.08791995327577641,0.08517164380081324,0.0027483094749631704
8010,0.090239559034252,0.08787546734602811,0.0023640916882238933
8011,0.07485263212771674,0.0765773224424053,-0.001724690314688554
8012,0.0903592869187121,0.0873755238474172,0.002983763071294901
8013,0.08750974688198915,0.08528327665162051,0.002226470230368635
8014,0.09512952956552488,0.09212715049622895,0.0030023790692959296
8015,0.09920494917730362,0.09778709770123807,0.0014178514760655458
8016,0.07666449331878067,0.0786440796874499,-0.0019795863686692255
8017,0.0909559470095844,0.08845921234019886,0.0024967346693855336
8018,0.08726783130627581,0.08393500351229088,0.00333282779398493
8019,0.09049169138045385,0.08535849827658912,0.0051331931038647305
8020,0.08569072968307705,0.08585356656899314,-0.00016283688591609002
8021,0.09187159245671327,0.08621232418038655,0.0056592682763267205
8022,0.08525223761606292,0.07983952185799637,0.0054127157580665525
8023,0.08431539031513371,0.08061003935978625,0.003705350955347464
8024,0.0852060284534773,0.08255792898217781,0.0026480994712994865
8025,0.09030639296063162,0.08379545664082713,0.006510936319804483
8026,0.08263040436761164,0.08060653369317984,0.002023870674431799
8027,0.09032114800327151,0.09113606832492417,-0.0008149203216526596
8028,0.08535601810543579,0.08138240241531082,0.003973615690124971
8029,0.09735551471707209,0.09552123639291835,0.0018342783241537403
8030,0.09391921156581029,0.08871465748440041,0.005204554081409879
8031,0.09457874686196652,0.09315059531007427,0.0014281515518922427
8032,0.09845249227720515,0.09448998744830689,0.003962504828898261
8033,0.07935108536842742,0.07969616626860739,-0.00034508090017996984
8034,0.09587809621777661,0.09521481672885627,0.0006632794889203375
8035,0.09376081955210687,0.09185392350693983,0.001906896045167042
8036,0.09397004744146524,0.09360065424841,0.0003693931930552341
8037,0.08974038136330062,0.0892130252199129,0.000527356143387725
8038,0.09086944998594063,0.08862402476543739,0.002245425220503236
8039,0.08034110055092611,0.08170642903479614,-0.0013653284838700264
8040,0.09154626752486127,0.08902872108856351,0.0025175464362977573
8041,0.10468358181659877,0.09706454250350423,0.007619039313094544
8042,0.09752550273956719,0.09357341494301438,0.003952087796552803
8043,0.0829456172327052,0.08120702322918878,0.0017385940035164194
8044,0.0853126489392149,0.08230672847586572,0.0030059204633491876
8045,0.0809146680888332,0.08043248654733762,0.0004821815414955827
8046,0.0940566177687795,0.08969632706578934,0.004360290702990155
8047,0.09198132013834527,0.0882543753916743,0.003726944746670971
8048,0.0887793537438763,0.08412850145754615,0.004650852286330151
8049,0.08703702130672164,0.0893737542515889,-0.002336732944867262
8050,0.08806820098322453,0.08943870801052468,-0.0013705070273001552
8051,0.09078986160908188,0.08710378926490268,0.0036860723441791976
8052,0.08596675317598912,0.08333005967909098,0.002636693496898143
8053,0.08644545732583447,0.08525072911516451,0.0011947282106699597
8054,0.08854975273307203,0.08446251950977045,0.004087233223301581
8055,0.08470292275625671,0.08650205822331769,-0.0017991354670609805
8056,0.07979003077992959,0.08053387005694704,-0.0007438392770174468
8057,0.08508189207297605,0.07953300832455376,0.005548883748422287
8058,0.08425007232271413,0.08050149875378745,0.0037485735689266747
8059,0.08299095998968158,0.07981777713144643,0.0031731828582351462
8060,0.0934519262493325,0.08979080581433224,0.003661120435000262
8061,0.09717967219665175,0.09609249315433471,0.0010871790423170324
8062,0.0678616623662341,0.07397044159856049,-0.006108779232326389
8063,0.07698014104598458,0.07236920820820508,0.004610932837779497
8064,0.10348248856095235,0.10077970109014303,0.0027027874708093202
8065,0.08584576056598206,0.08235629155136498,0.0034894690146170804
8066,0.08957092957631317,0.0883323715303564,0.0012385580459567669
8067,0.09006175541231827,0.08968518977147558,0.00037656564084269373
8068,0.09307816585841117,0.08951212247854126,0.0035660433798699043
8069,0.08798377045108972,0.08390358659687967,0.004080183854210051
8070,0.08558639546586848,0.08198268490263624,0.0036037105632322347
8071,0.10316819714263144,0.09931510484493335,0.003853092297698091
8072,0.09151077137224874,0.09061769903991057,0.0008930723323381656
8073,0.09103889094970674,0.08598860621476473,0.005050284734942012
8074,0.08681174759219999,0.08678421959244628,2.7527999753709786e-05
8075,0.09086797143667347,0.08808312099739768,0.002784850439275788
8076,0.09188730922342592,0.08786613133426265,0.004021177889163272
8077,0.08620383067162601,0.08883590560122691,-0.0026320749296008944
8078,0.09473056850357754,0.09060040868581401,0.004130159817763532
8079,0.0935470552311946,0.09323962327579734,0.0003074319553972582
8080,0.09730699087474222,0.09261179494111126,0.0046951959336309634
8081,0.096147601796104,0.09321041774707121,0.002937184049032787
8082,0.0838534229344626,0.07901897054832427,0.004834452386138333
8083,0.08910548332119103,0.08535487094512566,0.0037506123760653737
8084,0.0957860724232257,0.09269213312395902,0.0030939392992666848
8085,0.09923570553424173,0.0946699782083044,0.004565727325937324
8086,0.09052761552645165,0.08694212482746369,0.0035854906989879615
8087,0.09458674524642834,0.08986096409159317,0.004725781154835171
8088,0.09739649844084669,0.09338311089680323,0.004013387544043456
8089,0.08175488492377955,0.07987241624810429,0.001882468675675264
8090,0.09319756113415112,0.09141528724792994,0.0017822738862211807
8091,0.10261590921998628,0.09810765946932548,0.004508249750660803
8092,0.08841001434055994,0.08566536593394303,0.002744648406616909
8093,0.08621665660104894,0.0837025644374658,0.0025140921635831287
8094,0.09290230603335277,0.09224288048968932,0.0006594255436634527
8095,0.08242797190523654,0.08269021293479048,-0.000262241029553939
8096,0.08747752338386125,0.0860441950047308,0.0014333283791304469
8097,0.09121032802926861,0.08662240381127082,0.004587924217997794
8098,0.09089616126105989,0.09199753218272343,-0.0011013709216635414
8099,0.08860854000030195,0.087871098344427,0.0007374416558749569
8100,0.08955434380807767,0.08701714813689426,0.0025371956711834065
8101,0.08702865421625242,0.08544840962295785,0.0015802445932945608
8102,0.09954536624603907,0.09447124542946715,0.005074120816571923
8103,0.08379020906339152,0.08603751815795636,-0.002247309094564845
8104,0.075454387562844,0.07616726631938847,-0.0007128787565444661
8105,0.07922323717770331,0.07670128778246375,0.002521949395239559
8106,0.08896527183118318,0.08498313278701196,0.003982139044171218
8107,0.08372691875273688,0.07973506187538432,0.0039918568773525676
8108,0.09166946108554802,0.08761723437283783,0.0040522267127101885
8109,0.10052665702844606,0.09594592408807227,0.004580732940373783
8110,0.08279792693042734,0.08222881591821121,0.000569111012216128
8111,0.09748506570554885,0.09481223382618155,0.0026728318793673017
8112,0.08717366833481247,0.08845737668283812,-0.0012837083480256584
8113,0.09912152500767167,0.09646236617666257,0.0026591588310091036
8114,0.09518919827816556,0.09325929210734561,0.0019299061708199505
8115,0.07977686149024435,0.07675124719314401,0.0030256142971003402
8116,0.09474360666706291,0.09396857232966632,0.0007750343373965907
8117,0.09204205759172104,0.08670658684440952,0.005335470747311527
8118,0.08253493646324046,0.08145317287628674,0.0010817635869537212
8119,0.08093120446919856,0.07475183115438494,0.0061793733148136215
8120,0.08868865034005559,0.08651962662126947,0.00216902371878612
8121,0.09227304101255285,0.08915881333563645,0.003114227676916395
8122,0.09655891513255002,0.09315602184312106,0.003402893289428957
8123,0.09294740824593446,0.08803093930059172,0.004916468945342742
8124,0.07946789064165458,0.0725068662768407,0.00696102436481387
8125,0.08813137166167238,0.0861523230443104,0.001979048617361978
8126,0.089857421377554,0.08798996499719691,0.0018674563803570826
8127,0.09236480288572319,0.09215186146341435,0.00021294142230883495
8128,0.09379207574242607,0.08899437753412957,0.004797698208296494
8129,0.08896492634465979,0.08346768659023712,0.005497239754422664
8130,0.0913679900618232,0.08812030094115376,0.003247689120669431
8131,0.09543392402431419,0.09274667874645348,0.0026872452778607114
8132,0.0812820377544445,0.07857218186424077,0.0027098558902037273
8133,0.08145350139832784,0.07804441356090272,0.0034090878374251204
8134,0.07956751502958162,0.08006084068247153,-0.0004933256528899116
8135,0.0921620562604322,0.09055432120529687,0.0016077350551353259
8136,0.08993496127682078,0.0876477256465373,0.0022872356302834768
8137,0.08824405865622716,0.08768533063724925,0.0005587280189779109
8138,0.09632934442437584,0.09412615013962164,0.002203194284754198
8139,0.0947158330997168,0.09108360073627894,0.0036322323634378623
8140,0.08373396409410987,0.08493733503036119,-0.0012033709362513217
8141,0.08701711675561383,0.08436088174382553,0.0026562350117882993
8142,0.09575495504583403,0.0963865171837828,-0.0006315621379487657
8143,0.08957659674081657,0.0870236296613074,0.0025529670795091663
8144,0.09444958529691615,0.09088840448948558,0.003561180807430564
8145,0.08521464314437659,0.08625877420204398,-0.0010441310576673885
8146,0.08195131302846513,0.07910458917979506,0.002846723848670074
8147,0.0962263352925242,0.09418412844765908,0.002042206844865113
8148,0.0908791812706558,0.08794541337494742,0.0029337678957083863
8149,0.08751078523715575,0.08095235855116843,0.006558426685987315
8150,0.08815745237652209,0.08754016924179865,0.000617283134723437
8151,0.0808298583500852,0.07863975600486588,0.0021901023452193247
8152,0.09515541717924031,0.09347115792002292,0.001684259259217391
8153,0.09673491851941982,0.09273081606707964,0.004004102452340175
8154,0.08647435377038692,0.08314191087182847,0.0033324428985584548
8155,0.07987852769002203,0.07695796900064478,0.0029205586893772534
8156,0.08366377037527047,0.08188049805460874,0.0017832723206617218
8157,0.10623438208918216,0.1019349696998813,0.004299412389300858
8158,0.1020614122570806,0.1005392670399525,0.0015221452171280958
8159,0.08985851655265592,0.0866499622004045,0.003208554352251425
8160,0.09563699790598672,0.0945825032395533,0.0010544946664334115
8161,0.0992279609725534,0.09687543186146172,0.0023525291110916835
8162,0.07971633431886564,0.0798392897405713,-0.00012295542170566442
8163,0.08474149387460023,0.08274497916579596,0.00199651470880427
8164,0.09207134511390613,0.09302280042276818,-0.0009514553088620509
8165,0.09271461555806997,0.09072699467672479,0.001987620881345173
8166,0.08067981462999999,0.07944453059500699,0.0012352840349929978
8167,0.0883189263303394,0.08561862549852536,0.002700300831814037
8168,0.09530468655507747,0.0904347557914427,0.004869930763634775
8169,0.09165072743502985,0.08849525918104133,0.0031554682539885193
8170,0.08754527794222039,0.08611082333441857,0.0014344546078018244
8171,0.0904430209421173,0.08745099986629346,0.0029920210758238447
8172,0.08380506763112426,0.08285648812450863,0.0009485795066156294
8173,0.08443470610875055,0.0831741849939288,0.0012605211148217499
8174,0.08720915278911866,0.08807019041614446,-0.0008610376270258013
8175,0.09282306752919849,0.08882374602649387,0.003999321502704614
8176,0.07855083176991645,0.07693496739949789,0.0016158643704185655
8177,0.07531874323870139,0.0801896048368071,-0.004870861598105708
8178,0.08968782411150082,0.08486212480754812,0.004825699303952699
8179,0.08846600253890848,0.0834199691299525,0.005046033408955972
8180,0.08532490192418599,0.08853365291030947,-0.0032087509861234847
8181,0.08259891877049659,0.08037582404531843,0.0022230947251781624
8182,0.09378162501503678,0.08981650507391697,0.00396511994111981
8183,0.0891212933620891,0.08507572238209161,0.004045570979997484
8184,0.08687752911283843,0.08889578056378172,-0.0020182514509432953
8185,0.09996554999450755,0.09863079440971723,0.0013347555847903203
8186,0.0857361066528405,0.08379860708909152,0.0019374995637489734
8187,0.08086606802072241,0.08081388964797917,5.2178372743239e-05
8188,0.08895408862600196,0.08786474693870722,0.0010893416872947426
8189,0.09159536641887185,0.09025555520266805,0.0013398112162038012
8190,0.09003113677091108,0.08752888558148259,0.0025022511894284977
8191,0.10170579862458318,0.0962662352854894,0.005439563339093775
8192,0.0889716557689193,0.08885382442499856,0.00011783134392073791
8193,0.09380388223399422,0.09074746896010932,0.003056413273884895
8194,0.08989587446737851,0.09223997318995848,-0.002344098722579971
8195,0.08678126396107098,0.08024866904264928,0.0065325949184217025
8196,0.09406322834004678,0.08980089482200997,0.004262333518036815
8197,0.08669863073925525,0.08268649794664534,0.00401213279260991
8198,0.09439668650185279,0.09076664264998444,0.003630043851868353
8199,0.09757950160352208,0.09286243916881423,0.004717062434707847
8200,0.10809448241725127,0.10884752615358688,-0.0007530437363356124
8201,0.09230519787400528,0.08809304970812934,0.004212148165875937
8202,0.10331924924941246,0.10011168515479707,0.003207564094615395
8203,0.09191215988519727,0.08989530408993233,0.002016855795264935
8204,0.09512547506183132,0.09093010274500196,0.004195372316829357
8205,0.08265508741896337,0.08118850314619525,0.0014665842727681205
8206,0.09283600504537982,0.08695834800042536,0.005877657044954465
8207,0.08951338266384753,0.08493821500954772,0.004575167654299814
8208,0.08537203201098734,0.08788551338341645,-0.0025134813724291133
8209,0.09975219768980811,0.09693871066975751,0.0028134870200506035
8210,0.09407880325766657,0.09029015564481367,0.0037886476128528995
8211,0.09327327644458387,0.08875101506136089,0.004522261383222981
8212,0.09775750155947013,0.09043725997730541,0.007320241582164724
8213,0.08731074418733087,0.08229285413213801,0.005017890055192861
8214,0.09986488231676947,0.09625984212956369,0.0036050401872057825
8215,0.09365907735522683,0.09318521647921238,0.00047386087601444804
8216,0.07684855981653406,0.08117814650846238,-0.004329586691928317
8217,0.08724993837200078,0.08474569109548762,0.0025042472765131607
8218,0.09909712034562823,0.09821326957432286,0.0008838507713053723
8219,0.09294860346117619,0.09104782599158143,0.0019007774695947582
8220,0.10131099824147785,0.09575646949480128,0.005554528746676571
8221,0.08203071588701853,0.07939359964276803,0.0026371162442505036
8222,0.09242626201004535,0.09249077340203651,-6.451139199116496e-05
8223,0.08461714864979072,0.08190311668940914,0.0027140319603815855
8224,0.09242911066160875,0.09546111101184583,-0.0030320003502370824
8225,0.08809237951195592,0.08796375598976569,0.00012862352219022988
8226,0.09414612342321509,0.09252051245595225,0.0016256109672628388
8227,0.07416406652093402,0.0725290566886468,0.001635009832287218
8228,0.08884928334965625,0.08779245870868685,0.0010568246409694004
8229,0.09625517744728618,0.09289889334827467,0.0033562840990115084
8230,0.07954058309327802,0.07935601817950175,0.00018456491377627504
8231,0.08867873175901254,0.08685487156980781,0.0018238601892047318
8232,0.08766538681320361,0.08505805037739003,0.0026073364358135814
8233,0.09708987813438143,0.09489747118177184,0.0021924069526095824
8234,0.09324606858887216,0.09180407256372272,0.001441996025149439
8235,0.10251616953713641,0.09700434912468628,0.00551182041245013
8236,0.0874005101171815,0.08759601424142768,-0.0001955041242461819
8237,0.08650143090259974,0.08506389529887237,0.0014375356037273634
8238,0.07814773228365957,0.07722691652606328,0.0009208157575962828
8239,0.10086250668812527,0.09855358494318031,0.0023089217449449584
8240,0.07480100455303544,0.07365351587298592,0.0011474886800495188
8241,0.09182671221800098,0.08914020669102903,0.002686505526971958
8242,0.08030345748298798,0.07996655478646762,0.0003369026965203553
8243,0.09157847558729594,0.08694263515401467,0.004635840433281274
8244,0.09330351059142243,0.09511000651779368,-0.0018064959263712488
8245,0.08356247842491557,0.0811251485706162,0.0024373298542993693
8246,0.08828737131610741,0.08577146961034914,0.002515901705758272
8247,0.09497567166256213,0.08839097876238387,0.0065846929001782545
8248,0.08841431870060981,0.08677664885250114,0.0016376698481086749
8249,0.08903386821930995,0.09083821578146252,-0.0018043475621525723
8250,0.09625708166956778,0.0945366635717842,0.0017204180977835881
8251,0.08837068187110247,0.08645500005998268,0.0019156818111197987
8252,0.09620527794672633,0.09558456726127841,0.0006207106854479172
8253,0.0855437036440099,0.08353216831545093,0.0020115353285589666
8254,0.08602597057764949,0.08426142869276548,0.0017645418848840078
8255,0.07988903136034164,0.07932314301349971,0.0005658883468419307
8256,0.08746639261774557,0.08436067300578305,0.0031057196119625152
8257,0.07890378958055025,0.0798354563920472,-0.0009316668114969506
8258,0.09027651838820248,0.09054070176666386,-0.0002641833784613745
8259,0.08422077499983639,0.08237876883386536,0.0018420061659710357
8260,0.08057289910163497,0.07847469959405548,0.0020981995075794874
8261,0.08778877367178212,0.0878919337910314,-0.00010316011924928203
8262,0.08171946004955709,0.08183946953101295,-0.00012000948145586554
8263,0.09176939057637234,0.08888334214163622,0.0028860484347361243
8264,0.09574125215984766,0.09232605344108027,0.003415198718767387
8265,0.08849345795018025,0.08622112346379422,0.0022723344863860295
8266,0.0850520605611786,0.08273644551578074,0.002315615045397859
8267,0.09762059116799478,0.09444959631954433,0.003170994848450445
8268,0.09230124412761463,0.09180606193226722,0.0004951821953474156
8269,0.08618492156615493,0.08559926725780201,0.0005856543083529175
8270,0.0943920636288778,0.09070790394350166,0.003684159685376137
8271,0.09077444163439463,0.08846475283471332,0.0023096887996813115
8272,0.08662690387873381,0.08088327094299295,0.005743632935740858
8273,0.09718391765967545,0.0958222954395918,0.0013616222200836525
8274,0.09232928123329817,0.09520225450974064,-0.002872973276442467
8275,0.0852002773435423,0.08460774974233669,0.0005925276012056085
8276,0.10271595890661087,0.09789211024110228,0.004823848665508584
8277,0.09469656002592115,0.08862486280104562,0.006071697224875536
8278,0.0844484179450713,0.07847983994645863,0.0059685779986126675
8279,0.09121103846524438,0.0885307614233958,0.002680277041848575
8280,0.08331714102939046,0.08230912902641058,0.0010080120029798828
8281,0.09539649295673008,0.09478788717372896,0.0006086057830011204
8282,0.09343361420701425,0.09175226601714023,0.0016813481898740185
8283,0.08043352910353976,0.07649146803450167,0.003942061069038091
8284,0.08934956589163721,0.08634820795446799,0.0030013579371692273
8285,0.09403448411315196,0.09500979271736683,-0.0009753086042148668
8286,0.09257422970852798,0.08863637430860893,0.003937855399919046
8287,0.08850512765288321,0.09051465153900316,-0.0020095238861199544
8288,0.08378016531212523,0.08471074456752754,-0.0009305792554023112
8289,0.08259877816642304,0.08091417312674226,0.0016846050396807782
8290,0.075911988136502,0.07797149874083356,-0.0020595106043315575
8291,0.07713299104305485,0.07873498266770912,-0.0016019916246542698
8292,0.08624741333148815,0.08280929400764518,0.0034381193238429697
8293,0.08542072924407836,0.08654261030512718,-0.001121881061048824
8294,0.08665487074432396,0.08865523210382004,-0.002000361359496078
8295,0.08924919295257627,0.0874020866134996,0.0018471063390766707
8296,0.08874716299551652,0.08521771315680211,0.0035294498387144074
8297,0.08466364748427577,0.0827872124964379,0.0018764349878378633
8298,0.08574423293270977,0.08582426538915378,-8.003245644400137e-05
8299,0.09533500677491598,0.09529290287262773,4.210390228824579e-05
8300,0.08316353331443373,0.08292291325124067,0.00024062006319305884
8301,0.09636124447458586,0.0933842004168946,0.0029770440576912527
8302,0.08283787033610471,0.0825957085077682,0.00024216182833650124
8303,0.08279093929772521,0.08143031101874644,0.0013606282789787733
8304,0.09686586797038224,0.09289042778287158,0.0039754401875106565
8305,0.09158836025829921,0.09099173799860569,0.0005966222596935217
8306,0.0890690550627491,0.08644857474990938,0.002620480312839721
8307,0.0878860580817969,0.08769674958304567,0.0001893084987512339
8308,0.0919301150276525,0.0875360526480041,0.0043940623796484
8309,0.09123298521281804,0.08880620232660323,0.002426782886214812
8310,0.09717568713798755,0.09721590543364282,-4.0218295655272684e-05
8311,0.08779462659480541,0.08492723837429239,0.002867388220513023
8312,0.08419203351821264,0.08535687586742609,-0.001164842349213449
8313,0.0869894779749292,0.0890243637361138,-0.0020348857611846016
8314,0.09037482439111554,0.08930566076164577,0.001069163629469766
8315,0.08789314274142002,0.08409782339247496,0.0037953193489450587
8316,0.08990344264785684,0.08837336642848861,0.0015300762193682232
8317,0.08502794117431833,0.08160450490383349,0.0034234362704848448
8318,0.0828487526302359,0.07692916267487852,0.005919589955357379
8319,0.07324410047874082,0.07512653411578367,-0.0018824336370428518
8320,0.09669137729939611,0.09643694669961062,0.000254430599785499
8321,0.07898597589880664,0.07763910922732267,0.0013468666714839678
8322,0.1014451996929868,0.09690113149614901,0.004544068196837794
8323,0.09312624261754238,0.09670972044007581,-0.003583477822533432
8324,0.09170175298462889,0.08859086688900582,0.003110886095623072
8325,0.09612199914823934,0.0898396895199595,0.006282309628279831
8326,0.09004025861986432,0.08303086226555537,0.007009396354308958
8327,0.0957815339789638,0.09361098696925876,0.0021705470097050372
8328,0.08055977456526786,0.07594077117239166,0.0046190033928762
8329,0.08411543171123292,0.08475996856265018,-0.0006445368514172573
8330,0.07724828863095529,0.07724641230004829,1.876330906994128e-06
8331,0.08264454995670444,0.08171474368643533,0.000929806270269104
8332,0.08030167059947972,0.0784613789206655,0.001840291678814221
8333,0.09163742721534324,0.08721812122250897,0.0044193059928342715
8334,0.08987714155805158,0.08491167870435043,0.004965462853701155
8335,0.09318904326843558,0.09097048505931768,0.002218558209117899
8336,0.08668698471165219,0.0816002698189865,0.0050867148926656836
8337,0.0868981317311964,0.08754168235789152,-0.0006435506266951191
8338,0.09116112811657778,0.0891302467258557,0.002030881390722078
8339,0.08990752660681531,0.08309801747263693,0.006809509134178382
8340,0.097665263751645,0.09551640952199875,0.002148854229646252
8341,0.09275332810810172,0.0902530729056568,0.002500255202444915
8342,0.08313460863959132,0.08254446579944046,0.0005901428401508674
8343,0.07957035280020122,0.08193744357560365,-0.002367090775402425
8344,0.08553152362471148,0.08384037208536513,0.0016911515393463472
8345,0.09176264581564016,0.08735390266823566,0.004408743147404498
8346,0.0839714429936483,0.08181083665705323,0.0021606063365950667
8347,0.08413334516646918,0.0819702016781124,0.002163143488356778
8348,0.08727851307627034,0.08670281252755287,0.0005757005487174727
8349,0.08557883105202105,0.08243110413889732,0.003147726913123733
8350,0.09838334187039445,0.0941478731400651,0.004235468730329345
8351,0.08285875223208565,0.08565462432195449,-0.0027958720898688394
8352,0.09222165187387027,0.08807595709862848,0.004145694775241793
8353,0.09249149006426872,0.0902766070478506,0.0022148830164181316
8354,0.0975814517389048,0.09498348718586387,0.0025979645530409268
8355,0.08959547332588386,0.09114232805205136,-0.0015468547261675014
8356,0.09593177069498572,0.0913781731280449,0.00455359756694082
8357,0.0891399821721378,0.09029783960265256,-0.001157857430514761
8358,0.09170260710169849,0.09022235652954189,0.0014802505721566023
8359,0.08784808270899723,0.08637017218852953,0.0014779105204676957
8360,0.08645284642597885,0.0875452947341324,-0.001092448308153554
8361,0.09136480795079349,0.08748478730441218,0.0038800206463813075
8362,0.08460031140255664,0.08355818740001617,0.0010421240025404732
8363,0.08312649416886957,0.08173269504245169,0.0013937991264178773
8364,0.0901422259615362,0.08749784076592472,0.0026443851956114844
8365,0.09175886553310904,0.08941476137617435,0.002344104156934687
8366,0.08477204017755123,0.08523611134748343,-0.00046407116993220365
8367,0.090940316690084,0.0860397603577773,0.004900556332306696
8368,0.09044507456286086,0.08812361898021863,0.002321455582642226
8369,0.08241336023666805,0.08138372474855261,0.001029635488115438
8370,0.08772180527684553,0.08496507906638222,0.0027567262104633145
8371,0.08977886649467412,0.0870383286631376,0.0027405378315365214
8372,0.0884743225084526,0.09101440289291343,-0.0025400803844608383
8373,0.08620990595688482,0.08431806568489532,0.001891840271989506
8374,0.0853074123859197,0.08171482156822353,0.0035925908176961674
8375,0.08640558489477929,0.08355926334111705,0.00284632155366224
8376,0.09060558711901816,0.08502609124704569,0.00557949587197247
8377,0.0936446387787862,0.0913517903786454,0.0022928484001408095
8378,0.08083042247690808,0.07847723482120651,0.002353187655701569
8379,0.08145787078496451,0.0758514561623749,0.005606414622589609
8380,0.0848386045433225,0.08303462410205233,0.0018039804412701699
8381,0.08496124215264224,0.08511892878200397,-0.0001576866293617335
8382,0.0861664100084749,0.08102423255506355,0.005142177453411348
8383,0.09084919421477039,0.08979191128184481,0.0010572829329255767
8384,0.09385325449161915,0.08969637720156488,0.004156877290054262
8385,0.08924807656506303,0.08523273426595374,0.004015342299109298
8386,0.08310415193050948,0.08210367579234845,0.0010004761381610244
8387,0.08048313441934996,0.07912594621802398,0.001357188201325979
8388,0.09560979150120336,0.0927665176381895,0.002843273863013862
8389,0.09955631769948514,0.0969226424796185,0.0026336752198666408
8390,0.08602329878955087,0.08576992583598311,0.00025337295356775424
8391,0.0910267492449488,0.08829011631589069,0.002736632929058111
8392,0.08843067187602446,0.08518802349334309,0.0032426483826813735
8393,0.08700295063039122,0.08231273965648889,0.004690210973902334
8394,0.0832521548810079,0.0796449350964881,0.003607219784519805
8395,0.08546351550823415,0.08065219718198065,0.004811318326253505
8396,0.08663023717141972,0.08720788288198549,-0.0005776457105657606
8397,0.08916681296889462,0.08881432146192922,0.00035249150696539666
8398,0.08172977349066504,0.08415511825816611,-0.0024253447675010725
8399,0.09501107560374424,0.09469467891471374,0.0003163966890304959
8400,0.08262730989495834,0.08206621013800178,0.0005610997569565623
8401,0.0984556515527663,0.09663622956100817,0.0018194219917581217
8402,0.09183653681238428,0.09125001381410484,0.0005865229982794373
8403,0.08771768328875282,0.08851045781316912,-0.0007927745244162981
8404,0.08613677381414596,0.08538592154738682,0.0007508522667591389
8405,0.0932911351667116,0.08714486298874267,0.0061462721779689256
8406,0.07803312536820352,0.07779596307602964,0.0002371622921738814
8407,0.09738150174023552,0.09517870564842328,0.0022027960918122452
8408,0.09078795376275653,0.08907456250430809,0.0017133912584484379
8409,0.09577039507288715,0.09296930043688179,0.0028010946360053635
8410,0.09175133269206862,0.08877228609320076,0.002979046598867857
8411,0.0882076064451981,0.0870375274706229,0.0011700789745751894
8412,0.0863843945896228,0.08436552160027243,0.0020188729893503704
8413,0.07897052922666756,0.0775868846195514,0.0013836446071161523
8414,0.09664078042825633,0.09384990429063017,0.002790876137626158
8415,0.0816535890115719,0.0818486245750485,-0.00019503556347660878
8416,0.10104894655838914,0.1007565975096822,0.00029234904870693856
8417,0.07728917758018572,0.07451927494247389,0.0027699026377118324
8418,0.09005174860797491,0.08609717538929955,0.0039545732186753585
8419,0.09033601933223408,0.09062839980470858,-0.00029238047247449883
8420,0.08293542602758863,0.08241531204056912,0.0005201139870195104
8421,0.08880981370972978,0.08576246826450057,0.0030473454452292076
8422,0.07967041826231631,0.08022208995529063,-0.0005516716929743204
8423,0.08416877582513475,0.08282976931741592,0.001339006507718829
8424,0.09577176513560594,0.09249806530829043,0.0032736998273155127
8425,0.08559879307818903,0.08368194546650132,0.0019168476116877137
8426,0.09429695747285569,0.08856152731645736,0.0057354301563983245
8427,0.08273770986726901,0.07813688052951645,0.004600829337752563
8428,0.08313470865840934,0.08518677960080251,-0.0020520709423931666
8429,0.09448011315711387,0.09230651100324451,0.0021736021538693584
8430,0.09609195535642727,0.09195420448259181,0.004137750873835458
8431,0.08991856652562942,0.08473301475014791,0.005185551775481509
8432,0.07967289355604408,0.08077811618136227,-0.001105222625318189
8433,0.0873368750659747,0.08577243774177173,0.0015644373242029719
8434,0.08672276819582556,0.08302025628181839,0.003702511914007167
8435,0.08160321875748199,0.08123442516823841,0.00036879358924357675
8436,0.08993013324453177,0.08477235131694916,0.005157781927582608
8437,0.09056287244215809,0.08967822782191108,0.0008846446202470104
8438,0.08711355651351321,0.0874210085885664,-0.0003074520750531856
8439,0.08881802134465894,0.08731912195439204,0.0014988993902669001
8440,0.09005565260323321,0.08534962325331402,0.004706029349919191
8441,0.0930613231986183,0.09127020278494169,0.001791120413676614
8442,0.10482716841961587,0.10354765281291607,0.0012795156066997965
8443,0.08773561352362239,0.08667752105631038,0.0010580924673120051
8444,0.08500104215585691,0.08428924362818387,0.0007117985276730437
8445,0.08994246676834976,0.08452888173357534,0.005413585034774418
8446,0.09070088017606748,0.08848744639157374,0.0022134337844937346
8447,0.08446010186532878,0.08508733689653133,-0.0006272350312025582
8448,0.09418710845495396,0.09410586017993382,8.124827502013765e-05
8449,0.08387427819428522,0.0828761201656166,0.000998158028668622
8450,0.09246656515412344,0.08860495898352033,0.0038616061706031046
8451,0.0825903213533562,0.0800716476740221,0.002518673679334102
8452,0.08809424826150375,0.08499873767103776,0.0030955105904659913
8453,0.09257331141682153,0.09039564344989881,0.0021776679669227167
8454,0.10208254993565494,0.09852473952918185,0.003557810406473086
8455,0.07433318171950086,0.07808986555116959,-0.0037566838316687307
8456,0.08650810737835109,0.08211116931646412,0.004396938061886971
8457,0.07925470583118954,0.07700375485220783,0.0022509509789817167
8458,0.08951016643951493,0.09004608576578399,-0.0005359193262690631
8459,0.08496676196021316,0.08461837309928712,0.0003483888609260438
8460,0.0863365206533137,0.08570583489221707,0.0006306857610966221
8461,0.08296920126037739,0.08227432613445969,0.0006948751259177044
8462,0.09569890986699718,0.09468827981218779,0.0010106300548093916
8463,0.08392387009828896,0.08246919377038739,0.001454676327901569
8464,0.0915760966592018,0.08802875036981687,0.0035473462893849256
8465,0.09065172512216493,0.08832316630467414,0.0023285588174907917
8466,0.09383524693174072,0.08707113484797771,0.006764112083763013
8467,0.08049724695219351,0.07968200437958484,0.0008152425726086765
8468,0.10066597003768013,0.09963223403170987,0.0010337360059702594
8469,0.08622536610172395,0.08410973054569451,0.0021156355560294354
8470,0.09182024586517958,0.09070021378039954,0.0011200320847800371
8471,0.07787105548045303,0.07539956836449414,0.0024714871159588897
8472,0.08996834751365729,0.08767452637763838,0.002293821136018906
8473,0.08944366728758935,0.08810646633030318,0.0013372009572861637
8474,0.09125421606294493,0.08781088217708333,0.003443333885861599
8475,0.08604007351328426,0.08453244163156393,0.001507631881720331
8476,0.0827073470764186,0.0809497552199277,0.0017575918564908949
8477,0.09310964265137844,0.08892246488147972,0.004187177769898728
8478,0.08444333993782698,0.08486800797090624,-0.0004246680330792646
8479,0.09684014540300112,0.09724490958453974,-0.00040476418153861937
8480,0.09092220901415943,0.08634204936405235,0.00458015965010708
8481,0.08696213662016794,0.08388129193032115,0.00308084468984679
8482,0.07702795613069141,0.07884407745538752,-0.0018161213246961072
8483,0.08104746561905028,0.08337421065695765,-0.002326745037907363
8484,0.08844748134974054,0.08745945471019903,0.000988026639541506
8485,0.08167034389246776,0.08263840017826493,-0.0009680562857971725
8486,0.08131965137927327,0.08071578237669762,0.0006038690025756549
8487,0.10594818758984045,0.1061838851066508,-0.00023569751681035145
8488,0.0879345206944567,0.08823657357903057,-0.0003020528845738696
8489,0.09536024019952197,0.09002284836674958,0.00533739183277239
8490,0.10000175811484303,0.09643088296047383,0.003570875154369199
8491,0.08471646810795966,0.0831575370431953,0.00155893106476436
8492,0.0947536289536447,0.09144533210450886,0.0033082968491358333
8493,0.08043165547293893,0.0824363509965432,-0.002004695523604272
8494,0.09171625948585903,0.08989341477021952,0.00182284471563951
8495,0.0919821777885252,0.08811906487414763,0.0038631129143775755
8496,0.08994892934747246,0.09043632116269162,-0.00048739181521915975
8497,0.09112412625093579,0.09037704424785863,0.0007470820030771597
8498,0.09130420624439671,0.08835155263717064,0.0029526536072260745
8499,0.08602963417220709,0.08413472673921224,0.0018949074329948495
8500,0.08800556064531066,0.08827107369912775,-0.0002655130538170847
8501,0.0754273639963681,0.0765902516056672,-0.0011628876092990986
8502,0.08414768267219676,0.08204387129051231,0.002103811381684445
8503,0.08702809877506629,0.08618822368885576,0.0008398750862105286
8504,0.08223356331057273,0.08090059645235739,0.001332966858215337
8505,0.09016612080990813,0.08921057453748295,0.0009555462724251812
8506,0.08985921033841708,0.08939946372852509,0.000459746609891995
8507,0.09316493718959568,0.08842854215638836,0.004736395033207316
8508,0.08368705636050262,0.08287741040137818,0.0008096459591244443
8509,0.09454090856505938,0.09437644471011952,0.0001644638549398586
8510,0.0948403892286588,0.09048739774693573,0.004352991481723065
8511,0.08041460446762581,0.08242620149159843,-0.0020115970239726194
8512,0.09059511173411167,0.0886387872331192,0.001956324500992465
8513,0.08755242656882284,0.08356013004457553,0.003992296524247305
8514,0.08947723232816623,0.08709888706320854,0.0023783452649576986
8515,0.09264604062195081,0.09259599585414358,5.004476780723355e-05
8516,0.08898246578723384,0.08819832519006848,0.0007841405971653614
8517,0.10436256898571761,0.10505409451353975,-0.0006915255278221455
8518,0.09267739635167314,0.09072971967771871,0.0019476766739544293
8519,0.08366219635780087,0.07979128308610929,0.0038709132716915756
8520,0.09314453462743895,0.09524787613380661,-0.0021033415063676647
8521,0.08848535810348361,0.08512954274678218,0.0033558153567014304
8522,0.08862840981472035,0.08668174057489333,0.0019466692398270175
8523,0.08633741547752558,0.08349670162693348,0.0028407138505920915
8524,0.09964645875149,0.09759977946236903,0.002046679289120973
8525,0.09576259533937048,0.09009118931338815,0.005671406025982331
8526,0.08911856553016187,0.08905779870880418,6.0766821357693956e-05
8527,0.09549840260265452,0.0929170066121899,0.0025813959904646133
8528,0.10881378048153048,0.10469759239423722,0.004116188087293263
8529,0.08013218193977217,0.08173064173592534,-0.0015984597961531677
8530,0.08292094714111417,0.08141900960031355,0.0015019375408006214
8531,0.08547768941741558,0.08176831843231877,0.003709370985096813
8532,0.09908191411906153,0.09757852182136426,0.0015033922976972758
8533,0.0831436987488054,0.08097690843060708,0.0021667903181983167
8534,0.08472995105404361,0.08024231101688706,0.004487640037156557
8535,0.08187447648511531,0.08215442404342063,-0.00027994755830532125
8536,0.08902833186484366,0.08795936531653781,0.0010689665483058497
8537,0.11288744323094976,0.10999437053354832,0.0028930726974014387
8538,0.09100133187212373,0.08805430308461802,0.002947028787505704
8539,0.08895047535234743,0.08395531491603522,0.004995160436312207
8540,0.0767861368124688,0.0747813125317413,0.002004824280727499
8541,0.0921172514131845,0.09199904945767769,0.0001182019555068109
8542,0.09394215462784664,0.09419875578629741,-0.00025660115845077547
8543,0.09338433822820305,0.09173225343550526,0.0016520847926977944
8544,0.08241535382794155,0.079398845413611,0.003016508414330543
8545,0.09953929483749772,0.09649313489474041,0.0030461599427573094
8546,0.08068756176172358,0.07891196482736214,0.0017755969343614397
8547,0.09732207359500833,0.09789512250995848,-0.00057304891495015
8548,0.0958302571193949,0.09516915971382356,0.0006610974055713398
8549,0.0896770730572761,0.08487663969058447,0.004800433366691628
8550,0.08360188404876948,0.08506562749688357,-0.001463743448114091
8551,0.0770773055651455,0.07274467934547096,0.004332626219674535
8552,0.0852447463097374,0.07731019035982512,0.007934555949912284
8553,0.08703729367787648,0.08094625716099153,0.006091036516884946
8554,0.08983768270462213,0.08900731965221634,0.0008303630524057887
8555,0.09288147240562379,0.09103428953427017,0.001847182871353617
8556,0.0742011322396913,0.07192873368107419,0.002272398558617106
8557,0.0904531600446856,0.08618719437581251,0.0042659656688730785
8558,0.074306485711695,0.07515170113700267,-0.0008452154253076744
8559,0.09685443612868556,0.09263537356988191,0.004219062558803652
8560,0.07948131707854844,0.08176378771709931,-0.0022824706385508736
8561,0.08682462298924523,0.08716889189531836,-0.000344268906073128
8562,0.07921436414326431,0.08025672695045341,-0.0010423628071890984
8563,0.09410682561865899,0.09224123209374308,0.001865593524915915
8564,0.08803636946589637,0.08834108312225966,-0.00030471365636329517
8565,0.09574355980503418,0.09289695803190144,0.0028466017731327425
8566,0.08752798740510659,0.08416486292263635,0.0033631244824702394
8567,0.08812639477181321,0.08952359608105377,-0.0013972013092405644
8568,0.08791911663478254,0.08612894611899184,0.0017901705157906955
8569,0.08719224171325615,0.08675114286693164,0.00044109884632451135
8570,0.10092571447982149,0.09705122621433969,0.0038744882654817986
8571,0.09473053421045986,0.09403047930686254,0.0007000549035973275
8572,0.0990718637898003,0.0948053572932549,0.004266506496545405
8573,0.09010470184819244,0.08579914081998072,0.004305561028211724
8574,0.08430184311656495,0.0807459698746349,0.0035558732419300465
8575,0.09574348462530445,0.09221430925981586,0.0035291753654885932
8576,0.08644702409089153,0.08605648292248827,0.0003905411684032578
8577,0.0917346970646131,0.08929327612780351,0.002441420936809588
8578,0.10010543298654276,0.09437036809773063,0.005735064888812133
8579,0.08073462523990767,0.07672075204925972,0.004013873190647943
8580,0.08555874216150693,0.0853882884172828,0.00017045374422412773
8581,0.09321069933976484,0.08556487398124811,0.007645825358516725
8582,0.08336914053477067,0.08048784268899495,0.0028812978457757182
8583,0.08823981424967056,0.0874613139500185,0.0007785002996520685
8584,0.0898540585579126,0.08972148932620708,0.0001325692317055288
8585,0.08937826828658536,0.08678376804673178,0.002594500239853581
8586,0.08687918528648429,0.0853955826002953,0.001483602686188995
8587,0.08923535303663424,0.08328427921740571,0.005951073819228533
8588,0.09617482776915551,0.09590897880044236,0.00026584896871315045
8589,0.0872119469115215,0.08259312520201324,0.004618821709508253
8590,0.08230172339636847,0.08289109434599698,-0.0005893709496285066
8591,0.08469295653478869,0.07838362699817933,0.006309329536609357
8592,0.09595502313125338,0.09273129018514271,0.003223732946110669
8593,0.08707374051482446,0.0864646625474054,0.0006090779674190611
8594,0.09949093248582237,0.0983852156895681,0.0011057167962542774
8595,0.10079633338351596,0.09634637305832021,0.004449960325195748
8596,0.10369827120095293,0.09922321706203234,0.0044750541389205895
8597,0.08531266178359358,0.08476930582456056,0.000543355959033015
8598,0.08329011986839387,0.08203006247234965,0.0012600573960442202
8599,0.09531605935381196,0.09074532433340918,0.004570735020402783
8600,0.0902292060346594,0.08974829813035493,0.00048090790430448116
8601,0.08027031837649011,0.07869542534234183,0.0015748930341482753
8602,0.08661070799397469,0.08219520938740178,0.004415498606572907
8603,0.08295577094896715,0.08421469447410043,-0.0012589235251332792
8604,0.08835381087152681,0.08489105795188623,0.0034627529196405854
8605,0.07649820267550514,0.074731633344281,0.001766569331224141
8606,0.0858310263981862,0.08424364502456333,0.0015873813736228676
8607,0.09291291076251516,0.09237092935312605,0.0005419814093891168
8608,0.09559214883724777,0.08976753845121416,0.005824610386033616
8609,0.08045361105937367,0.07933852465905211,0.001115086400321555
8610,0.07981409069990952,0.07627693610066479,0.003537154599244738
8611,0.07297134243703873,0.0731793162398572,-0.00020797380281846467
8612,0.09502359390572618,0.09070160735927477,0.004321986546451412
8613,0.0810257257764781,0.08020186884233263,0.0008238569341454671
8614,0.09926223332497455,0.0989830533070515,0.0002791800179230558
8615,0.08222133106609295,0.08199679822500322,0.00022453284108972515
8616,0.09778710174527512,0.09270063249933788,0.005086469245937239
8617,0.09208667181105143,0.08990421511692653,0.0021824566941248957
8618,0.08367179237185329,0.08009029805570872,0.0035814943161445734
8619,0.09067389767390596,0.08890205083998357,0.001771846833922397
8620,0.08373458410239679,0.08206698260365121,0.0016676014987455773
8621,0.09359303197099325,0.09206890505422467,0.0015241269167685784
8622,0.09490180862206517,0.08727054518854595,0.00763126343351922
8623,0.08839599359209253,0.08465715155431036,0.0037388420377821724
8624,0.09817154786028293,0.09818249424520667,-1.0946384923743446e-05
8625,0.10175528235440524,0.0969137128194139,0.004841569534991347
8626,0.09007791307928029,0.08677224775120235,0.003305665328077939
8627,0.09232290852485374,0.09045962375787775,0.0018632847669759894
8628,0.08028685660106515,0.07704771299251975,0.0032391436085453945
8629,0.0911417637356745,0.08827931439727735,0.0028624493383971467
8630,0.08965231940062815,0.09032303734793387,-0.0006707179473057212
8631,0.09176182810568446,0.08702944710757056,0.004732380998113905
8632,0.08242292664158601,0.08267328206166509,-0.0002503554200790764
8633,0.0952674787690416,0.0923934291069679,0.002874049662073691
8634,0.09079041340659513,0.08678087649556568,0.004009536911029454
8635,0.09667444210758652,0.09242957076580396,0.004244871341782558
8636,0.09557470197989654,0.09010435291532848,0.005470349064568059
8637,0.0944289314380357,0.090851553027867,0.0035773784101686967
8638,0.09101058728530116,0.09082723176167429,0.00018335552362687413
8639,0.08899614478217897,0.08892573717189148,7.040761028749565e-05
8640,0.0921379411125027,0.08943008587108782,0.002707855241414883
8641,0.0899100495387983,0.08832283952413682,0.001587210014661486
8642,0.08742882781722935,0.08764365986771376,-0.00021483205048440646
8643,0.08427881799840649,0.0843348155952435,-5.599759683701244e-05
8644,0.09357184721027256,0.09079643286807139,0.002775414342201174
8645,0.0888523066486514,0.08555914250801686,0.003293164140634547
8646,0.10682974677676496,0.10598416065140207,0.000845586125362896
8647,0.07240511619238953,0.07622565337395448,-0.0038205371815649564
8648,0.08433023209362883,0.08248352492502717,0.0018467071686016634
8649,0.08761451259125623,0.08432714379806217,0.003287368793194065
8650,0.08387461674152002,0.08077844118639274,0.003096175555127284
8651,0.0877691353445413,0.08624599897594062,0.0015231363686006721
8652,0.09132465641936564,0.0918121923507249,-0.0004875359313592509
8653,0.07598514972734734,0.07093949234963765,0.005045657377709692
8654,0.09454878320948504,0.09075518719664102,0.003793596012844014
8655,0.09199094708891077,0.09101996170550007,0.0009709853834106996
8656,0.09155765787768563,0.08871068743482227,0.0028469704428633613
8657,0.08716857857550532,0.0854285523839158,0.0017400261915895138
8658,0.07204202044474971,0.07288515784254891,-0.000843137397799204
8659,0.10097199135174002,0.0968383917238103,0.004133599627929724
8660,0.078331584486893,0.0786755577092393,-0.00034397322234630545
8661,0.08866679801296132,0.0872475653092107,0.0014192327037506197
8662,0.08356146798524951,0.08089242308310676,0.002669044902142745
8663,0.08958509354026331,0.08608819685552999,0.003496896684733325
8664,0.08518498642285055,0.08223445313713425,0.002950533285716303
8665,0.08603071535631772,0.08257328661112162,0.0034574287451960978
8666,0.07796011266435662,0.07701781115182861,0.0009423015125280126
8667,0.08362578216456507,0.08559139292338394,-0.0019656107588188754
8668,0.0857582246805914,0.08337373524300708,0.0023844894375843195
8669,0.08987158811281072,0.08799081783103048,0.0018807702817802419
8670,0.08138193406334022,0.08075904570392965,0.0006228883594105727
8671,0.08757507918243546,0.08556364256101238,0.002011436621423071
8672,0.09273789942831334,0.09185683244086468,0.0008810669874486643
8673,0.08817322458641796,0.08672328190562996,0.001449942680788005
8674,0.08956571425459166,0.0899392430561501,-0.0003735288015584426
8675,0.09104928800436717,0.08832217674292933,0.002727111261437834
8676,0.0812992349375881,0.08017071007026151,0.0011285248673265913
8677,0.09404523299017761,0.09031925076857245,0.0037259822216051675
8678,0.09122112382339317,0.08658598763808302,0.004635136185310154
8679,0.09815901162470828,0.09757321534580149,0.0005857962789067861
8680,0.09054840187604961,0.08832742773420227,0.00222097414184734
8681,0.10122463843130122,0.09614515828655648,0.005079480144744741
8682,0.09814780145708708,0.09835614467261668,-0.0002083432155295939
8683,0.08701009046380238,0.08394246901397548,0.0030676214498269044
8684,0.08610882121057244,0.08063624383114212,0.005472577379430313
8685,0.09480338725248864,0.09210158384776397,0.002701803404724673
8686,0.08485839976089996,0.08270076745268325,0.0021576323082167087
8687,0.07136170226674435,0.07247192520102799,-0.0011102229342836445
8688,0.09248419823334501,0.08943279832103507,0.003051399912309946
8689,0.08995136175342971,0.09017137351662174,-0.00022001176319202953
8690,0.0943328470877617,0.09023961366977729,0.004093233417984413
8691,0.09542107125630306,0.09446474752589235,0.0009563237304107131
8692,0.09058730839493948,0.08810233122768164,0.002484977167257832
8693,0.09915751586995677,0.09602007641265932,0.0031374394572974557
8694,0.09411541623853342,0.0930877830596426,0.0010276331788908188
8695,0.08973604533402241,0.08890903652903047,0.0008270088049919383
8696,0.08910781892535374,0.08641949789822083,0.0026883210271329144
8697,0.08715875151901029,0.08441966234512263,0.0027390891738876544
8698,0.09494014136585109,0.09131087505154592,0.003629266314305171
8699,0.08763014930921885,0.08374337686617334,0.0038867724430455136
8700,0.09540786332914628,0.09181872769817931,0.0035891356309669664
8701,0.07647547541118745,0.07716850269249251,-0.0006930272813050614
8702,0.09204546110167598,0.08969926714732794,0.0023461939543480415
8703,0.09096873200546896,0.08988506693785336,0.0010836650676155912
8704,0.07541747070527742,0.07766535381730225,-0.002247883112024826
8705,0.09335223124688471,0.09068713562076308,0.002665095626121633
8706,0.09398355418383739,0.09033048801357606,0.0036530661702613293
8707,0.095831730094529,0.0951083399041786,0.0007233901903504064
8708,0.09458041411404688,0.0924039255903959,0.002176488523650988
8709,0.08627178590976303,0.08330991250720543,0.002961873402557602
8710,0.09404586107011625,0.09267510924507456,0.0013707518250416911
8711,0.09188804524615965,0.08941043668616201,0.0024776085599976377
8712,0.0859532793183774,0.08229762680584773,0.003655652512529667
8713,0.09120846187544593,0.09247665262759969,-0.0012681907521537583
8714,0.07896023381865588,0.07653445079007316,0.0024257830285827203
8715,0.09454647654587782,0.09152449355535662,0.0030219829905211992
8716,0.08629578799154541,0.0851652330803153,0.001130554911230111
8717,0.08445667389925039,0.08199947573446233,0.002457198164788066
8718,0.10201245375398604,0.09659297992580414,0.005419473828181906
8719,0.087631906415466,0.08604226299124705,0.0015896434242189533
8720,0.0920141638574808,0.0911037724241332,0.0009103914333476043
8721,0.08999945537895572,0.08893750420107617,0.0010619511778795498
8722,0.1000517703808204,0.09768303162224472,0.0023687387585756836
8723,0.09314927267964775,0.09036800852837623,0.0027812641512715147
8724,0.07030079372086401,0.06835591022426415,0.001944883496599853
8725,0.08399183665024866,0.08411970292977834,-0.00012786627952968144
8726,0.0885033587426503,0.08817918135143682,0.0003241773912134871
8727,0.08405141716165072,0.0814216055302075,0.002629811631443227
8728,0.08568473667122903,0.08362966890382899,0.00205506776740004
8729,0.08361202445922142,0.084205630212981,-0.0005936057537595796
8730,0.08884306323535247,0.08503824076747304,0.003804822467879429
8731,0.08783257336050997,0.08874985866815324,-0.0009172853076432758
8732,0.08179538358794017,0.07910715384980017,0.002688229738139994
8733,0.09545704234024728,0.0938075468121073,0.001649495528139977
8734,0.08457746394612783,0.08400094804757746,0.0005765158985503727
8735,0.09153256301152216,0.09074202392908465,0.000790539082437508
8736,0.092464065914256,0.09364219329743265,-0.0011781273831766442
8737,0.09276818556187698,0.08998994902560246,0.0027782365362745143
8738,0.08164211801956213,0.07931642057937185,0.0023256974401902747
8739,0.08273762576884662,0.08559398980558022,-0.0028563640367336024
8740,0.08135308122798393,0.07934696772445131,0.002006113503532622
8741,0.0834111571237536,0.08257979646266639,0.000831360661087216
8742,0.08114743620623964,0.0799956309956165,0.0011518052106231358
8743,0.09242399117388467,0.08811977538356074,0.004304215790323931
8744,0.08352768883039234,0.08146275377359832,0.002064935056794018
8745,0.08140246295042655,0.07797581575759951,0.003426647192827037
8746,0.10054637039230738,0.09793212934830951,0.002614241043997864
8747,0.07925521050439158,0.07523463170044946,0.004020578803942118
8748,0.09918627202296554,0.09390338288867232,0.005282889134293214
8749,0.08376470769425717,0.08258968138885536,0.0011750263054018106
8750,0.09082219925047318,0.08802098467678526,0.002801214573687913
8751,0.09835044756655863,0.09680987698598081,0.001540570580577813
8752,0.08432953070251088,0.08228068153130022,0.002048849171210662
8753,0.0828849911055464,0.0826529024304997,0.0002320886750466905
8754,0.08321250701818662,0.08116861712277039,0.0020438898954162343
8755,0.07558108375182075,0.08066764083672724,-0.00508655708490649
8756,0.08934115454796633,0.08645120531346089,0.0028899492345054456
8757,0.09073047487367952,0.08867429675336153,0.0020561781203179974
8758,0.08372957195979407,0.08788929146707412,-0.0041597195072800575
8759,0.0811962148141998,0.08081761639034316,0.0003785984238566381
8760,0.09276579168122322,0.0891278301100319,0.0036379615711913116
8761,0.08168480711502342,0.07598776880590585,0.005697038309117566
8762,0.07652173162098246,0.07588123688124782,0.00064049473973464
8763,0.09349888278687087,0.0933069468420629,0.00019193594480797216
8764,0.08999195038241904,0.08689058310008517,0.0031013672823338723
8765,0.0970688728301136,0.0947813071592011,0.0022875656709124975
8766,0.09455264428507247,0.08766589669566463,0.006886747589407841
8767,0.09530454933397649,0.0912543696913195,0.004050179642656984
8768,0.09619458401357717,0.09392595088264333,0.0022686331309338392
8769,0.08582555621177923,0.08367944965396916,0.0021461065578100708
8770,0.08054412269923213,0.08192143107043255,-0.0013773083712004253
8771,0.096690400639963,0.09442426770589825,0.0022661329340647463
8772,0.0945598820336053,0.09554882790005004,-0.0009889458664447404
8773,0.09618057119219343,0.09501905209219823,0.0011615190999952063
8774,0.08263219750066986,0.07926235513175164,0.0033698423689182133
8775,0.09416293960493517,0.08916729644246099,0.004995643162474181
8776,0.0933080707158393,0.09150561560071523,0.0018024551151240714
8777,0.08878606273071411,0.08767312650952679,0.0011129362211873273
8778,0.09042707614455572,0.0872713760929202,0.0031557000516355266
8779,0.09434504691815743,0.09189624523988676,0.0024488016782706623
8780,0.10138747828666313,0.0964065012784159,0.004980977008247234
8781,0.08320606833617124,0.08049871175194004,0.002707356584231199
8782,0.08703606392172232,0.08596550870059326,0.0010705552211290603
8783,0.0802189657731753,0.07850021976568365,0.0017187460074916533
8784,0.09445603474159271,0.09214471146210773,0.002311323279484981
8785,0.08887072763981621,0.0894187680092827,-0.0005480403694664848
8786,0.09134747417176857,0.0907554263733567,0.0005920477984118627
8787,0.07859612232849379,0.08180148970800977,-0.003205367379515975
8788,0.0872856108136979,0.08551545954991115,0.001770151263786754
8789,0.08982873248670376,0.08719356214541474,0.002635170341289017
8790,0.08454788456563792,0.0848386297473527,-0.000290745181714791
8791,0.10289536583214015,0.09804201692330458,0.00485334890883557
8792,0.08756676621627497,0.0875888568969482,-2.2090680673228502e-05
8793,0.08152080423022658,0.07983128638067376,0.0016895178495528185
8794,0.08478913835986941,0.08185111536716877,0.0029380229927006424
8795,0.08358555714694008,0.08246612183181265,0.0011194353151274261
8796,0.08672303094070581,0.08375699961885749,0.0029660313218483197
8797,0.09433338973896555,0.09083657885963352,0.003496810879332027
8798,0.0882908879745138,0.08720940525644576,0.0010814827180680442
8799,0.0832269304450329,0.08257007303634543,0.0006568574086874696
8800,0.08725684663506825,0.08698414679001185,0.0002726998450564011
8801,0.08590025396187757,0.08605492571076895,-0.00015467174889137458
8802,0.0832073709498142,0.08130469637540122,0.0019026745744129825
8803,0.08480841821366766,0.08449803150973807,0.000310386703929591
8804,0.08929207628296662,0.0848701877122467,0.004421888570719915
8805,0.08158029724684557,0.07906858798098482,0.002511709265860751
8806,0.08869170575713999,0.08815020126384578,0.0005415044932942092
8807,0.08921972820903364,0.0884718692994376,0.0007478589095960414
8808,0.089731153935422,0.08490831694033277,0.00482283699508923
8809,0.09010879036315139,0.0884383137075615,0.001670476655589892
8810,0.09492995323544323,0.09346625778923282,0.0014636954462104168
8811,0.09268257661501804,0.08771411302885372,0.004968463586164318
8812,0.09350485149030544,0.09237511816348865,0.0011297333268167897
8813,0.0857888892427333,0.0829248614614762,0.0028640277812571058
8814,0.09190941775420874,0.08679678211302633,0.005112635641182417
8815,0.08407059709844898,0.0832994564548754,0.0007711406435735868
8816,0.08555384227563591,0.08636596012483035,-0.0008121178491944381
8817,0.07831126839595616,0.0791566718042689,-0.0008454034083127393
8818,0.08173866354860351,0.08417980484346728,-0.002441141294863766
8819,0.08363730060194857,0.08115464454791349,0.0024826560540350817
8820,0.0874352891154021,0.09054830010198313,-0.0031130109865810246
8821,0.10075981034132098,0.09640555036218669,0.004354259979134287
8822,0.08758580477555225,0.08799753839298224,-0.0004117336174299935
8823,0.10266343167738651,0.09727259974609902,0.00539083193128749
8824,0.08523297490573613,0.08104789949570695,0.004185075410029174
8825,0.09210719991773049,0.08810024125764183,0.004006958660088655
8826,0.08531726382957465,0.08067337549062978,0.004643888338944871
8827,0.08563798035317206,0.08471307239865139,0.0009249079545206734
8828,0.08990656270218315,0.08663984382642789,0.0032667188757552618
8829,0.08863955438545248,0.08828397441805033,0.00035557996740215314
8830,0.09609800132212186,0.09234836752222111,0.003749633799900745
8831,0.09086473275588729,0.09270074645632932,-0.0018360137004420352
8832,0.09649327751120829,0.09246780479541081,0.004025472715797479
8833,0.08596354397231462,0.08460947953272616,0.001354064439588465
8834,0.09028832929457364,0.09255846454909855,-0.0022701352545249076
8835,0.09127932273726196,0.08881664203548764,0.002462680701774314
8836,0.09292929820718328,0.0881309602480115,0.004798337959171783
8837,0.08004546004701282,0.07849481950645693,0.0015506405405558976
8838,0.09111253863002475,0.08872277512157266,0.002389763508452089
8839,0.09269234640353961,0.0896170185074034,0.0030753278961362096
8840,0.09082771345013968,0.0919483658413407,-0.0011206523912010158
8841,0.09578308015961341,0.0923299863522348,0.0034530938073786127
8842,0.10199315557560258,0.1034992534341932,-0.0015060978585906132
8843,0.09306165639231921,0.08805829636428789,0.005003360028031326
8844,0.09538792667302234,0.09433380157937613,0.0010541250936462188
8845,0.08787646174229842,0.08513515994094628,0.002741301801352139
8846,0.08452922118254494,0.08371259268610617,0.0008166284964387649
8847,0.09431298827568904,0.09229515352369076,0.0020178347519982792
8848,0.08816232115424223,0.08762094274566759,0.0005413784085746415
8849,0.09616128835197435,0.09258702614197906,0.0035742622099952936
8850,0.0865366005376194,0.08341214000121715,0.0031244605364022515
8851,0.09068142978257673,0.08428533312611339,0.006396096656463346
8852,0.08836684167781453,0.08524041618571714,0.0031264254920973927
8853,0.09598241542668855,0.0902762309539959,0.005706184472692652
8854,0.08493560968551833,0.08382578152749871,0.0011098281580196184
8855,0.07849691074775254,0.07820453085125821,0.0002923798964943325
8856,0.08543215304475467,0.08253730192500174,0.0028948511197529336
8857,0.09776183432058065,0.09336901649629979,0.004392817824280859
8858,0.08705789377614613,0.08723314974859961,-0.00017525597245347802
8859,0.0936535817250933,0.09309532001052584,0.0005582617145674651
8860,0.09663033734561349,0.09368045745799738,0.002949879887616108
8861,0.09922248112433543,0.09884092705111801,0.0003815540732174244
8862,0.09114176059291385,0.08892653450210092,0.0022152260908129273
8863,0.09240881803713671,0.0896522145996397,0.002756603437497007
8864,0.09258187541021404,0.09145044480904227,0.0011314306011717679
8865,0.0842589070207245,0.08111752983965158,0.0031413771810729213
8866,0.09763975014865316,0.091999438993539,0.005640311155114153
8867,0.08709243772437683,0.08777744993398491,-0.0006850122096080796
8868,0.08949288875892382,0.08517784960410388,0.004315039154819941
8869,0.10414089115931668,0.09977453309106042,0.0043663580682562625
8870,0.09668106887212757,0.09646760471396415,0.00021346415816342335
8871,0.08154359884751758,0.07910942220202927,0.002434176645488312
8872,0.09263343524795349,0.08957316689597881,0.0030602683519746765
8873,0.09791150789137817,0.09620963789544855,0.0017018699959296252
8874,0.08909537714749419,0.08884903171295624,0.00024634543453794233
8875,0.09052402202393772,0.0903229567682634,0.0002010652556743292
8876,0.08811388897377091,0.0903638580738435,-0.0022499691000725935
8877,0.09583399577656843,0.09411308578320425,0.0017209099933641753
8878,0.09405376993152872,0.09502401293053608,-0.0009702429990073591
8879,0.09128972663822577,0.09070434608252112,0.0005853805557046454
8880,0.08222321277456049,0.08099720740460076,0.0012260053699597318
8881,0.09343963980108104,0.0913302635817821,0.0021093762192989363
8882,0.08771751719036577,0.08222349035024605,0.005494026840119723
8883,0.09253863221270495,0.08900620985217585,0.0035324223605291
8884,0.09090632156856689,0.09071791548345254,0.0001884060851143482
8885,0.09557835177344731,0.09124775197265318,0.00433059980079413
8886,0.0927982270405342,0.0941011432986723,-0.0013029162581380954
8887,0.0965242366673419,0.09093077933607996,0.0055934573312619446
8888,0.08013534271413818,0.07918877692953995,0.00094656578459823
8889,0.08914104437194181,0.08414829808915349,0.004992746282788327
8890,0.09028931327629719,0.09060036073376485,-0.00031104745746765583
8891,0.0882772438432007,0.0870615489449915,0.0012156948982091909
8892,0.09458220658074183,0.08978758429635664,0.004794622284385194
8893,0.0903415724236763,0.0907755037567439,-0.0004339313330675998
8894,0.08653410654073712,0.08303872779773641,0.00349537874300071
8895,0.08534168730553071,0.08742302485688286,-0.002081337551352147
8896,0.08264900598198661,0.08288986677515756,-0.0002408607931709411
8897,0.0886580955758942,0.08602204111329473,0.0026360544625994714
8898,0.0894525988730868,0.08618364531211153,0.0032689535609752712
8899,0.09096963649064473,0.08707979056512263,0.0038898459255220924
8900,0.08747407518641936,0.08501961585139182,0.0024544593350275395
8901,0.09683998523936703,0.09199038895000172,0.004849596289365307
8902,0.09379623256985949,0.09143655596019647,0.0023596766096630195
8903,0.09747021347370831,0.09338736396011468,0.0040828495135936255
8904,0.08284879786254858,0.07714827266755567,0.005700525194992909
8905,0.09240402319426842,0.0894066447475109,0.0029973784467575287
8906,0.08795523663195189,0.08330020108398434,0.004655035547967548
8907,0.0802632449541107,0.07511837879379192,0.005144866160318784
8908,0.07649204894611447,0.07436444970087398,0.0021275992452404885
8909,0.09208886376895198,0.09004460612609105,0.002044257642860925
8910,0.09406028348921061,0.0918419772604583,0.002218306228752312
8911,0.09071741807634673,0.08984739938118144,0.0008700186951652866
8912,0.09654200545687495,0.09126783668317238,0.00527416877370257
8913,0.09475887903121451,0.09209182881561798,0.002667050215596531
8914,0.07970954538082207,0.07919578204349548,0.0005137633373265976
8915,0.08683545465715034,0.08594508276868387,0.000890371888466468
8916,0.07838166812178775,0.07571790290995999,0.002663765211827762
8917,0.0876213397981443,0.08245988270159862,0.0051614570965456685
8918,0.08795657962957316,0.08405523884240575,0.0039013407871674177
8919,0.0919100950556449,0.08685023626077833,0.005059858794866576
8920,0.1115194051786638,0.11177325149100792,-0.0002538463123441248
8921,0.10322758935032415,0.10140565884754531,0.0018219305027788457
8922,0.09251904809142789,0.08741161336660072,0.0051074347248271645
8923,0.0920037292917885,0.09129865075380222,0.0007050785379862784
8924,0.08327076607111421,0.08616552942361813,-0.0028947633525039235
8925,0.08277572077878098,0.08055139217498421,0.002224328603796774
8926,0.08872192272071379,0.0869799594467425,0.0017419632739712892
8927,0.09380426530841009,0.0935037450465847,0.00030052026182539326
8928,0.09693458501741888,0.09299909179594629,0.0039354932214725885
8929,0.09340601457993473,0.09314850018648362,0.00025751439345111926
8930,0.08763341592506162,0.08527291605734527,0.0023604998677163452
8931,0.08480137067838889,0.08213745677603498,0.002663913902353904
8932,0.09449052343677275,0.0889092597578231,0.0055812636789496495
8933,0.08873954606830248,0.0830840611097543,0.005655484958548174
8934,0.09327965066013634,0.09063257127648829,0.0026470793836480544
8935,0.08865733447343847,0.08909914201951297,-0.0004418075460744936
8936,0.09457933068952633,0.09021354479030914,0.004365785899217184
8937,0.08022749956372681,0.0798772772333861,0.0003502223303407104
8938,0.10183266080352918,0.09612947125707988,0.0057031895464493
8939,0.08881050733332627,0.08445208099202105,0.004358426341305219
8940,0.09219763206655013,0.09169814928304709,0.0004994827835030358
8941,0.08606418614908276,0.0841234490499191,0.0019407370991636613
8942,0.09379500000757375,0.08884880064047146,0.004946199367102291
8943,0.09489656709788992,0.09026060443546366,0.00463596266242626
8944,0.08343628922258436,0.0841936586809822,-0.0007573694583978413
8945,0.08913166738454222,0.08605418130218483,0.003077486082357389
8946,0.07753352535622984,0.07726730250240896,0.0002662228538208855
8947,0.0920929091194389,0.08770985520690368,0.004383053912535226
8948,0.08884486687647125,0.08225659151817907,0.006588275358292178
8949,0.08826483560814866,0.08210472969612688,0.006160105912021777
8950,0.08934739475077708,0.08508488395978356,0.004262510790993518
8951,0.08902552994789106,0.08623988465495973,0.0027856452929313352
8952,0.08957639776184362,0.09117341953016178,-0.0015970217683181631
8953,0.08921494882438888,0.08673311088242487,0.0024818379419640074
8954,0.08974859186738614,0.08619491639302777,0.0035536754743583643
8955,0.08922255191807701,0.08427154283536396,0.004951009082713051
8956,0.08636231789185013,0.08245796565581884,0.0039043522360312916
8957,0.09877989308340147,0.09374454054363705,0.0050353525397644205
8958,0.08128323916388693,0.08289837257856142,-0.001615133414674494
8959,0.09574732626633671,0.09267972959221464,0.0030675966741220695
8960,0.08554019030308668,0.08056413724873926,0.0049760530543474235
8961,0.09025047324565162,0.08756077587084697,0.0026896973748046504
8962,0.08867164713083245,0.08841773024838256,0.00025391688244988386
8963,0.10244846324713774,0.10288015581920158,-0.00043169257206383815
8964,0.0998851770726694,0.09408369207281143,0.00580148499985797
8965,0.09113544699263805,0.08814646583002299,0.002988981162615062
8966,0.0935211231426732,0.09103503159301772,0.0024860915496554836
8967,0.09488307178564681,0.09445493481174064,0.00042813697390617356
8968,0.09385119319855127,0.08961077797607168,0.004240415222479588
8969,0.09040685544758321,0.08766060355432438,0.002746251893258833
8970,0.08698748506977703,0.0853349342086383,0.0016525508611387324
8971,0.08825634617383521,0.08658202534803318,0.001674320825802031
8972,0.09645065682106013,0.09334284830968576,0.003107808511374377
8973,0.08623969922215471,0.08105920762105545,0.005180491601099263
8974,0.08538280994974307,0.08369749904503739,0.0016853109047056808
8975,0.09278050466663068,0.09083942506184772,0.0019410796047829582
8976,0.10555757477238638,0.10220186333485494,0.003355711437531439
8977,0.08421831225060195,0.08207407521800911,0.0021442370325928384
8978,0.08036534194324826,0.07980404071286974,0.000561301230378522
8979,0.07975701536674314,0.0781712763680423,0.0015857389987008336
8980,0.08350342120716114,0.08203232020375803,0.0014711010034031136
8981,0.09721330295163187,0.09481436414019406,0.002398938811437809
8982,0.09788980824943729,0.09404250318616439,0.003847305063272896
8983,0.08943525417675642,0.09059947956900069,-0.0011642253922442697
8984,0.08805045832944679,0.08575301850627348,0.0022974398231733056
8985,0.10267192663443642,0.09654860605916035,0.0061233205752760644
8986,0.08410157232971176,0.08221833104854102,0.0018832412811707333
8987,0.09296637361431986,0.08890930593481601,0.0040570676795038535
8988,0.09153202629534458,0.08464981898355844,0.00688220731178614
8989,0.08996975606879672,0.08798001593007018,0.001989740138726534
8990,0.09655926233600769,0.0931149909045842,0.003444271431423493
8991,0.09483751628748548,0.0909241039541914,0.003913412333294078
8992,0.07111293097874233,0.07231169968102287,-0.0011987687022805421
8993,0.08934822845805991,0.08503856198003813,0.004309666478021779
8994,0.08690959864809472,0.08435808937318412,0.0025515092749106016
8995,0.08937434333821616,0.08447977237516509,0.00489457096305107
8996,0.08492948505162039,0.08370077365156016,0.0012287114000602284
8997,0.08732573528376755,0.08802521783613221,-0.0006994825523646553
8998,0.09041426689728571,0.09184950125248921,-0.001435234355203499
8999,0.08457775764827001,0.08543435476071927,-0.0008565971124492588
9000,0.08144084419768852,0.08213149694503626,-0.0006906527473477392
9001,0.08212792379618336,0.08430685522729138,-0.0021789314311080193
9002,0.0825325290633599,0.08107829190079627,0.0014542371625636263
9003,0.08437821610386838,0.08575579020679577,-0.0013775741029273952
9004,0.08223596700121402,0.08341408196983797,-0.0011781149686239528
9005,0.07884302670470686,0.08052385453610382,-0.001680827831396961
9006,0.09083188830473887,0.08727797987027548,0.0035539084344633903
9007,0.08522311587894643,0.08541820311743273,-0.00019508723848629672
9008,0.09042826904081265,0.08685763278802704,0.003570636252785614
9009,0.08994861423856343,0.08745847324899422,0.002490140989569206
9010,0.08572194883775178,0.08331183312253646,0.002410115715215322
9011,0.09055905306901232,0.08950643895388201,0.0010526141151303153
9012,0.0833194725273912,0.07908797543819773,0.004231497089193473
9013,0.09143652855779774,0.08672100592569403,0.004715522632103716
9014,0.0921423636886639,0.0906594153261698,0.0014829483624940881
9015,0.08658218371478019,0.0833968563118405,0.0031853274029396833
9016,0.08459685729409316,0.08215390840778411,0.0024429488863090543
9017,0.09088863159923477,0.08641932893137248,0.004469302667862288
9018,0.0988464950883321,0.09568464217211306,0.003161852916219038
9019,0.09940848871823096,0.09367256650237399,0.005735922215856976
9020,0.09305982650128423,0.09133097379110933,0.001728852710174908
9021,0.08551171023092355,0.08575888116175294,-0.0002471709308293907
9022,0.08823173533107427,0.08797397572386506,0.00025775960720920976
9023,0.09268148800449091,0.0878581504137155,0.004823337590775412
9024,0.08655444734257418,0.08609351986019348,0.0004609274823807047
9025,0.0834469755054467,0.08004445722151671,0.0034025182839299978
9026,0.09599690089669247,0.0927316515324567,0.0032652493642357644
9027,0.08804192722404673,0.0852356891622796,0.0028062380617671356
9028,0.07964717301805284,0.08289496804905441,-0.003247795031001574
9029,0.10144426549063133,0.09892915495825776,0.0025151105323735767
9030,0.07953703229405476,0.08121520319452832,-0.0016781709004735634
9031,0.08681647324078234,0.0853587740028197,0.0014576992379626424
9032,0.10118388431467751,0.09744011826267347,0.0037437660520040356
9033,0.09312215779000575,0.09175705463026934,0.001365103159736411
9034,0.09404883100437228,0.09155435842347168,0.002494472580900603
9035,0.09260557427426144,0.08967996613195504,0.002925608142306399
9036,0.08967600812622889,0.08284461081263036,0.006831397313598525
9037,0.08837828993609578,0.0883354289960649,4.286094003087826e-05
9038,0.0743703433093452,0.07859307223603629,-0.004222728926691094
9039,0.0815599869248021,0.0842594125091978,-0.002699425584395704
9040,0.07980600516022568,0.07917512186174157,0.0006308832984841112
9041,0.08457641313130387,0.08518565449924409,-0.0006092413679402164
9042,0.0853825358834785,0.08419745441876444,0.0011850814647140495
9043,0.08995895101325344,0.08943160276663459,0.0005273482466188473
9044,0.08718984587046728,0.08276670257225054,0.004423143298216747
9045,0.08950835130299671,0.08929193088865384,0.0002164204143428744
9046,0.09073117714069752,0.0894781674335377,0.0012530097071598162
9047,0.08640225006400942,0.08752282520071691,-0.0011205751367074912
9048,0.08630349731264526,0.08575711859599859,0.0005463787166466727
9049,0.08957568456306832,0.08862655890179703,0.0009491256612712828
9050,0.09008758415122754,0.09599331835074372,-0.005905734199516177
9051,0.07884036073814757,0.07481591643134856,0.004024444306799005
9052,0.08472589838163602,0.08404543271605355,0.0006804656655824692
9053,0.08564979198363626,0.08185074792743284,0.0037990440562034183
9054,0.07962127808510723,0.07766257841940012,0.0019586996657071087
9055,0.08798042641859499,0.0855455372383636,0.002434889180231395
9056,0.09617197365196216,0.09521844651651916,0.0009535271354429997
9057,0.09047742430982979,0.09297267598974811,-0.00249525167991832
9058,0.086078236706511,0.08661612671421062,-0.0005378900076996179
9059,0.09336684992186901,0.09216793112661752,0.0011989187952514968
9060,0.07786981540835379,0.07826008466294548,-0.0003902692545916936
9061,0.08868467187051354,0.08265383510735147,0.006030836763162073
9062,0.08986667775569727,0.08825302093471182,0.0016136568209854513
9063,0.0912654800599813,0.09218781419908582,-0.0009223341391045303
9064,0.08755352380501047,0.08629937930832451,0.001254144496685955
9065,0.08208693300694299,0.08082296644749865,0.0012639665594443433
9066,0.08560798712637555,0.08411284213460765,0.0014951449917678938
9067,0.09127527045438653,0.08860476026215951,0.002670510192227027
9068,0.0872261351691058,0.0858904841671121,0.0013356510019936901
9069,0.09349936333460111,0.09089483971430862,0.0026045236202924954
9070,0.08847659226072954,0.08603109109198896,0.0024455011687405798
9071,0.08954002361661836,0.08784414314965847,0.0016958804669598981
9072,0.0919091611844538,0.09051945792502679,0.0013897032594270137
9073,0.09579149900334391,0.09420060580430804,0.0015908931990358671
9074,0.08401716731619989,0.08575618009129303,-0.0017390127750931406
9075,0.08842166825943702,0.08384428100200254,0.004577387257434479
9076,0.09149809601919481,0.08960607695644486,0.0018920190627499528
9077,0.08489980966466738,0.0829861208123657,0.0019136888523016843
9078,0.08801954811331127,0.08621998860974948,0.0017995595035617817
9079,0.08480198507216191,0.08321002114367752,0.0015919639284843884
9080,0.08767810639248363,0.0891738171181224,-0.0014957107256387686
9081,0.08812820624518884,0.0868798863812364,0.001248319863952449
9082,0.09313670096304516,0.09239952959276938,0.0007371713702757771
9083,0.08542117111200602,0.08145252612580094,0.003968644986205083
9084,0.08573159023461333,0.08462231183890127,0.0011092783957120517
9085,0.08661127427998996,0.08479864509616346,0.0018126291838265057
9086,0.08792585745206699,0.08591893693980021,0.00200692051226678
9087,0.09334492921896564,0.09123976209168799,0.0021051671272776518
9088,0.10122161805686848,0.09542268424064036,0.005798933816228119
9089,0.09238402678702415,0.08787642571082116,0.004507601076202988
9090,0.09305100560009134,0.09200477777166624,0.001046227828425103
9091,0.08974262885932,0.08822591596057874,0.0015167128987412515
9092,0.09130327025141656,0.08615519475575589,0.005148075495660667
9093,0.08795592122473128,0.0861084297924197,0.001847491432311582
9094,0.08594245255734655,0.08690447494161675,-0.0009620223842702058
9095,0.08020626649822722,0.07888212463448471,0.001324141863742509
9096,0.08715931289491052,0.08698811907031395,0.00017119382459657162
9097,0.09015454939958202,0.08647507011760226,0.0036794792819797584
9098,0.08764913733828955,0.08485623766657993,0.00279289967170962
9099,0.09339043916029663,0.09297594101099513,0.000414498149301501
9100,0.09040797459139058,0.09132558994376229,-0.0009176153523717118
9101,0.09310829453363875,0.09591953370447147,-0.002811239170832716
9102,0.09291542634984643,0.09163670447641185,0.0012787218734345712
9103,0.08756061188239335,0.08600276074738744,0.0015578511350059082
9104,0.08722505402311304,0.08566301242116699,0.0015620416019460487
9105,0.09122610922007579,0.08865706533749643,0.0025690438825793638
9106,0.09309201132552433,0.08650267909856782,0.0065893322269565124
9107,0.08523195433979952,0.0817689008340586,0.003463053505740915
9108,0.09855497812553267,0.09458316316090054,0.003971814964632128
9109,0.08124343786631148,0.0826531002796843,-0.0014096624133728142
9110,0.08155490337454945,0.07815531761421002,0.003399585760339427
9111,0.09125319128139976,0.09031312534891947,0.0009400659324802912
9112,0.09362441801839493,0.09032119751557251,0.003303220502822418
9113,0.08868447352188623,0.08591037967778262,0.0027740938441036117
9114,0.0877683165075247,0.08243981745489497,0.005328499052629734
9115,0.09561419699833519,0.09613293573427566,-0.000518738735940466
9116,0.09008813864263676,0.08904079476990619,0.0010473438727305745
9117,0.09111828966061813,0.090977671063182,0.00014061859743613736
9118,0.0897426372156526,0.09074698184685384,-0.0010043446312012483
9119,0.08662187066386982,0.08491715903812709,0.001704711625742733
9120,0.0929965732614107,0.09159711004705978,0.0013994632143509156
9121,0.08788117759610885,0.08617108021725589,0.0017100973788529567
9122,0.0881693950238798,0.08547532645491036,0.002694068568969435
9123,0.08997525079868741,0.08642719587534062,0.0035480549233467967
9124,0.09150288002142498,0.09353189479493093,-0.0020290147735059494
9125,0.08748971281245163,0.08534721231064227,0.0021425005018093635
9126,0.09974378006900426,0.09464407412454379,0.005099705944460478
9127,0.08148441333376635,0.07716967948405626,0.004314733849710095
9128,0.08118176937586678,0.07995369728210285,0.0012280720937639378
9129,0.09576678081826244,0.09195355306291936,0.003813227755343082
9130,0.08730072325739986,0.08392096010183484,0.003379763155565027
9131,0.09791967007639427,0.09171647675770075,0.006203193318693512
9132,0.08942449583379575,0.08663562083529905,0.0027888749984966987
9133,0.09147769555274253,0.08754643735663133,0.003931258196111204
9134,0.08855597572188825,0.0862011859560853,0.0023547897658029587
9135,0.10077630650515158,0.09904920143129593,0.0017271050738556504
9136,0.08366029294314707,0.08207381479009679,0.001586478153050283
9137,0.09213261805507397,0.0913361952859145,0.0007964227691594772
9138,0.09496147510415476,0.09038481016450713,0.004576664939647632
9139,0.09914491376031896,0.09715399492973324,0.0019909188305857195
9140,0.0998718828514832,0.09722204905512002,0.002649833796363174
9141,0.0852257384806236,0.08474233731857814,0.0004834011620454687
9142,0.08568984830389638,0.08177197036311747,0.003917877940778913
9143,0.07854130539237357,0.08077594924702143,-0.002234643854647861
9144,0.08989319499579827,0.08744556250303825,0.0024476324927600185
9145,0.08666790740609319,0.08527430767609044,0.001393599730002748
9146,0.08262854847454748,0.0812149051159931,0.0014136433585543867
9147,0.10045185858740786,0.09477324690603087,0.005678611681376997
9148,0.08928711241194164,0.08863605201057505,0.0006510604013665877
9149,0.10076906233595809,0.09608715977251653,0.004681902563441559
9150,0.08991157041988049,0.0868493567216322,0.0030622136982482867
9151,0.07814770056735497,0.07613246740134721,0.0020152331660077544
9152,0.09218620298358536,0.08739158975700134,0.0047946132265840186
9153,0.08727628207103472,0.08625155608327457,0.0010247259877601417
9154,0.08850529391272367,0.08570976781768475,0.0027955260950389277
9155,0.09164395478781824,0.08805224576862627,0.003591709019191966
9156,0.0768186616574375,0.07549656088538269,0.0013221007720548156
9157,0.09545566198513539,0.09055305687138535,0.0049026051137500415
9158,0.08842532907092435,0.08615068779155882,0.0022746412793655246
9159,0.08635879597209582,0.08127991007051948,0.0050788859015763466
9160,0.0914724185421771,0.09060347473286695,0.0008689438093101437
9161,0.09007005737774385,0.08564452495669679,0.004425532421047054
9162,0.1056033504881201,0.10087247613101295,0.0047308743571071454
9163,0.08880015559638121,0.0886523918313629,0.0001477637650183078
9164,0.09230456952478984,0.08940360005521893,0.002900969469570913
9165,0.10283762392114235,0.10011958589760885,0.0027180380235335005
9166,0.0897540512494368,0.08995093142729516,-0.00019688017785834955
9167,0.08973060793280979,0.0852326232696335,0.004497984663176288
9168,0.08376887923689953,0.08444988537224808,-0.0006810061353485497
9169,0.08646474922418891,0.08319190939363703,0.003272839830551877
9170,0.08552457328858505,0.08461296334213847,0.0009116099464465816
9171,0.07930023049662575,0.07914725301048564,0.00015297748614011286
9172,0.08221241340493923,0.08457345267382746,-0.0023610392688882265
9173,0.08048817075169074,0.08487293709698396,-0.004384766345293223
9174,0.08558159673441973,0.08361223340825198,0.0019693633261677473
9175,0.09193383725134283,0.08906555186465041,0.0028682853866924124
9176,0.08168843041635684,0.08040047825999555,0.001287952156361294
9177,0.09188004258913302,0.08599774622976361,0.005882296359369404
9178,0.08307408556440851,0.08109534924749368,0.0019787363169148364
9179,0.0868369480501158,0.08423185028450232,0.002605097765613476
9180,0.0891117235449268,0.08751940674936522,0.0015923167955615852
9181,0.09830778726159838,0.09582748459574914,0.0024803026658492405
9182,0.09362975160601267,0.08976622452785425,0.003863527078158416
9183,0.0812785100486241,0.08202350019456153,-0.0007449901459374297
9184,0.09027998562312678,0.08760963077353522,0.0026703548495915636
9185,0.09341328131222039,0.09210048827038933,0.001312793041831059
9186,0.08862468719423831,0.0888413770529713,-0.00021668985873297963
9187,0.08007496785042155,0.07718981379567683,0.0028851540547447235
9188,0.0861769827051241,0.08661666108711788,-0.00043967838199378273
9189,0.08767066993267283,0.08802439161845951,-0.00035372168578667873
9190,0.08770854745273192,0.08648189261287043,0.0012266548398614935
9191,0.07908754278039751,0.07805719203153524,0.0010303507488622632
9192,0.09560561026547973,0.09312316743601501,0.0024824428294647205
9193,0.0860169728283827,0.08544279891290757,0.0005741739154751374
9194,0.09169109123703251,0.0879211354113827,0.003769955825649804
9195,0.07809333535622277,0.07863835092695076,-0.0005450155707279886
9196,0.09422402323192103,0.09352011972772549,0.0007039035041955383
9197,0.09529114970551518,0.09279382582568489,0.0024973238798302877
9198,0.09013144017403692,0.08896504207105342,0.0011663981029834958
9199,0.09084721155246546,0.08849089442890343,0.0023563171235620323
9200,0.07365633730018216,0.07532486141999523,-0.0016685241198130668
9201,0.08548419268161415,0.08405122553191358,0.0014329671497005786
9202,0.08639292119616881,0.0853000507705704,0.0010928704255984134
9203,0.08513669250336543,0.08071290581263603,0.004423786690729403
9204,0.09497665954966493,0.08913105105879342,0.005845608490871512
9205,0.09361267670060891,0.09038343507022975,0.0032292416303791593
9206,0.08845574698294094,0.08257293015522614,0.0058828168277147985
9207,0.09196368903076846,0.0865964583757825,0.005367230654985955
9208,0.08493276636157407,0.08269895291315146,0.0022338134484226058
9209,0.09681980121245375,0.09398631317473298,0.002833488037720766
9210,0.08321090749828564,0.08078957818475235,0.0024213293135332825
9211,0.0842558464181169,0.08494620942815428,-0.000690363010037387
9212,0.08413362286169576,0.08559233362997198,-0.0014587107682762224
9213,0.08847849816718507,0.09270536222037805,-0.004226864053192975
9214,0.0839976636986828,0.08375115807252284,0.0002465056261599652
9215,0.08308575761951455,0.07962693943284287,0.0034588181866716805
9216,0.09486132512298055,0.0930104719390979,0.0018508531838826586
9217,0.08853105934827413,0.08816734224497584,0.0003637171032982861
9218,0.09104535410977826,0.08732701190497186,0.0037183422048064074
9219,0.09159773653667394,0.08867095203478705,0.002926784501886895
9220,0.07865901836826242,0.08035324563112739,-0.0016942272628649724
9221,0.09592869889115099,0.09321229838274839,0.0027164005084026055
9222,0.08914906170116368,0.08752781724765463,0.0016212444535090575
9223,0.09948122829232298,0.0951798302053764,0.004301398086946573
9224,0.09059976224499316,0.08704219413237747,0.0035575681126156916
9225,0.09201170230974909,0.08770049252698812,0.0043112097827609636
9226,0.08362246498441733,0.0815608002822431,0.0020616647021742263
9227,0.08898837055339721,0.08553936606946422,0.0034490044839329964
9228,0.09400116064734611,0.09162454473428436,0.00237661591306175
9229,0.08028480084180048,0.08370632711995643,-0.003421526278155951
9230,0.09775798506358381,0.0962900075302076,0.0014679775333762135
9231,0.08998361804501862,0.08983652433435062,0.0001470937106679976
9232,0.07818766256723865,0.078975665058843,-0.0007880024916043504
9233,0.08960157193226569,0.08601038931635534,0.003591182615910349
9234,0.09361401119130504,0.09147209027430872,0.0021419209169963177
9235,0.09028578893312743,0.08970973597542531,0.0005760529577021195
9236,0.08880244073052483,0.08394458720551383,0.004857853525011002
9237,0.08425747991231076,0.0817787457109092,0.0024787342014015584
9238,0.0926503282575224,0.08879698862502462,0.0038533396324977737
9239,0.0751660287791701,0.07580011005299805,-0.000634081273827955
9240,0.08231673597504931,0.08336416833823758,-0.001047432363188272
9241,0.08921533755837059,0.08577311481679213,0.00344222274157846
9242,0.09748577257320862,0.09568962451307353,0.0017961480601350888
9243,0.08424751715468627,0.08591017577358928,-0.0016626586189030096
9244,0.08733211690744618,0.0860553665211777,0.0012767503862684687
9245,0.0892064627897331,0.08580936130720633,0.003397101482526768
9246,0.08887521774581164,0.0876656071919432,0.001209610553868437
9247,0.08065199544190627,0.08060205460967472,4.9940832231545884e-05
9248,0.09160167828828134,0.09233040245916399,-0.0007287241708826553
9249,0.08412106136929251,0.07908528426689776,0.005035777102394751
9250,0.08444466574155383,0.08663590720122112,-0.002191241459667287
9251,0.08393241708581684,0.08251530888859704,0.0014171081972197963
9252,0.09335196183188575,0.09255520000744255,0.0007967618244432012
9253,0.08590834285230399,0.08189266206298254,0.004015680789321449
9254,0.10080756187361713,0.09500316446559455,0.005804397408022577
9255,0.08457908888283766,0.08190575786620141,0.002673331016636249
9256,0.08153301446676119,0.07858089435702292,0.0029521201097382627
9257,0.09262609550465079,0.0925227416246045,0.00010335388004628632
9258,0.08232780003078072,0.07973565177749697,0.0025921482532837437
9259,0.09181555503861594,0.08704340542094151,0.004772149617674429
9260,0.09886680918377161,0.09575782862380862,0.00310898055996299
9261,0.09055239412945355,0.0861680104217367,0.004384383707716849
9262,0.08643102970589023,0.08293472309130104,0.0034963066145891897
9263,0.0869115523935284,0.08466998131170639,0.0022415710818220053
9264,0.09375901874535825,0.09014176614316696,0.0036172526021912843
9265,0.08198278227714509,0.0807717371648627,0.0012110451122823856
9266,0.0855717061691681,0.08523206665684069,0.0003396395123274054
9267,0.09996614442896348,0.09318721445784303,0.006778929971120451
9268,0.09712878775295096,0.09996707925478418,-0.0028382915018332205
9269,0.07991967032892112,0.08038627216608402,-0.0004666018371628916
9270,0.08490786401202965,0.08238751361898229,0.002520350393047363
9271,0.08358062668349811,0.07929855051784607,0.004282076165652043
9272,0.07621534842218718,0.07818549757350751,-0.0019701491513203356
9273,0.09064922129099384,0.08996884370107201,0.0006803775899218295
9274,0.09013400741840825,0.08385569616479494,0.0062783112536133195
9275,0.10458475264974013,0.10398382374168445,0.0006009289080556729
9276,0.08328680181409816,0.08378357258652272,-0.0004967707724245624
9277,0.08996830945184878,0.08841788236101278,0.0015504270908359985
9278,0.09585653997691941,0.0935085279758201,0.0023480120010993116
9279,0.10527214781860228,0.09965769605264051,0.005614451765961773
9280,0.10033408652831093,0.09693767850482467,0.003396408023486258
9281,0.08802596246535553,0.08833136599727075,-0.00030540353191521596
9282,0.08453131252188789,0.08179780097403176,0.0027335115478561295
9283,0.07169519871551412,0.07010436578958125,0.0015908329259328724
9284,0.08913453235930704,0.08442314179445434,0.004711390564852702
9285,0.08920407889664174,0.08928378558005305,-7.970668341131248e-05
9286,0.08702433722755665,0.08316288302884066,0.0038614541987159884
9287,0.08356969775409227,0.08337692466524081,0.00019277308885146116
9288,0.08723702822375907,0.0854790026030557,0.001758025620703374
9289,0.09123968152988984,0.08696880228577714,0.0042708792441127075
9290,0.09465480248551612,0.09288571895458494,0.0017690835309311786
9291,0.08491298587948584,0.08142985270377437,0.0034831331757114725
9292,0.09202383795760989,0.09009089292370522,0.001932945033904676
9293,0.08704838501428849,0.08726052484474787,-0.0002121398304593819
9294,0.08822675451601505,0.0846720603241768,0.0035546941918382507
9295,0.09547068250870684,0.09595802698057196,-0.0004873444718651171
9296,0.08774324924118568,0.08649852459317015,0.0012447246480155327
9297,0.09249767068028833,0.09005866305849397,0.002439007621794359
9298,0.08499165695319509,0.08835989204617843,-0.0033682350929833405
9299,0.08821345177925953,0.0849501785847195,0.003263273194540034
9300,0.09841168267877713,0.0982434558615936,0.0001682268171835366
9301,0.07843965335811198,0.07708458377870715,0.00135506957940483
9302,0.08130915482371719,0.08836969574356582,-0.007060540919848632
9303,0.08755413296656606,0.08706671249548043,0.00048742047108563114
9304,0.08235791232914746,0.08054547386220677,0.001812438466940694
9305,0.09339856588758086,0.09216597802844949,0.0012325878591313705
9306,0.09260144326079094,0.0902588022445973,0.002342641016193636
9307,0.08396362396681034,0.08516140578798692,-0.00119778182117658
9308,0.08675862954457401,0.0856578137957898,0.0011008157487842202
9309,0.09169954690234804,0.08936118930767316,0.002338357594674878
9310,0.09909188080957172,0.0938732249163535,0.005218655893218224
9311,0.09003517258966638,0.08480813666647694,0.005227035923189446
9312,0.08701103252788467,0.08738087862796559,-0.0003698461000809228
9313,0.09950959439505325,0.09907486322051218,0.0004347311745410698
9314,0.08888997906843016,0.08837715960128943,0.0005128194671407266
9315,0.10100199446026822,0.0972067171882479,0.0037952772720203226
9316,0.08541139397004505,0.08470438098791251,0.0007070129821325349
9317,0.08901278123217346,0.08441373100521855,0.004599050226954907
9318,0.08029534656408709,0.07971747240924905,0.0005778741548380373
9319,0.09060505513350961,0.08966906935291896,0.000935985780590648
9320,0.08843238243053689,0.08832340561924816,0.00010897681128872738
9321,0.07644708078284224,0.07802046635618473,-0.001573385573342495
9322,0.0938626263900566,0.09293692571379601,0.0009257006762605907
9323,0.09424906886983866,0.08978183572293187,0.004467233146906793
9324,0.08266722795753541,0.0813187686453983,0.0013484593121371041
9325,0.0999148284374038,0.09922940780201923,0.0006854206353845704
9326,0.09514462260028332,0.09460372750841448,0.0005408950918688454
9327,0.08918516766694021,0.08661900555211433,0.0025661621148258817
9328,0.08845354528340123,0.08544403586006899,0.003009509423332238
9329,0.08979347374873978,0.0845766409994374,0.005216832749302375
9330,0.08501539730122365,0.07857479715217568,0.006440600149047973
9331,0.09947576515668716,0.09480170587283959,0.004674059283847565
9332,0.082909162762696,0.07954457919848558,0.003364583564210419
9333,0.08006258619953621,0.07980560894181694,0.00025697725771926805
9334,0.08933690841630257,0.08355014325473445,0.005786765161568119
9335,0.07375938861854231,0.07241693401371989,0.0013424546048224212
9336,0.08956792329594392,0.08952843155281613,3.949174312778414e-05
9337,0.0951441922551645,0.09391485119618342,0.0012293410589810788
9338,0.08248293499980147,0.07904790402910424,0.0034350309706972365
9339,0.09432302057738849,0.09160691989898243,0.0027161006784060665
9340,0.07839899721428924,0.07833959767148237,5.939954280687054e-05
9341,0.09039373399196216,0.08718064284652527,0.003213091145436886
9342,0.09981957266952275,0.0956298138542734,0.004189758815249356
9343,0.09596701481231457,0.09310639978788063,0.002860615024433938
9344,0.09826797743755145,0.09716897107130898,0.0010990063662424665
9345,0.07642032684332661,0.07199485336021255,0.004425473483114062
9346,0.10148761306971607,0.09979953930384124,0.001688073765874834
9347,0.0952207960500711,0.09017522670522744,0.005045569344843653
9348,0.10571171269290765,0.10340146915973202,0.002310243533175632
9349,0.08496367745246594,0.08625485881306574,-0.0012911813605998024
9350,0.08189651860208336,0.0791335387933071,0.002762979808776253
9351,0.09694998999090025,0.0933692570543069,0.0035807329365933477
9352,0.09614188497920714,0.09479134662264384,0.001350538356563305
9353,0.08557101186108473,0.08404100657818919,0.0015300052828955413
9354,0.07618100779045696,0.07671950989217105,-0.0005385021017140917
9355,0.09822098359116979,0.09494316888561527,0.0032778147055545215
9356,0.08096288808303212,0.08518573691858213,-0.0042228488355500055
9357,0.09225195381750638,0.09021596458779946,0.002035989229706922
9358,0.09284838344779474,0.09019184468653492,0.002656538761259819
9359,0.08817261494106167,0.08574813882784062,0.0024244761132210524
9360,0.09095325114867314,0.09052831236182016,0.00042493878685298525
9361,0.08975975561872364,0.0891022181236016,0.0006575374951220403
9362,0.0874674212382408,0.08694783635956428,0.0005195848786765239
9363,0.0927462916996297,0.09171863052967073,0.0010276611699589627
9364,0.088224167475804,0.08565207900675281,0.002572088469051187
9365,0.0814404333370236,0.08029400421335689,0.0011464291236667062
9366,0.08453002084349759,0.080364852001608,0.004165168841889583
9367,0.08630527452072959,0.08736059772218456,-0.0010553232014549746
9368,0.08634293842208633,0.08267092471058386,0.00367201371150247
9369,0.09862624126739179,0.09816726147304794,0.00045897979434385283
9370,0.08973587991080355,0.08701362624467496,0.0027222536661285907
9371,0.06974325798976613,0.0740926507967666,-0.00434939280700046
9372,0.08680865981759696,0.08639379745264544,0.0004148623649515154
9373,0.07832244688899141,0.07674071207363503,0.001581734815356381
9374,0.09471146854553002,0.0946321988574932,7.926968803681489e-05
9375,0.08644523159810193,0.08088533065983994,0.0055599009382619885
9376,0.08436785411965282,0.07892933408836228,0.005438520031290542
9377,0.08421388286998238,0.08190809629883068,0.0023057865711516995
9378,0.08718987135191988,0.0832272377919449,0.00396263355997499
9379,0.0895207434545793,0.08777254628112197,0.0017481971734573387
9380,0.08169129220736086,0.08364220036476328,-0.0019509081574024117
9381,0.09561454359779585,0.09327877376197548,0.0023357698358203727
9382,0.08889980760819252,0.08604607607132833,0.0028537315368641902
9383,0.08437519137351936,0.08256838605274261,0.001806805320776747
9384,0.09507480008640126,0.09298051227074547,0.002094287815655793
9385,0.09474311111251445,0.09226416303654904,0.0024789480759654092
9386,0.08817344068208445,0.08652871674988148,0.0016447239322029683
9387,0.09650651387112912,0.09301307058667357,0.0034934432844555413
9388,0.08760608059928614,0.08493496188647731,0.002671118712808826
9389,0.08892962424831845,0.08677568299429764,0.002153941254020811
9390,0.08929795988887507,0.08857900716615842,0.0007189527227166453
9391,0.09276779339881418,0.09098549155459519,0.0017823018442189864
9392,0.07714193246214812,0.07412795245229374,0.0030139800098543806
9393,0.07900474853700165,0.08177288529790173,-0.0027681367609000834
9394,0.09766360874652451,0.09446757949530485,0.003196029251219659
9395,0.08621077830347336,0.08363849949007884,0.0025722788133945157
9396,0.09463819590135203,0.09257176042200442,0.0020664354793476086
9397,0.08625794945177656,0.08590395540904879,0.000353994042727776
9398,0.09033979209538051,0.09145550666994677,-0.0011157145745662594
9399,0.08666092037348593,0.08903089133234489,-0.0023699709588589635
9400,0.08246479422440793,0.0792437426214667,0.0032210516029412273
9401,0.09708241026722915,0.09294600263236472,0.0041364076348644335
9402,0.08930423035740098,0.08440368460161482,0.004900545755786162
9403,0.087929934711617,0.08679970231549229,0.0011302323961247113
9404,0.09041565957339083,0.08973264642618109,0.0006830131472097406
9405,0.09161239641241073,0.09136108608939411,0.00025131032301661804
9406,0.08063138910079067,0.08081682681113053,-0.0001854377103398669
9407,0.09090888356597508,0.09006240302465846,0.0008464805413166271
9408,0.07632566719278411,0.07491439492260421,0.0014112722701798974
9409,0.09148078132835813,0.0929728222086109,-0.0014920408802527735
9410,0.08272740170459159,0.08594899577935222,-0.0032215940747606364
9411,0.08723995456919653,0.08545972797170934,0.0017802265974871945
9412,0.09016680661399987,0.09250489394197225,-0.002338087327972388
9413,0.09290780749894988,0.08848704410839422,0.0044207633905556515
9414,0.07697449416896393,0.07654857549406993,0.00042591867489399915
9415,0.09109844292797849,0.0885405975368312,0.0025578453911472843
9416,0.0912197748779197,0.0895191343393536,0.0017006405385660978
9417,0.08080762932124143,0.08189208310320534,-0.0010844537819639094
9418,0.08538442146076805,0.08562816934708012,-0.0002437478863120679
9419,0.0907614750847387,0.08817775086624263,0.002583724218496064
9420,0.08942363283860694,0.08819455821249876,0.0012290746261081759
9421,0.09317873477232881,0.08885338112301269,0.004325353649316119
9422,0.0818865248904481,0.08299715651380753,-0.0011106316233594205
9423,0.08928212728099091,0.08563094624384579,0.0036511810371451237
9424,0.09039241137176757,0.08877879981424387,0.0016136115575236948
9425,0.08450333031116596,0.08194880223901707,0.0025545280721488844
9426,0.09309172627630928,0.0924762340756177,0.0006154922006915836
9427,0.09609389883404747,0.09155198057753043,0.004541918256517036
9428,0.08743721242056347,0.0858742109867527,0.0015630014338107734
9429,0.08733336833857508,0.08638984155807897,0.0009435267804961123
9430,0.08998525626854897,0.08641770464191341,0.003567551626635565
9431,0.08534020628448186,0.08980196756137278,-0.0044617612768909215
9432,0.08787104865709683,0.08283787614909999,0.0050331725079968415
9433,0.09170140332088972,0.08711613188721958,0.004585271433670143
9434,0.08635706907438487,0.0865182173367074,-0.00016114826232253854
9435,0.08035262530202487,0.08176868342782867,-0.0014160581258037958
9436,0.07934672506989003,0.08529194379235883,-0.005945218722468795
9437,0.08918802267147682,0.08770696193394903,0.001481060737527795
9438,0.09574702026084565,0.09450605728238902,0.0012409629784566334
9439,0.09022397757230115,0.08951472014720561,0.000709257425095533
9440,0.09294623908269657,0.09116248144874614,0.0017837576339504307
9441,0.09246642681392409,0.09032239739136193,0.0021440294225621576
9442,0.09326899736288453,0.09322915630255188,3.984106033265433e-05
9443,0.09445710060311138,0.09039166574681522,0.004065434856296166
9444,0.08383390406244479,0.0834542242015459,0.0003796798608988877
9445,0.08965635821948442,0.08601179204320387,0.0036445661762805476
9446,0.0893388897317165,0.08298966485901006,0.006349224872706435
9447,0.08712285204818086,0.08681120536721201,0.0003116466809688495
9448,0.0913678470033108,0.09055434264829501,0.0008135043550157872
9449,0.08732006299850932,0.08079682589097414,0.006523237107535176
9450,0.08391755052267909,0.08387160274392544,4.5947778753649415e-05
9451,0.09305829105033553,0.08864117778916064,0.0044171132611748876
9452,0.09195581083638683,0.08872574691465429,0.0032300639217325428
9453,0.09792499017999258,0.09468223482068622,0.0032427553593063624
9454,0.08580451451238734,0.0828462765378702,0.002958237974517136
9455,0.07377968504499623,0.07112896076657192,0.0026507242784243046
9456,0.08662302737966578,0.0832586238537582,0.0033644035259075694
9457,0.07918989827695558,0.08101573438364298,-0.0018258361066874063
9458,0.08948337607193352,0.08779753449828948,0.0016858415736440424
9459,0.08015250672906814,0.08294185553979053,-0.002789348810722389
9460,0.083293465763182,0.08331663989307612,-2.317412989412404e-05
9461,0.09129163913089089,0.08659419195324243,0.004697447177648459
9462,0.08970205287332332,0.08917690582439344,0.0005251470489298776
9463,0.09309994176412878,0.0898649417882941,0.0032349999758346792
9464,0.09720897705888194,0.09358882437492,0.003620152683961944
9465,0.09758167498378767,0.09512662085139305,0.0024550541323946212
9466,0.08649052595925927,0.08395809613969776,0.0025324298195615047
9467,0.091442911595933,0.08890307475296283,0.0025398368429701695
9468,0.09801988579701841,0.09653642870849494,0.0014834570885234738
9469,0.09454661502904761,0.09085328562293085,0.0036933294061167604
9470,0.08481497572140566,0.08235056199264072,0.002464413728764936
9471,0.07968562359222048,0.07996671788308851,-0.0002810942908680336
9472,0.08368283842397299,0.08107009022544524,0.002612748198527748
9473,0.09365477951930055,0.0941747925062159,-0.0005200129869153414
9474,0.0948452217341158,0.092154553808075,0.0026906679260408073
9475,0.09009954023428346,0.09012138030672144,-2.184007243798136e-05
9476,0.09049765110985858,0.08909090512847308,0.0014067459813855016
9477,0.0910192375843436,0.08824905411382054,0.0027701834705230605
9478,0.08640273058764222,0.08378206041242967,0.0026206701752125583
9479,0.08882590959994308,0.08786679599757226,0.0009591136023708174
9480,0.08547338148559651,0.08438758800986512,0.0010857934757313864
9481,0.09315409635790418,0.09311198317890919,4.211317899499578e-05
9482,0.08221921667191495,0.07741361920206882,0.004805597469846129
9483,0.09309622994287177,0.08978992087513807,0.003306309067733701
9484,0.08698420513029335,0.08138055317188932,0.005603651958404038
9485,0.09334710570732509,0.08977538676963037,0.003571718937694715
9486,0.09392994704518769,0.09025748841954623,0.0036724586256414588
9487,0.0811275486744306,0.07925754727782845,0.00187000139660215
9488,0.08161032874467397,0.07902127834721065,0.0025890503974633217
9489,0.10218608423829781,0.09883762108058379,0.0033484631577140184
9490,0.08506944671588555,0.0852517441319793,-0.0001822974160937546
9491,0.08658195937689823,0.08063973544066637,0.005942223936231866
9492,0.09107302023499426,0.08923511391994544,0.0018379063150488206
9493,0.08778073465741776,0.08651511190053027,0.0012656227568874912
9494,0.09536378615566717,0.0962657963461755,-0.00090201019050834
9495,0.08340056197814677,0.08180511133271186,0.001595450645434912
9496,0.09415051665236429,0.09650858622717207,-0.002358069574807775
9497,0.0950705161996639,0.09143693884499848,0.003633577354665421
9498,0.09942745809921215,0.09444892071619417,0.0049785373830179835
9499,0.09017294638596328,0.08808449306149732,0.002088453324465958
9500,0.08517112912312884,0.08386185405335467,0.0013092750697741712
9501,0.09548730221310278,0.09232403684966123,0.003163265363441553
9502,0.09327515660152526,0.09362077500541045,-0.00034561840388519505
9503,0.09935819551786508,0.09638273436318211,0.0029754611546829735
9504,0.08728446957598239,0.08463797864279235,0.0026464909331900405
9505,0.08515140757116677,0.08483200030490666,0.00031940726626010496
9506,0.08174242154343592,0.08185365540804035,-0.00011123386460443196
9507,0.08829560097503632,0.08920773616296929,-0.0009121351879329692
9508,0.07566570280685171,0.07329013083777722,0.002375571969074494
9509,0.08942339219863708,0.08858989300307625,0.0008334991955608329
9510,0.09271004636879336,0.0875001333607773,0.005209913008016057
9511,0.0885494473980315,0.08764337856889251,0.0009060688291389896
9512,0.07956755210735694,0.08143869534987323,-0.0018711432425162905
9513,0.08198594889016404,0.07800460790852135,0.0039813409816426976
9514,0.09595669625117934,0.09279176874497666,0.003164927506202675
9515,0.09599329761847213,0.09451021573680765,0.0014830818816644747
9516,0.0847577441855349,0.08790647725953653,-0.003148733074001625
9517,0.09120963960520513,0.09354941953189176,-0.0023397799266866304
9518,0.0891370407034574,0.08837429112346645,0.0007627495799909512
9519,0.08092357462518865,0.08079542065161761,0.0001281539735710352
9520,0.08536040438846655,0.08637516064726136,-0.0010147562587948106
9521,0.09017064559025309,0.08606191728777071,0.004108728302482378
9522,0.08922127538614874,0.08682535095302474,0.0023959244331240026
9523,0.08876330709028613,0.09044144554053454,-0.0016781384502484176
9524,0.07489396593620974,0.07236186195535804,0.0025321039808516993
9525,0.08267568624508183,0.08138587089677775,0.0012898153483040797
9526,0.0938330075913574,0.09309922683702762,0.0007337807543297825
9527,0.08813760521422051,0.08278088787832463,0.0053567173358958775
9528,0.08695261899347682,0.08549942912501259,0.0014531898684642386
9529,0.08713451627438064,0.08698027397487151,0.00015424229950912471
9530,0.09134891898431362,0.08935890969210299,0.0019900092922106316
9531,0.08908140677596671,0.08824740750341976,0.0008339992725469453
9532,0.09995043359790383,0.09362065077703725,0.006329782820866575
9533,0.07859474991191846,0.07749570750705304,0.0010990424048654274
9534,0.08375210253842827,0.08184168026772584,0.0019104222707024276
9535,0.09882246144644065,0.0929186941667235,0.0059037672797171425
9536,0.08424004800673365,0.08702118267587307,-0.002781134669139415
9537,0.09170264227728198,0.09029445929576954,0.0014081829815124347
9538,0.08598280241825712,0.08385249095425436,0.0021303114640027626
9539,0.08558030100338912,0.08538578150399696,0.00019451949939215674
9540,0.0925840927083818,0.09044449979953824,0.0021395929088435656
9541,0.0940069506546898,0.09084078157388567,0.0031661690808041237
9542,0.09468172489022103,0.09252906409303528,0.0021526607971857487
9543,0.09081072802649857,0.08763145733697675,0.0031792706895218265
9544,0.08972963245412094,0.08874018681874055,0.0009894456353803927
9545,0.09609809172795636,0.0914636655855312,0.004634426142425152
9546,0.09016200181778206,0.0880603377890158,0.0021016640287662564
9547,0.08651186176070466,0.08270536702638193,0.003806494734322735
9548,0.09084868799218009,0.08747378112978561,0.0033749068623944722
9549,0.09289559332288369,0.09365227444255284,-0.0007566811196691448
9550,0.09540186164929783,0.0911677680580866,0.004234093591211227
9551,0.08303566496570162,0.0809493704480985,0.0020862945176031295
9552,0.08337349976806578,0.08180300156455454,0.0015704982035112391
9553,0.09618495867314217,0.09505077218163235,0.0011341864915098143
9554,0.09060076290967319,0.08831532945262262,0.0022854334570505674
9555,0.08102041241496276,0.08535705690555802,-0.0043366444905952595
9556,0.10414969802329063,0.09965030248434112,0.004499395538949513
9557,0.08423793509669857,0.08452787243717771,-0.0002899373404791489
9558,0.08598974264629444,0.08250802641951205,0.0034817162267823942
9559,0.0786941724547463,0.07631556124079125,0.002378611213955051
9560,0.09240205578036832,0.08750273128046433,0.00489932449990399
9561,0.08893842429000583,0.08714464462526623,0.001793779664739592
9562,0.0894009899911065,0.08569453482366858,0.003706455167437922
9563,0.08638578044871562,0.08473105576239896,0.0016547246863166526
9564,0.09172128871808743,0.08914862052007104,0.002572668198016395
9565,0.08880273734811074,0.0859469667643724,0.002855770583738343
9566,0.08975748884885264,0.08557527357566501,0.004182215273187628
9567,0.08867510545925888,0.08610496798140095,0.002570137477857934
9568,0.08422338814955183,0.08063982577961985,0.0035835623699319724
9569,0.08439436561566564,0.08551615548306937,-0.0011217898674037302
9570,0.08617967594379021,0.08151788639782376,0.004661789545966452
9571,0.08389392070892136,0.08412439913446287,-0.000230478425541511
9572,0.07612007821846387,0.07660998571553945,-0.0004899074970755868
9573,0.0777507641863132,0.07775860959806727,-7.845411754067722e-06
9574,0.08265140147776981,0.0789903773597777,0.003661024117992115
9575,0.08549244344534293,0.08048303467227585,0.0050094087730670755
9576,0.0967847261308075,0.0967424261292051,4.2300001602407766e-05
9577,0.08644172732267073,0.08686806018900872,-0.00042633286633798895
9578,0.08049743187015819,0.07961721829686876,0.0008802135732894345
9579,0.09466534534259334,0.08632923291475565,0.008336112427837689
9580,0.08287965699792918,0.0821838628569156,0.0006957941410135754
9581,0.08383919680351683,0.08508644087102989,-0.0012472440675130592
9582,0.09323735909068043,0.09330990385196289,-7.254476128246146e-05
9583,0.08695007311027736,0.08715090628993914,-0.00020083317966178293
9584,0.09403979081412873,0.09157387536833478,0.0024659154457939564
9585,0.08374985057387584,0.08203612000262664,0.0017137305712491974
9586,0.08051416206021089,0.08165206957668822,-0.0011379075164773267
9587,0.0880020937961348,0.08447763898215663,0.003524454813978173
9588,0.09386261670579106,0.08960525954054759,0.004257357165243475
9589,0.08359721593877663,0.08323166381406771,0.00036555212470891496
9590,0.08754943851936395,0.08946384785921002,-0.0019144093398460738
9591,0.08889277015494436,0.08627790682811007,0.002614863326834291
9592,0.0876952629361481,0.08751751981230252,0.00017774312384558066
9593,0.10298682219143464,0.10140274747363762,0.001584074717797021
9594,0.08206480348868964,0.08184957220567061,0.00021523128301902117
9595,0.08286343956172772,0.07880754210441086,0.004055897457316854
9596,0.08538901065481912,0.08074216001824017,0.00464685063657895
9597,0.08967746690864001,0.0860136379973755,0.0036638289112645023
9598,0.095418909783524,0.09339932350344857,0.002019586280075439
9599,0.09507220863639006,0.09346891842780534,0.0016032902085847123
9600,0.08501947059392294,0.08144606328301084,0.0035734073109121023
9601,0.09426192794529949,0.0900850551684125,0.0041768727768869834
9602,0.09136035965984735,0.08623302882649211,0.005127330833355231
9603,0.08801929516232945,0.08931858865303642,-0.001299293490706968
9604,0.09449948337056657,0.09096160755586821,0.00353787581469836
9605,0.090521092202753,0.08657170211535677,0.00394939008739624
9606,0.09146969818634336,0.09131085516126818,0.00015884302507518377
9607,0.08681877162779778,0.08486796187132266,0.0019508097564751165
9608,0.08837659004593695,0.08828393753519705,9.265251073990732e-05
9609,0.08101059406594154,0.07956972221857325,0.001440871847368283
9610,0.08482177038585932,0.08052864717592274,0.004293123209936578
9611,0.0910393846617661,0.0923716980890431,-0.0013323134272769932
9612,0.09178155279760804,0.08834906176164731,0.0034324910359607302
9613,0.08542141883479648,0.08252519194402656,0.002896226890769918
9614,0.09135426393744839,0.08945793463011387,0.001896329307334521
9615,0.08724144415295265,0.08573616029647249,0.0015052838564801607
9616,0.09561281703030657,0.0911843032802999,0.004428513750006663
9617,0.09777445626363976,0.09342163398870554,0.0043528222749342205
9618,0.08936663037994436,0.08242376398834399,0.006942866391600369
9619,0.08475290880862174,0.0839571110867256,0.000795797721896141
9620,0.08498081459175288,0.08609821652860285,-0.0011174019368499627
9621,0.09010716778624174,0.08690250637915091,0.003204661407090831
9622,0.09075582035709694,0.08739912282161437,0.0033566975354825668
9623,0.08810851671597797,0.08533644004539585,0.002772076670582116
9624,0.09257993985077201,0.0881919749159247,0.004387964934847305
9625,0.0917129750222245,0.09206024510270694,-0.0003472700804824369
9626,0.08394444200854281,0.07996022397804581,0.003984218030497005
9627,0.08980887864521742,0.0867521003847279,0.003056778260489515
9628,0.08935301576519536,0.08944974565187153,-9.672988667616678e-05
9629,0.08688442811106874,0.08647588785104805,0.00040854026002068444
9630,0.09080317652358255,0.08880994389183805,0.0019932326317445015
9631,0.09042788046428349,0.08735184041255459,0.003076040051728901
9632,0.08223880685962028,0.08289380745571236,-0.0006550005960920813
9633,0.08612187927852995,0.08274365953016465,0.003378219748365302
9634,0.1075342168064986,0.10198557873434543,0.005548638072153181
9635,0.09003113697630112,0.09027945911261606,-0.0002483221363149407
9636,0.08949762139693943,0.09067932155242264,-0.0011817001554832174
9637,0.09270854441283304,0.08889487874193328,0.00381366567089976
9638,0.0958373039793715,0.09458786604141936,0.0012494379379521386
9639,0.09146501500129048,0.08732839301273788,0.004136621988552594
9640,0.08425511572645414,0.08294472932405704,0.0013103864023970985
9641,0.08640750214087914,0.08342791608221828,0.0029795860586608602
9642,0.08861384669632663,0.0898913857066572,-0.001277539010330564
9643,0.09228592454550516,0.08813891878658545,0.004147005758919714
9644,0.0875971755229625,0.08743911743174856,0.00015805809121394176
9645,0.10042475623356081,0.09702973786213172,0.0033950183714290955
9646,0.09415130052064562,0.09059969789833854,0.003551602622307082
9647,0.07852268470497839,0.07859167886695917,-6.899416198077879e-05
9648,0.0819083382500268,0.07844944377041377,0.003458894479613034
9649,0.09096789631931632,0.0863661074043005,0.0046017889150158225
9650,0.086324772194005,0.08552874936702817,0.0007960228269768277
9651,0.08975164740302505,0.08996026156948614,-0.00020861416646109077
9652,0.09299814539384961,0.09151564240023968,0.001482502993609927
9653,0.09270208544123844,0.09342616480438504,-0.0007240793631465986
9654,0.08362269513463107,0.0824553772878173,0.001167317846813773
9655,0.08621613157759779,0.08558638450428513,0.0006297470733126614
9656,0.07390802218375306,0.07816169820799199,-0.004253676024238928
9657,0.09145212878642343,0.08954065875751875,0.0019114700289046826
9658,0.08051164793216033,0.08126075239484883,-0.0007491044626884991
9659,0.09157818695683373,0.09317053998500838,-0.0015923530281746479
9660,0.08515553415753206,0.08437302521656792,0.0007825089409641411
9661,0.0750159461376851,0.07594960215652796,-0.0009336560188428628
9662,0.09028101054206661,0.09063867527098435,-0.00035766472891773926
9663,0.08611121061261405,0.08081788287837655,0.005293327734237505
9664,0.08371583567337323,0.08000515634411365,0.0037106793292595863
9665,0.08838324150932957,0.08921543823164245,-0.0008321967223128834
9666,0.08293770555669466,0.07906240410736363,0.0038753014493310284
9667,0.09789947277435004,0.09652514442566537,0.0013743283486846725
9668,0.0847208617536483,0.08037039573206033,0.004350466021587979
9669,0.09236406654012788,0.0924299098093957,-6.584326926781237e-05
9670,0.08850554400827469,0.08830110453711866,0.00020443947115603156
9671,0.07535308359944454,0.07791437373794305,-0.002561290138498512
9672,0.08242802508163688,0.08115455695195033,0.001273468129686553
9673,0.08250735254609264,0.08070041702398992,0.0018069355221027178
9674,0.09025642516032141,0.08915828289310805,0.001098142267213359
9675,0.09500545645969356,0.09508318316333227,-7.772670363870304e-05
9676,0.0834372160584836,0.08427904532571912,-0.0008418292672355138
9677,0.10319699631876224,0.10298173216490666,0.00021526415385557385
9678,0.09235932480930349,0.0912532255997461,0.0011060992095573985
9679,0.0843920064249026,0.08522164726952423,-0.0008296408446216291
9680,0.08715574665170948,0.08407382019787235,0.0030819264538371333
9681,0.08802841473546774,0.08586005750157363,0.002168357233894108
9682,0.08604074258531925,0.08355738941045274,0.0024833531748665177
9683,0.08961886555028366,0.0865542019608824,0.003064663589401259
9684,0.08510969013161661,0.08225046227263226,0.002859227858984348
9685,0.09923258186081747,0.09373908638542029,0.005493495475397181
9686,0.0905560492388793,0.09101757192413953,-0.00046152268526022944
9687,0.09909047607113378,0.0977291900065923,0.0013612860645414726
9688,0.08616417960338624,0.08368238905149379,0.002481790551892446
9689,0.08687969628700078,0.0880811216204646,-0.001201425333463818
9690,0.08485255704884509,0.08544460520405348,-0.0005920481552083856
9691,0.0901232099168209,0.08581855069222631,0.004304659224594595
9692,0.08349456120013718,0.08232955719590335,0.0011650040042338328
9693,0.08687389044340825,0.08538805617588707,0.0014858342675211772
9694,0.09749039432326047,0.09536955438579146,0.0021208399374690046
9695,0.08483152166800427,0.08587156432443525,-0.001040042656430984
9696,0.09085093769515495,0.08704242424769532,0.0038085134474596383
9697,0.09008388308302509,0.08930307871364965,0.000780804369375443
9698,0.08386762895391515,0.08199473722947856,0.0018728917244365956
9699,0.09586223548247132,0.09097195122400972,0.004890284258461594
9700,0.0915400883796906,0.08373630658893087,0.007803781790759731
9701,0.09455216694925175,0.09283638242488458,0.0017157845243671727
9702,0.08493278128321624,0.08717447748262719,-0.0022416961994109474
9703,0.08778774889964498,0.08611471743502494,0.0016730314646200423
9704,0.09320725548996545,0.09030950527328421,0.002897750216681233
9705,0.08969210171228689,0.08621837253724784,0.0034737291750390475
9706,0.09360008704212466,0.09038287649333644,0.0032172105487882213
9707,0.08296113538724666,0.08417956478772441,-0.0012184294004777552
9708,0.08751174405958492,0.08535540890694454,0.0021563351526403818
9709,0.09304042027739347,0.0887644222067098,0.00427599807068367
9710,0.07624407371302053,0.07783400982149921,-0.0015899361084786845
9711,0.08914779769202244,0.08919494265286589,-4.714496084344544e-05
9712,0.08436018769604192,0.08337895961110148,0.0009812280849404442
9713,0.08818625164348151,0.08676953871017876,0.001416712933302755
9714,0.10302342761907857,0.09995243544074574,0.0030709921783328292
9715,0.09505566493000357,0.09213279934508514,0.00292286558491843
9716,0.08829420682498232,0.0875022769177744,0.0007919299072079167
9717,0.09307944806193472,0.09069840650205616,0.0023810415598785606
9718,0.09180018017487108,0.09069125499895843,0.0011089251759126562
9719,0.08305405016485304,0.07759053659241014,0.005463513572442902
9720,0.09044417872213377,0.08962952745607149,0.0008146512660622829
9721,0.09097601102044682,0.08983630277498458,0.001139708245462237
9722,0.09055174216600892,0.09085535159306195,-0.0003036094270530282
9723,0.08041071176408171,0.07845482946738458,0.001955882296697131
9724,0.09067014618427538,0.08589790108451625,0.004772245099759126
9725,0.08345141277846044,0.08232735625707957,0.0011240565213808673
9726,0.08407139522288848,0.08109137225548106,0.002980022967407417
9727,0.09244310103818221,0.0879298699288228,0.004513231109359403
9728,0.0784029757055208,0.07959398873586143,-0.0011910130303406374
9729,0.10673162930357342,0.10281513473259224,0.0039164945709811855
9730,0.08889952107770842,0.08511616332793427,0.0037833577497741466
9731,0.09329360195557164,0.08843056791124902,0.004863034044322617
9732,0.07674300444559311,0.07971160766954281,-0.002968603223949706
9733,0.09076000845071562,0.08708560113173558,0.0036744073189800414
9734,0.0895592473585383,0.08596132439361286,0.0035979229649254485
9735,0.07650210403902531,0.07675914718232675,-0.0002570431433014386
9736,0.08152438009200269,0.07651141131253879,0.005012968779463903
9737,0.08702868699117655,0.08443393068614566,0.002594756305030893
9738,0.09378544279226693,0.09508817857535404,-0.0013027357830871084
9739,0.09130228338408095,0.09137798536802531,-7.570198394436789e-05
9740,0.08410474074375876,0.08102846621275067,0.0030762745310080886
9741,0.09998987466905702,0.09695339512605217,0.003036479543004858
9742,0.08843320488106672,0.08512895329410286,0.0033042515869638606
9743,0.0879760670229974,0.0869086207163633,0.0010674463066341067
9744,0.08800474859915727,0.08474386493202495,0.0032608836671323277
9745,0.08359030932926834,0.0836723715162376,-8.206218696926726e-05
9746,0.0860807130685623,0.08336322720727866,0.0027174858612836333
9747,0.09943481381049177,0.09323223848959605,0.006202575320895715
9748,0.08162988160173694,0.07777031372950145,0.0038595678722354865
9749,0.08958662850167878,0.0898025302890016,-0.0002159017873228225
9750,0.08973074994084344,0.08758885732966903,0.002141892611174409
9751,0.10253162979310408,0.09829430352721225,0.004237326265891836
9752,0.08039100376218684,0.08155500830380322,-0.001164004541616373
9753,0.09122068202859755,0.08803557104850936,0.003185110980088196
9754,0.09536458687910025,0.09029267118793576,0.005071915691164497
9755,0.09908598086997655,0.09490377844141314,0.004182202428563417
9756,0.08373426885887134,0.08309097380180212,0.0006432950570692125
9757,0.09459773986096359,0.08855990016922849,0.006037839691735103
9758,0.08653382522680378,0.08504552326685652,0.001488301959947258
9759,0.08847134981997212,0.0888138179195545,-0.00034246809958238256
9760,0.08428234725633962,0.08517856246626593,-0.0008962152099263043
9761,0.09332992671736769,0.09466260075494153,-0.0013326740375738388
9762,0.08503788335964364,0.083213487518662,0.001824395840981638
9763,0.09204717672353886,0.08971771306919311,0.002329463654345748
9764,0.08145845502309322,0.07992770397779682,0.0015307510452964024
9765,0.09718037059091825,0.09537704882216205,0.0018033217687561942
9766,0.08817204870509615,0.08340504942428859,0.004766999280807566
9767,0.09573865945247159,0.09041516393614797,0.00532349551632362
9768,0.08455118632382583,0.0773015469342237,0.0072496393896021305
9769,0.0787219361008671,0.07548099959213875,0.003240936508728351
9770,0.09757749243310138,0.09543708784472132,0.0021404045883800515
9771,0.08085560726965091,0.07809181259521965,0.002763794674431261
9772,0.08549382017713736,0.08191375743215096,0.003580062744986401
9773,0.09521554098673958,0.09317503183853147,0.0020405091482081084
9774,0.0923276903475459,0.09211358984437545,0.0002141005031704446
9775,0.09475122492940385,0.08918893172142063,0.005562293207983224
9776,0.09620155833866571,0.09218415270817952,0.004017405630486193
9777,0.08698706999557407,0.08297940945277471,0.004007660542799357
9778,0.07251579914046417,0.07477424486080682,-0.0022584457203426445
9779,0.09550512166883368,0.09406662329997614,0.0014384983688575381
9780,0.08138638359441218,0.07870530884279928,0.0026810747516129024
9781,0.08311687323770976,0.08228697093222588,0.0008299023054838817
9782,0.09477475434826893,0.09108946225228694,0.003685292095981993
9783,0.09420218185352751,0.0921950310068987,0.002007150846628808
9784,0.09123386795714132,0.08896198911529796,0.002271878841843364
9785,0.09090122945103474,0.08795990720296744,0.002941322248067299
9786,0.0892266482555446,0.08778812166353318,0.0014385265920114215
9787,0.0866117083964543,0.08546693313694897,0.0011447752595053207
9788,0.09526143233422919,0.09260929719826354,0.0026521351359656553
9789,0.09473872309089078,0.0946252027564636,0.00011352033442717235
9790,0.1047943147915592,0.10311910385207322,0.0016752109394859854
9791,0.08393742285043261,0.08520625823150875,-0.0012688353810761388
9792,0.09105890615475312,0.08951944000980068,0.0015394661449524422
9793,0.08449664245837962,0.08192617748262745,0.002570464975752168
9794,0.09369598503042233,0.09278000311080356,0.0009159819196187663
9795,0.09005975527706672,0.08629201003935921,0.0037677452377075094
9796,0.08184547200529317,0.07994106039799405,0.0019044116072991224
9797,0.08117067874247588,0.0801992721853192,0.000971406557156676
9798,0.08766413467133144,0.0857779242834261,0.001886210387905346
9799,0.09466530075932135,0.09169122792167572,0.0029740728376456277
9800,0.09438039302471109,0.09309611297231785,0.0012842800523932413
9801,0.09543520968936064,0.09228278421439544,0.0031524254749652064
9802,0.08437978195001303,0.08393076224717017,0.0004490197028428622
9803,0.08350140674244098,0.0840609068159122,-0.0005595000734712197
9804,0.0960301870199988,0.09056668523140986,0.00546350178858894
9805,0.09597644038662957,0.0933228527480093,0.0026535876386202667
9806,0.07432717744841975,0.0751701110086786,-0.0008429335602588434
9807,0.08970648099371595,0.08903539719373114,0.0006710837999848035
9808,0.08638494100273794,0.08822027381753195,-0.0018353328147940051
9809,0.09461925021252215,0.09062786334431525,0.003991386868206909
9810,0.0858466820097036,0.08640377992230967,-0.0005570979126060666
9811,0.07860438942620857,0.0808464540278762,-0.0022420646016676343
9812,0.08869128826689439,0.08522419102109433,0.003467097245800063
9813,0.09426955576876056,0.09286871867826403,0.001400837090496529
9814,0.08020906755604372,0.08245770813271208,-0.002248640576668362
9815,0.10052963042173978,0.09497683365229752,0.005552796769442259
9816,0.08964117679167527,0.08585394239768818,0.0037872343939870934
9817,0.08694749596821856,0.08610736392938541,0.0008401320388331524
9818,0.0859420582524415,0.08188376228282068,0.004058295969620818
9819,0.08919600324100159,0.08748905045658417,0.0017069527844174176
9820,0.07831646150015864,0.0790207780795214,-0.0007043165793627626
9821,0.08999649878144882,0.08856645878936506,0.0014300399920837564
9822,0.08881427025551415,0.08787123048427865,0.0009430397712354988
9823,0.08151968545964144,0.07923561205930561,0.0022840734003358315
9824,0.08434061114146064,0.07998368896610081,0.004356922175359837
9825,0.09047348714895821,0.08649030807773145,0.003983179071226764
9826,0.09612966898962727,0.09574002238783964,0.0003896466017876271
9827,0.08373650610391864,0.08416356105047759,-0.0004270549465589524
9828,0.08542857847905017,0.080832095964517,0.004596482514533165
9829,0.09468072199302252,0.0898759041563708,0.004804817836651723
9830,0.07384445808422929,0.0724181738568168,0.0014262842274124915
9831,0.08277022511424535,0.08011504544213457,0.0026551796721107773
9832,0.07642071627878591,0.07413457974812093,0.0022861365306649784
9833,0.0902379856392687,0.08588771909870625,0.0043502665405624474
9834,0.0928591237557224,0.09022715653126402,0.0026319672244583814
9835,0.10324208547930122,0.09938150300707661,0.003860582472224608
9836,0.09059697442682292,0.0871704702818019,0.00342650414502102
9837,0.08089673499597098,0.08000784400777157,0.0008888909881994145
9838,0.09274418658178506,0.08949170936463939,0.003252477217145666
9839,0.077488693495587,0.07881954132389536,-0.0013308478283083625
9840,0.0919810486703061,0.09344999643132404,-0.0014689477610179413
9841,0.08743419743600114,0.08651876409159427,0.0009154333444068713
9842,0.09210575756221134,0.09090251937343549,0.0012032381887758514
9843,0.10497495514569115,0.10061589950383171,0.004359055641859441
9844,0.09197975074226106,0.08847317417493715,0.0035065765673239074
9845,0.08985814695604233,0.08496876563428209,0.004889381321760242
9846,0.08952629032899072,0.0902731732601306,-0.0007468829311398778
9847,0.09178182221475652,0.09359305085167817,-0.0018112286369216524
9848,0.07904412249718075,0.07792186552249313,0.0011222569746876243
9849,0.09710561714663002,0.09202689789310707,0.005078719253522948
9850,0.0957815475714014,0.0964486398315015,-0.0006670922601001023
9851,0.0837829513003599,0.08092863294410844,0.0028543183562514535
9852,0.08049746745298018,0.07914181341764419,0.0013556540353359958
9853,0.0880177295682642,0.0884956774585168,-0.0004779478902526002
9854,0.07982205626915342,0.08010535603233601,-0.0002832997631825873
9855,0.09592055906027619,0.0938547088678793,0.002065850192396884
9856,0.09334544240593332,0.09206060837290908,0.0012848340330242347
9857,0.08409772655301405,0.08454695997173428,-0.00044923341872023237
9858,0.08492722629149656,0.08245062260876686,0.0024766036827297
9859,0.08280134506607573,0.07972725412577239,0.0030740909403033367
9860,0.09951205259820223,0.09843086662645958,0.001081185971742643
9861,0.09630051626159317,0.09332413934573093,0.002976376915862236
9862,0.09277549007476037,0.0901110382098099,0.0026644518649504706
9863,0.09420156997350779,0.09328936451309683,0.0009122054604109586
9864,0.09001587654790225,0.08624065290381383,0.0037752236440884157
9865,0.0974763576428155,0.09368449278105101,0.003791864861764485
9866,0.08696807674253247,0.08214837584095198,0.004819700901580487
9867,0.0882396733043653,0.08387410675629382,0.004365566548071478
9868,0.08938018714259728,0.08734037290431826,0.0020398142382790224
9869,0.07980511373518157,0.08159547152482902,-0.001790357789647451
9870,0.09591983989961478,0.09092260626951142,0.004997233630103362
9871,0.08359370952811536,0.08412223716805,-0.0005285276399346339
9872,0.09056614937257587,0.09161716691833294,-0.0010510175457570659
9873,0.08341146734676069,0.07794539858492686,0.005466068761833837
9874,0.09649043423844833,0.09325838114788648,0.0032320530905618483
9875,0.08581643630133638,0.08304055953909033,0.0027758767622460545
9876,0.08376272778656209,0.08527931614899985,-0.0015165883624377596
9877,0.08859793126205046,0.08491577422428191,0.0036821570377685436
9878,0.08718283333342666,0.08479147640262284,0.00239135693080382
9879,0.08202278055187862,0.07842940318195547,0.0035933773699231425
9880,0.08843350180324488,0.08685681394211626,0.00157668786112862
9881,0.09922193999175702,0.09537886746906614,0.0038430725226908796
9882,0.08724019103291855,0.08879466157947699,-0.0015544705465584396
9883,0.09445452882350622,0.0920291072214671,0.002425421602039124
9884,0.09835442586067854,0.09529121085671803,0.0030632150039605066
9885,0.08583454296633436,0.08272139628877549,0.0031131466775588673
9886,0.07624523776767435,0.07669695783348664,-0.00045172006581228885
9887,0.09538803818286143,0.09325907903639846,0.0021289591464629665
9888,0.09748640129831643,0.09608651486147803,0.0013998864368384017
9889,0.08832376174680481,0.08647488121220469,0.0018488805346001252
9890,0.077938653079503,0.07898606142210163,-0.0010474083425986297
9891,0.08411414671081642,0.08624772076645404,-0.0021335740556376187
9892,0.0846204559996496,0.08101131151162796,0.0036091444880216317
9893,0.09404135399467992,0.09387300918199074,0.00016834481268918067
9894,0.09695915791032768,0.09590517117691749,0.0010539867334101866
9895,0.09536829570996097,0.09145209676887821,0.003916198941082763
9896,0.0777755890405513,0.07729172942878242,0.0004838596117688887
9897,0.0891186248083376,0.08470172070297463,0.004416904105362968
9898,0.08719961343191547,0.0865656917301935,0.0006339217017219678
9899,0.08833059256382107,0.08660901755868854,0.0017215750051325363
9900,0.09478625664655468,0.08984281525159561,0.004943441394959072
9901,0.08977763417445582,0.08653678327520076,0.0032408508992550628
9902,0.10400541804622439,0.09946737995687852,0.004538038089345872
9903,0.09267972780933814,0.088749994786097,0.003929733023241136
9904,0.09587534327188939,0.09013396083991582,0.005741382431973571
9905,0.1038046382451146,0.10036822180266634,0.0034364164424482563
9906,0.08637960690738133,0.08453059069032773,0.0018490162170536062
9907,0.08982774233168399,0.08793225040365706,0.0018954919280269322
9908,0.09497660884549353,0.09046718280226972,0.00450942604322381
9909,0.08548485276288226,0.08542402922532231,6.082353755994252e-05
9910,0.09883057241302827,0.09660529048282969,0.0022252819301985804
9911,0.08552999099893081,0.08742294643386637,-0.0018929554349355615
9912,0.09687280331109183,0.09451518835078068,0.002357614960311144
9913,0.09367084410206752,0.0921900446188781,0.001480799483189424
9914,0.09112772161631023,0.09159672504649348,-0.00046900343018324575
9915,0.08764572505815828,0.08719617406264317,0.0004495509955151078
9916,0.0760014251913753,0.07606020616193108,-5.878097055578291e-05
9917,0.08933844621473211,0.08752441985530937,0.001814026359422738
9918,0.08790916884909447,0.08717187245168768,0.0007372963974067864
9919,0.09436823670436638,0.09067038611799037,0.003697850586376006
9920,0.08190401298409357,0.07659631143103407,0.005307701553059499
9921,0.08992989809018218,0.08796960029350662,0.0019602977966755586
9922,0.09698006295843993,0.09422241500103667,0.002757647957403256
9923,0.09545060066870782,0.08996441789614054,0.00548618277256728
9924,0.07280150507836147,0.07289580567430776,-9.430059594628393e-05
9925,0.08289272224476588,0.08540751338758056,-0.002514791142814679
9926,0.08214449646506562,0.08303542794395843,-0.0008909314788928119
9927,0.09088083280697354,0.08977652592735039,0.0011043068796231514
9928,0.08396285111973315,0.08327504349778204,0.0006878076219511003
9929,0.08629375348858777,0.08960553050882998,-0.0033117770202422125
9930,0.07598698110828457,0.0756653138357579,0.0003216672725266656
9931,0.07899138165006665,0.07603406621461871,0.0029573154354479436
9932,0.09386489295878868,0.09098713933355271,0.002877753625235971
9933,0.08271328258387214,0.08116210451667098,0.0015511780672011616
9934,0.08945979491097039,0.0865842932745602,0.002875501636410191
9935,0.09618648195523535,0.09408755134871724,0.0020989306065181124
9936,0.0869515101340444,0.08723335622800482,-0.00028184609396042504
9937,0.08958193825113958,0.0877299408376609,0.001851997413478676
9938,0.08484089967938374,0.08344783976451099,0.001393059914872749
9939,0.09375346436254693,0.09070212567114662,0.0030513386914003127
9940,0.08627306015024166,0.08490472114917362,0.0013683390010680446
9941,0.09709561410128141,0.09528378004131058,0.0018118340599708321
9942,0.08885275007838327,0.08831954752845744,0.0005332025499258236
9943,0.08529240772614748,0.08315107002394227,0.002141337702205204
9944,0.08136104876753107,0.08313056161639576,-0.0017695128488646877
9945,0.08748822285459386,0.08397165197800155,0.0035165708765923093
9946,0.08203491390249171,0.0816714865990851,0.0003634273034066049
9947,0.09434396816641019,0.09374422657796427,0.0005997415884459179
9948,0.09613941407808994,0.09371501035967297,0.0024244037184169703
9949,0.08657519112072663,0.08331378470908486,0.0032614064116417707
9950,0.08842687306699115,0.08595032542486089,0.0024765476421302612
9951,0.0912329689401682,0.09000842051006239,0.001224548430105818
9952,0.09681589138108047,0.09698313660283754,-0.00016724522175706746
9953,0.08418067495543644,0.08640124970328947,-0.0022205747478530324
9954,0.09865995521252838,0.09525342584941976,0.003406529363108618
9955,0.08176780629210757,0.0826038479221035,-0.0008360416299959261
9956,0.09375117331857301,0.09428056782329997,-0.0005293945047269571
9957,0.08870331517026453,0.08794556033730534,0.0007577548329591871
9958,0.09054579757878572,0.0904900800395524,5.5717539233321456e-05
9959,0.09760678946977087,0.09239799785995541,0.005208791609815466
9960,0.0967684943269478,0.09517921102591366,0.001589283301034139
9961,0.09400733495402337,0.0944264280139417,-0.00041909305991832957
9962,0.09052573900431943,0.08734899455260751,0.003176744451711913
9963,0.08563770865208202,0.08636878628694714,-0.0007310776348651155
9964,0.08193803626180471,0.08143849021721603,0.0004995460445886835
9965,0.09666429129066856,0.09431858910153318,0.002345702189135379
9966,0.09576618428276919,0.09603001085678985,-0.0002638265740206591
9967,0.0924110468499543,0.08889629950478788,0.003514747345166422
9968,0.09166569232831405,0.08992899033983402,0.0017367019884800272
9969,0.07770721802288899,0.07849602863500946,-0.0007888106121204663
9970,0.08865525243128511,0.08435262805072347,0.004302624380561643
9971,0.09310692169773413,0.09324393608203392,-0.00013701438429979118
9972,0.08910588929749347,0.08504281802883722,0.0040630712686562515
9973,0.0905163103236745,0.08833601188617449,0.0021802984375000195
9974,0.09047731189048681,0.08566092886088052,0.004816383029606297
9975,0.09145733447389989,0.08564196947124465,0.00581536500265524
9976,0.08176349151491939,0.07989453878631422,0.0018689527286051694
9977,0.09194858360472792,0.09067398398853609,0.001274599616191835
9978,0.07849615186248139,0.0840913025754643,-0.005595150712982902
9979,0.08357185494439963,0.08138481832882241,0.0021870366155772175
9980,0.08061235306105656,0.07912013985721937,0.0014922132038371894
9981,0.09714675446922856,0.09172166447856238,0.005425089990666182
9982,0.08121311897450964,0.0781656511382842,0.0030474678362254343
9983,0.09110888590638196,0.08895059038954098,0.0021582955168409773
9984,0.0799284687262846,0.0777904200176963,0.0021380487085883026
9985,0.08459116950535421,0.08200437766363902,0.0025867918417151886
9986,0.08411307609343668,0.07988655285421188,0.0042265232392248026
9987,0.09425836524687191,0.08821620492979013,0.006042160317081782
9988,0.08025220032823167,0.07797951384263242,0.0022726864855992512
9989,0.08104385427692674,0.07805090544420736,0.0029929488327193887
9990,0.08992705252733163,0.08770538365992624,0.0022216688674053936
9991,0.08319545963776256,0.0774784893942496,0.005716970243512962
9992,0.09210612044853118,0.09098693209594373,0.0011191883525874524
9993,0.09756122329992843,0.09391456500288793,0.0036466582970405004
9994,0.09933304758131886,0.09614140303849183,0.003191644542827027
9995,0.08725638016517692,0.08367920956001307,0.003577170605163854
9996,0.08738942933650502,0.08444501130558466,0.0029444180309203677
9997,0.08681192717396748,0.08588188610263063,0.0009300410713368457
9998,0.09330034254018763,0.08932667115465388,0.003973671385533742
9999,0.08884545910766568,0.08448903480569357,0.004356424301972112
